run_ts_utc,match_key,match_date_utc,league,bo_format,team1,team2,proba_team1,proba_team2,last_proba_team1,last_proba_team2,model_info,status,used_team1,used_team2,roster1_size,roster2_size,as_of,league_like,debug_error,symmetry_check,order_key,flip_applied
2025-10-20 14:32:20+00:00,EMEA Masters|Karmine Corp Blue|Los Ratones|2025-10-20T16:00:00+00:00,2025-10-20T16:00:00+00:00,EMEA Masters,BO5,Karmine Corp Blue,Los Ratones,0.7133294780013598,0.2866705219986402,0.7133294780013598,0.2866705219986402,CalibratedClassifierCV,ok,Karmine Corp,Los Grandes,5.0,5.0,2025-10-20,EMEA MASTERS,ValueError: Roster vide : impossible d'agréger les features.,skipped,Karmine Corp|Los Grandes,no
2025-10-21 07:37:48+00:00,EMEA Masters|Los Heretics|Unicorns of Love Sexy Edition|2025-10-21T16:00:00+00:00,2025-10-21T16:00:00+00:00,EMEA Masters,BO5,Los Heretics,Unicorns of Love Sexy Edition,0.5,0.5,0.5,0.5,BetaCalibratedWrapper,no_roster:Los Heretics+Unicorns of Love Sexy Edition,Los Heretics,Unicorns of Love Sexy Edition,0.0,0.0,2025-10-21,EMEA MASTERS,,skipped,,
2025-10-21 07:37:48+00:00,Worlds|CTBC Flying Oyster|Hanwha Life Esports|2025-10-22T08:00:00+00:00,2025-10-22T08:00:00+00:00,Worlds,BO3,CTBC Flying Oyster,Hanwha Life Esports,0.8554281311636449,0.1445718688363551,0.8554281311636449,0.1445718688363551,BetaCalibratedWrapper,ok,CTBC Flying Oyster,Hanwha Life Esports,5.0,5.0,2025-10-22,WLDs,,ok,CTBC Flying Oyster|Hanwha Life Esports,no
2025-10-21 07:37:48+00:00,Worlds|G2 Esports|FlyQuest|2025-10-22T11:00:00+00:00,2025-10-22T11:00:00+00:00,Worlds,BO3,G2 Esports,FlyQuest,0.2735021310904099,0.7264978689095901,0.2735021310904099,0.7264978689095901,BetaCalibratedWrapper,ok,G2 Esports,FlyQuest,5.0,5.0,2025-10-22,WLDs,,ok,FlyQuest|G2 Esports,yes
2025-10-21 07:37:48+00:00,Worlds|Movistar KOI|Team Secret Whales|2025-10-23T08:00:00+00:00,2025-10-23T08:00:00+00:00,Worlds,BO3,Movistar KOI,Team Secret Whales,0.7387130212370113,0.2612869787629887,0.7387130212370113,0.2612869787629887,BetaCalibratedWrapper,ok,Movistar KOI,Team Secret Whales,5.0,5.0,2025-10-23,WLDs,,ok,Movistar KOI|Team Secret Whales,no
2025-10-21 07:37:48+00:00,Worlds|Gen.G Esports|TOPESPORTS|2025-10-23T11:00:00+00:00,2025-10-23T11:00:00+00:00,Worlds,BO3,Gen.G Esports,TOPESPORTS,0.9215698255281464,0.0784301744718535,0.9215698255281464,0.0784301744718535,BetaCalibratedWrapper,ok,Gen.G,Top Esports,5.0,5.0,2025-10-23,WLDs,,ok,Gen.G|Top Esports,no
2025-10-21 07:37:48+00:00,Worlds|BILIBILI GAMING DREAMSMART|Vivo Keyd Stars|2025-10-24T08:00:00+00:00,2025-10-24T08:00:00+00:00,Worlds,BO3,BILIBILI GAMING DREAMSMART,Vivo Keyd Stars,0.8930545168814604,0.1069454831185395,0.8930545168814604,0.1069454831185395,BetaCalibratedWrapper,ok,Bilibili Gaming,Vivo Keyd Stars,5.0,5.0,2025-10-24,WLDs,,ok,Bilibili Gaming|Vivo Keyd Stars,no
2025-10-21 07:37:48+00:00,Worlds|100 Thieves|T1|2025-10-24T11:00:00+00:00,2025-10-24T11:00:00+00:00,Worlds,BO3,100 Thieves,T1,0.834849900201991,0.165150099798009,0.834849900201991,0.165150099798009,BetaCalibratedWrapper,ok,100 Thieves,T1,5.0,5.0,2025-10-24,WLDs,,ok,100 Thieves|T1,no
1970-01-01 00:00:00+00:00,Worlds|CTBC Flying Oyster|FlyQuest|2025-10-25T05:00:00+00:00,2025-10-25T05:00:00+00:00,Worlds,BO3,CTBC Flying Oyster,FlyQuest,0.9200888708532092,0.0799111291467908,0.8554281311636449,0.7264978689095901,BetaCalibratedWrapper,ok,CTBC Flying Oyster,FlyQuest,5.0,5.0,2025-10-25,WLDs,,ok,CTBC Flying Oyster|FlyQuest,no
2025-10-21 07:37:48+00:00,Worlds|TBD|TBD|2025-10-25T05:00:00+00:00,2025-10-25T05:00:00+00:00,Worlds,BO3,TBD,TBD,0.5,0.5,0.5,0.5,BetaCalibratedWrapper,no_roster:TBD+TBD,TBD,TBD,0.0,0.0,2025-10-25,WLDs,,skipped,,
1970-01-01 00:00:00+00:00,Worlds|BILIBILI GAMING DREAMSMART|TOPESPORTS|2025-10-25T08:00:00+00:00,2025-10-25T08:00:00+00:00,Worlds,BO3,BILIBILI GAMING DREAMSMART,TOPESPORTS,0.8482914387039998,0.1517085612960002,0.8930545168814604,0.0784301744718535,BetaCalibratedWrapper,ok,Bilibili Gaming,Top Esports,5.0,5.0,2025-10-25,WLDs,,ok,Bilibili Gaming|Top Esports,no
2025-10-21 07:37:48+00:00,Worlds|TBD|TBD|2025-10-25T08:00:00+00:00,2025-10-25T08:00:00+00:00,Worlds,BO3,TBD,TBD,0.5,0.5,0.5,0.5,BetaCalibratedWrapper,no_roster:TBD+TBD,TBD,TBD,0.0,0.0,2025-10-25,WLDs,,skipped,,
1970-01-01 00:00:00+00:00,Worlds|Movistar KOI|T1|2025-10-25T11:00:00+00:00,2025-10-25T11:00:00+00:00,Worlds,BO3,Movistar KOI,T1,0.710330686103006,0.289669313896994,0.7387130212370113,0.165150099798009,BetaCalibratedWrapper,ok,Movistar KOI,T1,5.0,5.0,2025-10-25,WLDs,,ok,Movistar KOI|T1,no
2025-10-21 07:37:48+00:00,Worlds|TBD|TBD|2025-10-25T11:00:00+00:00,2025-10-25T11:00:00+00:00,Worlds,BO3,TBD,TBD,0.5,0.5,0.5,0.5,BetaCalibratedWrapper,no_roster:TBD+TBD,TBD,TBD,0.0,0.0,2025-10-25,WLDs,,skipped,,
1970-01-01 00:00:00+00:00,Worlds|Hanwha Life Esports|Gen.G Esports|2025-10-28T07:00:00+00:00,2025-10-28T07:00:00+00:00,Worlds,BO5,Hanwha Life Esports,Gen.G Esports,0.5251749788940157,0.4748250211059843,0.1445718688363551,0.9215698255281464,BetaCalibratedWrapper,ok,Hanwha Life Esports,Gen.G,5.0,5.0,2025-10-28,WLDs,,ok,Gen.G|Hanwha Life Esports,yes
2025-10-21 07:37:48+00:00,Worlds|TBD|TBD|2025-10-28T07:00:00+00:00,2025-10-28T07:00:00+00:00,Worlds,BO5,TBD,TBD,0.5,0.5,0.5,0.5,BetaCalibratedWrapper,no_roster:TBD+TBD,TBD,TBD,0.0,0.0,2025-10-28,WLDs,,skipped,,
2025-10-21 07:37:48+00:00,Worlds|TBD|TBD|2025-10-29T07:00:00+00:00,2025-10-29T07:00:00+00:00,Worlds,BO5,TBD,TBD,0.5,0.5,0.5,0.5,BetaCalibratedWrapper,no_roster:TBD+TBD,TBD,TBD,0.0,0.0,2025-10-29,WLDs,,skipped,,
1970-01-01 00:00:00+00:00,Worlds|kt Rolster|CTBC Flying Oyster|2025-10-29T07:00:00+00:00,2025-10-29T07:00:00+00:00,Worlds,BO5,kt Rolster,CTBC Flying Oyster,0.2378139931419555,0.7621860068580445,,0.8554281311636449,BetaCalibratedWrapper,ok,KT Rolster,CTBC Flying Oyster,5.0,5.0,2025-10-29,WLDs,,ok,CTBC Flying Oyster|KT Rolster,yes
1970-01-01 00:00:00+00:00,Worlds|G2 Esports|TOPESPORTS|2025-10-30T07:00:00+00:00,2025-10-30T07:00:00+00:00,Worlds,BO5,G2 Esports,TOPESPORTS,0.4470082356419265,0.5529917643580735,0.2735021310904099,0.0784301744718535,BetaCalibratedWrapper,ok,G2 Esports,Top Esports,5.0,5.0,2025-10-30,WLDs,,ok,G2 Esports|Top Esports,no
2025-10-21 07:37:48+00:00,Worlds|TBD|TBD|2025-10-30T07:00:00+00:00,2025-10-30T07:00:00+00:00,Worlds,BO5,TBD,TBD,0.5,0.5,0.5,0.5,BetaCalibratedWrapper,no_roster:TBD+TBD,TBD,TBD,0.0,0.0,2025-10-30,WLDs,,skipped,,
1970-01-01 00:00:00+00:00,Worlds|Anyone's Legend|T1|2025-10-31T07:00:00+00:00,2025-10-31T07:00:00+00:00,Worlds,BO5,Anyone's Legend,T1,0.4713495434836823,0.5286504565163177,,0.165150099798009,BetaCalibratedWrapper,ok,Anyone's Legend,T1,5.0,5.0,2025-10-31,WLDs,,ok,Anyone's Legend|T1,no
2025-10-21 07:37:48+00:00,Worlds|TBD|TBD|2025-10-31T07:00:00+00:00,2025-10-31T07:00:00+00:00,Worlds,BO5,TBD,TBD,0.5,0.5,0.5,0.5,BetaCalibratedWrapper,no_roster:TBD+TBD,TBD,TBD,0.0,0.0,2025-10-31,WLDs,,skipped,,
1970-01-01 00:00:00+00:00,Worlds|Gen.G Esports|kt Rolster|2025-11-01T07:00:00+00:00,2025-11-01T07:00:00+00:00,Worlds,BO5,Gen.G Esports,kt Rolster,0.4827500120886487,0.5172499879113512,0.4748250211059843,0.2378139931419555,BetaCalibratedWrapper,ok,Gen.G,KT Rolster,5.0,5.0,2025-11-01,WLDs,,ok,Gen.G|KT Rolster,no
1970-01-01 00:00:00+00:00,Worlds|TBD|Gen.G Esports|2025-11-01T07:00:00+00:00,2025-11-01T07:00:00+00:00,Worlds,BO5,TBD,Gen.G Esports,0.5,0.5,0.5,0.4748250211059843,BetaCalibratedWrapper,no_roster:TBD,TBD,Gen.G,0.0,5.0,2025-11-01,WLDs,,skipped,,
2025-10-21 07:37:48+00:00,Worlds|TBD|TBD|2025-11-01T07:00:00+00:00,2025-11-01T07:00:00+00:00,Worlds,BO5,TBD,TBD,0.5,0.5,0.5,0.5,BetaCalibratedWrapper,no_roster:TBD+TBD,TBD,TBD,0.0,0.0,2025-11-01,WLDs,,skipped,,
1970-01-01 00:00:00+00:00,Worlds|T1|TOPESPORTS|2025-11-02T07:00:00+00:00,2025-11-02T07:00:00+00:00,Worlds,BO5,T1,TOPESPORTS,0.4501424744920288,0.5498575255079712,0.165150099798009,0.0784301744718535,BetaCalibratedWrapper,ok,T1,Top Esports,5.0,5.0,2025-11-02,WLDs,,ok,T1|Top Esports,no
2025-10-21 07:37:48+00:00,Worlds|TBD|TBD|2025-11-02T07:00:00+00:00,2025-11-02T07:00:00+00:00,Worlds,BO5,TBD,TBD,0.5,0.5,0.5,0.5,BetaCalibratedWrapper,no_roster:TBD+TBD,TBD,TBD,0.0,0.0,2025-11-02,WLDs,,skipped,,
1970-01-01 00:00:00+00:00,Worlds|TBD|TOPESPORTS|2025-11-02T07:00:00+00:00,2025-11-02T07:00:00+00:00,Worlds,BO5,TBD,TOPESPORTS,0.5,0.5,0.5,0.0784301744718535,BetaCalibratedWrapper,no_roster:TBD,TBD,Top Esports,0.0,5.0,2025-11-02,WLDs,,skipped,,
1970-01-01 00:00:00+00:00,EMEA Masters|Karmine Corp Blue|Los Heretics|2025-11-02T18:00:00+00:00,2025-11-02T18:00:00+00:00,EMEA Masters,BO5,Karmine Corp Blue,Los Heretics,0.5,0.5,0.7133294780013598,0.5,BetaCalibratedWrapper,no_roster:Los Heretics,Karmine Corp,Los Heretics,5.0,0.0,2025-11-02,EMEA MASTERS,,skipped,,
2025-10-21 07:37:48+00:00,Worlds|TBD|TBD|2025-11-09T07:00:00+00:00,2025-11-09T07:00:00+00:00,Worlds,BO5,TBD,TBD,0.5,0.5,0.5,0.5,BetaCalibratedWrapper,no_roster:TBD+TBD,TBD,TBD,0.0,0.0,2025-11-09,WLDs,,skipped,,
1970-01-01 00:00:00+00:00,Worlds|TBD|kt Rolster|2025-11-09T07:00:00+00:00,2025-11-09T07:00:00+00:00,Worlds,BO5,TBD,kt Rolster,0.5,0.5,0.5,0.5172499879113512,BetaCalibratedWrapper,no_roster:TBD,TBD,KT Rolster,0.0,5.0,2025-11-09,WLDs,,skipped,,
1970-01-01 00:00:00+00:00,Worlds|kt Rolster|T1|2025-11-09T07:00:00+00:00,2025-11-09T07:00:00+00:00,Worlds,BO5,kt Rolster,T1,0.4302636065499071,0.569736393450093,0.5172499879113512,0.165150099798009,BetaCalibratedWrapper,ok,KT Rolster,T1,5.0,5.0,2025-11-09,WLDs,,ok,KT Rolster|T1,no
1970-01-01 00:00:00+00:00,LCK Challengers|NS Challengers|DNS Challengers|2026-01-12T05:00:00+00:00,2026-01-12T05:00:00+00:00,LCK Challengers,BO3,NS Challengers,DNS Challengers,0.5,0.5,,,BetaCalibratedWrapper,no_roster:NS Challengers+DNS Challengers,NS Challengers,DNS Challengers,0.0,0.0,2026-01-12,LCK,,skipped,,
1970-01-01 00:00:00+00:00,LCK Challengers|BNK FEARX Youth|BRO Challengers|2026-01-12T07:00:00+00:00,2026-01-12T07:00:00+00:00,LCK Challengers,BO3,BNK FEARX Youth,BRO Challengers,0.5,0.5,,,BetaCalibratedWrapper,no_roster:BNK FEARX Youth+BRO Challengers,BNK FEARX Youth,BRO Challengers,0.0,0.0,2026-01-12,LCK,,skipped,,
1970-01-01 00:00:00+00:00,LCK Challengers|T1 Esports Academy|kt Challengers|2026-01-12T09:00:00+00:00,2026-01-12T09:00:00+00:00,LCK Challengers,BO3,T1 Esports Academy,kt Challengers,0.5,0.5,,,BetaCalibratedWrapper,no_roster:T1 Esports Academy+kt Challengers,T1 Esports Academy,kt Challengers,0.0,0.0,2026-01-12,LCK,,skipped,,
1970-01-01 00:00:00+00:00,LCK Challengers|Gen.G Global Academy|DK Challengers|2026-01-13T08:00:00+00:00,2026-01-13T08:00:00+00:00,LCK Challengers,BO3,Gen.G Global Academy,DK Challengers,0.5,0.5,,,BetaCalibratedWrapper,no_roster:Gen.G Global Academy+DK Challengers,Gen.G Global Academy,DK Challengers,0.0,0.0,2026-01-13,LCK,,skipped,,
1970-01-01 00:00:00+00:00,LCK Challengers|DRX Challengers|HLE Challengers|2026-01-13T10:00:00+00:00,2026-01-13T10:00:00+00:00,LCK Challengers,BO3,DRX Challengers,HLE Challengers,0.5,0.5,,,BetaCalibratedWrapper,no_roster:DRX Challengers+HLE Challengers,DRX Challengers,HLE Challengers,0.0,0.0,2026-01-13,LCK,,skipped,,
1970-01-01 00:00:00+00:00,Arabian League|NextGeneration Esports|BAAM Esports|2026-01-13T16:00:00+00:00,2026-01-13T16:00:00+00:00,Arabian League,BO3,NextGeneration Esports,BAAM Esports,0.5,0.5,,,BetaCalibratedWrapper,no_roster:NextGeneration Esports,NextGeneration Esports,GAM Esports,0.0,5.0,2026-01-13,ARABIAN LEAGUE,,skipped,,
1970-01-01 00:00:00+00:00,Road of Legends|Dynasty|ZennIT|2026-01-13T18:00:00+00:00,2026-01-13T18:00:00+00:00,Road of Legends,BO1,Dynasty,ZennIT,0.5,0.5,,,BetaCalibratedWrapper,no_roster:Dynasty+ZennIT,Dynasty,ZennIT,0.0,0.0,2026-01-13,ROAD OF LEGENDS,,skipped,,
1970-01-01 00:00:00+00:00,Road of Legends|Frites Esports Club|Senshi eSports|2026-01-13T18:00:00+00:00,2026-01-13T18:00:00+00:00,Road of Legends,BO1,Frites Esports Club,Senshi eSports,0.5,0.5,,,BetaCalibratedWrapper,no_roster:Senshi eSports,Chiefs Esports Club,Senshi eSports,5.0,0.0,2026-01-13,ROAD OF LEGENDS,,skipped,,
1970-01-01 00:00:00+00:00,Road of Legends|Once Upon a Team|Myth Esports|2026-01-13T18:00:00+00:00,2026-01-13T18:00:00+00:00,Road of Legends,BO1,Once Upon a Team,Myth Esports,0.5,0.5,,,BetaCalibratedWrapper,no_roster:Once Upon a Team,Once Upon a Team,GAM Esports,0.0,5.0,2026-01-13,ROAD OF LEGENDS,,skipped,,
1970-01-01 00:00:00+00:00,Road of Legends|The Bandits|mCon Esports|2026-01-13T18:00:00+00:00,2026-01-13T18:00:00+00:00,Road of Legends,BO1,The Bandits,mCon Esports,0.5,0.5,,,BetaCalibratedWrapper,no_roster:The Bandits,The Bandits,Top Esports,0.0,5.0,2026-01-13,ROAD OF LEGENDS,,skipped,,
1970-01-01 00:00:00+00:00,Arabian League|Dragons Esports|3BL GALAXY ESPORTS|2026-01-13T18:30:00+00:00,2026-01-13T18:30:00+00:00,Arabian League,BO3,Dragons Esports,3BL GALAXY ESPORTS,0.5,0.5,,,BetaCalibratedWrapper,no_roster:3BL GALAXY ESPORTS,Frank Esports,3BL GALAXY ESPORTS,5.0,0.0,2026-01-13,ARABIAN LEAGUE,,skipped,,
1970-01-01 00:00:00+00:00,Road of Legends|Dynasty|Senshi eSports|2026-01-13T19:00:00+00:00,2026-01-13T19:00:00+00:00,Road of Legends,BO1,Dynasty,Senshi eSports,0.5,0.5,0.5,0.5,BetaCalibratedWrapper,no_roster:Dynasty+Senshi eSports,Dynasty,Senshi eSports,0.0,0.0,2026-01-13,ROAD OF LEGENDS,,skipped,,
1970-01-01 00:00:00+00:00,Road of Legends|Dynasty|The Bandits|2026-01-13T19:00:00+00:00,2026-01-13T19:00:00+00:00,Road of Legends,BO1,Dynasty,The Bandits,0.5,0.5,0.5,0.5,BetaCalibratedWrapper,no_roster:Dynasty+The Bandits,Dynasty,The Bandits,0.0,0.0,2026-01-13,ROAD OF LEGENDS,,skipped,,
1970-01-01 00:00:00+00:00,Road of Legends|Frites Esports Club|Myth Esports|2026-01-13T19:00:00+00:00,2026-01-13T19:00:00+00:00,Road of Legends,BO1,Frites Esports Club,Myth Esports,0.4513611800502249,0.5486388199497751,0.5,0.5,BetaCalibratedWrapper,ok,Chiefs Esports Club,GAM Esports,5.0,5.0,2026-01-13,ROAD OF LEGENDS,ValueError: Roster vide : impossible d'agréger les features.,skipped,Chiefs Esports Club|GAM Esports,no
1970-01-01 00:00:00+00:00,Road of Legends|Frites Esports Club|Once Upon a Team|2026-01-13T19:00:00+00:00,2026-01-13T19:00:00+00:00,Road of Legends,BO1,Frites Esports Club,Once Upon a Team,0.5,0.5,0.5,0.5,BetaCalibratedWrapper,no_roster:Once Upon a Team,Chiefs Esports Club,Once Upon a Team,5.0,0.0,2026-01-13,ROAD OF LEGENDS,,skipped,,
1970-01-01 00:00:00+00:00,Road of Legends|Myth Esports|mCon Esports|2026-01-13T19:00:00+00:00,2026-01-13T19:00:00+00:00,Road of Legends,BO1,Myth Esports,mCon Esports,0.4460503668188288,0.5539496331811712,0.5,0.5,BetaCalibratedWrapper,ok,GAM Esports,Top Esports,5.0,5.0,2026-01-13,ROAD OF LEGENDS,ValueError: Roster vide : impossible d'agréger les features.,skipped,GAM Esports|Top Esports,no
1970-01-01 00:00:00+00:00,Road of Legends|Once Upon a Team|mCon Esports|2026-01-13T19:00:00+00:00,2026-01-13T19:00:00+00:00,Road of Legends,BO1,Once Upon a Team,mCon Esports,0.5,0.5,0.5,0.5,BetaCalibratedWrapper,no_roster:Once Upon a Team,Once Upon a Team,Top Esports,0.0,5.0,2026-01-13,ROAD OF LEGENDS,,skipped,,
1970-01-01 00:00:00+00:00,Road of Legends|The Bandits|ZennIT|2026-01-13T19:00:00+00:00,2026-01-13T19:00:00+00:00,Road of Legends,BO1,The Bandits,ZennIT,0.5,0.5,0.5,0.5,BetaCalibratedWrapper,no_roster:The Bandits+ZennIT,The Bandits,ZennIT,0.0,0.0,2026-01-13,ROAD OF LEGENDS,,skipped,,
1970-01-01 00:00:00+00:00,Road of Legends|ZennIT|Senshi eSports|2026-01-13T19:00:00+00:00,2026-01-13T19:00:00+00:00,Road of Legends,BO1,ZennIT,Senshi eSports,0.5,0.5,0.5,0.5,BetaCalibratedWrapper,no_roster:ZennIT+Senshi eSports,ZennIT,Senshi eSports,0.0,0.0,2026-01-13,ROAD OF LEGENDS,,skipped,,
1970-01-01 00:00:00+00:00,Road of Legends|Dynasty|Senshi eSports|2026-01-13T20:00:00+00:00,2026-01-13T20:00:00+00:00,Road of Legends,BO1,Dynasty,Senshi eSports,0.5,0.5,0.5,0.5,BetaCalibratedWrapper,no_roster:Dynasty+Senshi eSports,Dynasty,Senshi eSports,0.0,0.0,2026-01-13,ROAD OF LEGENDS,,skipped,,
1970-01-01 00:00:00+00:00,Road of Legends|Dynasty|The Bandits|2026-01-13T20:00:00+00:00,2026-01-13T20:00:00+00:00,Road of Legends,BO1,Dynasty,The Bandits,0.5,0.5,0.5,0.5,BetaCalibratedWrapper,no_roster:Dynasty+The Bandits,Dynasty,The Bandits,0.0,0.0,2026-01-13,ROAD OF LEGENDS,,skipped,,
1970-01-01 00:00:00+00:00,Road of Legends|Frites Esports Club|Myth Esports|2026-01-13T20:00:00+00:00,2026-01-13T20:00:00+00:00,Road of Legends,BO1,Frites Esports Club,Myth Esports,0.4513611800502249,0.5486388199497751,0.5,0.4460503668188288,BetaCalibratedWrapper,ok,Chiefs Esports Club,GAM Esports,5.0,5.0,2026-01-13,ROAD OF LEGENDS,ValueError: Roster vide : impossible d'agréger les features.,skipped,Chiefs Esports Club|GAM Esports,no
1970-01-01 00:00:00+00:00,Road of Legends|Frites Esports Club|Once Upon a Team|2026-01-13T20:00:00+00:00,2026-01-13T20:00:00+00:00,Road of Legends,BO1,Frites Esports Club,Once Upon a Team,0.5,0.5,0.4513611800502249,0.5,BetaCalibratedWrapper,no_roster:Once Upon a Team,Chiefs Esports Club,Once Upon a Team,5.0,0.0,2026-01-13,ROAD OF LEGENDS,,skipped,,
1970-01-01 00:00:00+00:00,Road of Legends|Myth Esports|mCon Esports|2026-01-13T20:00:00+00:00,2026-01-13T20:00:00+00:00,Road of Legends,BO1,Myth Esports,mCon Esports,0.4460503668188288,0.5539496331811712,0.5486388199497751,0.5,BetaCalibratedWrapper,ok,GAM Esports,Top Esports,5.0,5.0,2026-01-13,ROAD OF LEGENDS,ValueError: Roster vide : impossible d'agréger les features.,skipped,GAM Esports|Top Esports,no
1970-01-01 00:00:00+00:00,Road of Legends|Once Upon a Team|mCon Esports|2026-01-13T20:00:00+00:00,2026-01-13T20:00:00+00:00,Road of Legends,BO1,Once Upon a Team,mCon Esports,0.5,0.5,0.5,0.5539496331811712,BetaCalibratedWrapper,no_roster:Once Upon a Team,Once Upon a Team,Top Esports,0.0,5.0,2026-01-13,ROAD OF LEGENDS,,skipped,,
1970-01-01 00:00:00+00:00,Road of Legends|The Bandits|ZennIT|2026-01-13T20:00:00+00:00,2026-01-13T20:00:00+00:00,Road of Legends,BO1,The Bandits,ZennIT,0.5,0.5,0.5,0.5,BetaCalibratedWrapper,no_roster:The Bandits+ZennIT,The Bandits,ZennIT,0.0,0.0,2026-01-13,ROAD OF LEGENDS,,skipped,,
1970-01-01 00:00:00+00:00,Road of Legends|ZennIT|Senshi eSports|2026-01-13T20:00:00+00:00,2026-01-13T20:00:00+00:00,Road of Legends,BO1,ZennIT,Senshi eSports,0.5,0.5,0.5,0.5,BetaCalibratedWrapper,no_roster:ZennIT+Senshi eSports,ZennIT,Senshi eSports,0.0,0.0,2026-01-13,ROAD OF LEGENDS,,skipped,,
1970-01-01 00:00:00+00:00,Road of Legends|Dynasty|Once Upon a Team|2026-01-13T21:00:00+00:00,2026-01-13T21:00:00+00:00,Road of Legends,BO1,Dynasty,Once Upon a Team,0.5,0.5,0.5,0.5,BetaCalibratedWrapper,no_roster:Dynasty+Once Upon a Team,Dynasty,Once Upon a Team,0.0,0.0,2026-01-13,ROAD OF LEGENDS,,skipped,,
1970-01-01 00:00:00+00:00,Road of Legends|Frites Esports Club|mCon Esports|2026-01-13T21:00:00+00:00,2026-01-13T21:00:00+00:00,Road of Legends,BO1,Frites Esports Club,mCon Esports,0.4560650056130109,0.5439349943869891,0.4513611800502249,0.5,BetaCalibratedWrapper,ok,Chiefs Esports Club,Top Esports,5.0,5.0,2026-01-13,ROAD OF LEGENDS,ValueError: Roster vide : impossible d'agréger les features.,skipped,Chiefs Esports Club|Top Esports,no
1970-01-01 00:00:00+00:00,Road of Legends|The Bandits|Senshi eSports|2026-01-13T21:00:00+00:00,2026-01-13T21:00:00+00:00,Road of Legends,BO1,The Bandits,Senshi eSports,0.5,0.5,0.5,0.5,BetaCalibratedWrapper,no_roster:The Bandits+Senshi eSports,The Bandits,Senshi eSports,0.0,0.0,2026-01-13,ROAD OF LEGENDS,,skipped,,
1970-01-01 00:00:00+00:00,Road of Legends|ZennIT|Myth Esports|2026-01-13T21:00:00+00:00,2026-01-13T21:00:00+00:00,Road of Legends,BO1,ZennIT,Myth Esports,0.5,0.5,0.5,0.5486388199497751,BetaCalibratedWrapper,no_roster:ZennIT,ZennIT,GAM Esports,0.0,5.0,2026-01-13,ROAD OF LEGENDS,,skipped,,
1970-01-01 00:00:00+00:00,LCK|kt Rolster|DN SOOPers|2026-01-14T08:00:00+00:00,2026-01-14T08:00:00+00:00,LCK,BO3,kt Rolster,DN SOOPers,0.5,0.5,0.5,,BetaCalibratedWrapper,no_roster:DN SOOPers,KT Rolster,DN SOOPers,5.0,0.0,2026-01-14,LCK,,skipped,,
1970-01-01 00:00:00+00:00,LPL|WeiboGaming Faw Audi|Invictus Gaming|2026-01-14T09:00:00+00:00,2026-01-14T09:00:00+00:00,LPL,BO3,WeiboGaming Faw Audi,Invictus Gaming,0.5,0.5,,,BetaCalibratedWrapper,no_roster:WeiboGaming Faw Audi,WeiboGaming Faw Audi,Invictus Gaming,0.0,5.0,2026-01-14,LPL,,skipped,,
1970-01-01 00:00:00+00:00,LCK|Dplus KIA|BRION|2026-01-14T10:00:00+00:00,2026-01-14T10:00:00+00:00,LCK,BO3,Dplus KIA,BRION,0.5,0.5,,,BetaCalibratedWrapper,no_roster:BRION,Dplus KIA,BRION,5.0,0.0,2026-01-14,LCK,,skipped,,
1970-01-01 00:00:00+00:00,LPL|Beijing JDG Intel Esports|TOPESPORTS|2026-01-14T11:00:00+00:00,2026-01-14T11:00:00+00:00,LPL,BO3,Beijing JDG Intel Esports,TOPESPORTS,0.5,0.5,,0.0784301744718535,BetaCalibratedWrapper,no_roster:Beijing JDG Intel Esports,Beijing JDG Intel Esports,Top Esports,0.0,5.0,2026-01-14,LPL,,skipped,,
1970-01-01 00:00:00+00:00,Arabian League|GNG Amazigh|Anubis Gaming|2026-01-14T16:00:00+00:00,2026-01-14T16:00:00+00:00,Arabian League,BO3,GNG Amazigh,Anubis Gaming,0.5,0.5,,,BetaCalibratedWrapper,no_roster:GNG Amazigh+Anubis Gaming,GNG Amazigh,Anubis Gaming,0.0,0.0,2026-01-14,ARABIAN LEAGUE,,skipped,,
1970-01-01 00:00:00+00:00,Hellenic Legends League|GOAL esports|Gamespace M.C.|2026-01-14T16:00:00+00:00,2026-01-14T16:00:00+00:00,Hellenic Legends League,BO2,GOAL esports,Gamespace M.C.,0.5,0.5,,,BetaCalibratedWrapper,no_roster:Gamespace M.C.,GAM Esports,Gamespace M.C.,5.0,0.0,2026-01-14,HELLENIC LEGENDS LEAGUE,,skipped,,
1970-01-01 00:00:00+00:00,LoL Italian Tournament|HMBLE|Deacoy|2026-01-14T17:00:00+00:00,2026-01-14T17:00:00+00:00,LoL Italian Tournament,BO1,HMBLE,Deacoy,0.5,0.5,,,BetaCalibratedWrapper,no_roster:HMBLE+Deacoy,HMBLE,Deacoy,0.0,0.0,2026-01-14,LOL ITALIAN TOURNAMENT,,skipped,,
1970-01-01 00:00:00+00:00,Hellenic Legends League|WLGaming|Team Insidious|2026-01-14T18:00:00+00:00,2026-01-14T18:00:00+00:00,Hellenic Legends League,BO2,WLGaming,Team Insidious,0.5,0.5,,,BetaCalibratedWrapper,no_roster:WLGaming+Team Insidious,WLGaming,Team Insidious,0.0,0.0,2026-01-14,HELLENIC LEGENDS LEAGUE,,skipped,,
1970-01-01 00:00:00+00:00,LoL Italian Tournament|Axolotl esports|EKO Esports|2026-01-14T18:00:00+00:00,2026-01-14T18:00:00+00:00,LoL Italian Tournament,BO1,Axolotl esports,EKO Esports,0.5,0.5,,,BetaCalibratedWrapper,no_roster:Axolotl esports,Axolotl esports,Kyo eSports,0.0,4.0,2026-01-14,LOL ITALIAN TOURNAMENT,,skipped,,
1970-01-01 00:00:00+00:00,Arabian League|One More Esports|FN Esports|2026-01-14T18:30:00+00:00,2026-01-14T18:30:00+00:00,Arabian League,BO3,One More Esports,FN Esports,0.5,0.5,,,BetaCalibratedWrapper,no_roster:One More Esports,One More Esports,LNG Esports,0.0,5.0,2026-01-14,ARABIAN LEAGUE,,skipped,,
1970-01-01 00:00:00+00:00,LoL Italian Tournament|Zena Esports|GMBLERS Esports|2026-01-14T19:00:00+00:00,2026-01-14T19:00:00+00:00,LoL Italian Tournament,BO1,Zena Esports,GMBLERS Esports,0.5,0.5,,,BetaCalibratedWrapper,no_roster:GMBLERS Esports,LNG Esports,GMBLERS Esports,5.0,0.0,2026-01-14,LOL ITALIAN TOURNAMENT,,skipped,,
1970-01-01 00:00:00+00:00,LoL Italian Tournament|Colossal Gaming|P11 Esports|2026-01-14T20:00:00+00:00,2026-01-14T20:00:00+00:00,LoL Italian Tournament,BO1,Colossal Gaming,P11 Esports,0.5,0.5,,,BetaCalibratedWrapper,no_roster:Colossal Gaming,Colossal Gaming,Top Esports,0.0,5.0,2026-01-14,LOL ITALIAN TOURNAMENT,,skipped,,
1970-01-01 00:00:00+00:00,LCK Challengers|BNK FEARX Youth|DNS Challengers|2026-01-15T05:00:00+00:00,2026-01-15T05:00:00+00:00,LCK Challengers,BO3,BNK FEARX Youth,DNS Challengers,0.5,0.5,0.5,0.5,BetaCalibratedWrapper,no_roster:BNK FEARX Youth+DNS Challengers,BNK FEARX Youth,DNS Challengers,0.0,0.0,2026-01-15,LCK,,skipped,,
1970-01-01 00:00:00+00:00,LCK Challengers|Gen.G Global Academy|HLE Challengers|2026-01-15T05:00:00+00:00,2026-01-15T05:00:00+00:00,LCK Challengers,BO3,Gen.G Global Academy,HLE Challengers,0.5,0.5,0.5,0.5,BetaCalibratedWrapper,no_roster:Gen.G Global Academy+HLE Challengers,Gen.G Global Academy,HLE Challengers,0.0,0.0,2026-01-15,LCK,,skipped,,
1970-01-01 00:00:00+00:00,LCK Challengers|T1 Esports Academy|BRO Challengers|2026-01-15T05:00:00+00:00,2026-01-15T05:00:00+00:00,LCK Challengers,BO3,T1 Esports Academy,BRO Challengers,0.5,0.5,0.5,0.5,BetaCalibratedWrapper,no_roster:T1 Esports Academy+BRO Challengers,T1 Esports Academy,BRO Challengers,0.0,0.0,2026-01-15,LCK,,skipped,,
1970-01-01 00:00:00+00:00,LPL|Ultra Prime|Hangzhou LGD Gaming|2026-01-15T07:00:00+00:00,2026-01-15T07:00:00+00:00,LPL,BO3,Ultra Prime,Hangzhou LGD Gaming,0.5,0.5,,,BetaCalibratedWrapper,no_roster:Hangzhou LGD Gaming,Ultra Prime,Hangzhou LGD Gaming,5.0,0.0,2026-01-15,LPL,,skipped,,
1970-01-01 00:00:00+00:00,LCK|Gen.G Esports|DRX|2026-01-15T08:00:00+00:00,2026-01-15T08:00:00+00:00,LCK,BO3,Gen.G Esports,DRX,0.5080175423899828,0.4919824576100172,0.4748250211059843,,BetaCalibratedWrapper,ok,Gen.G,DRX,5.0,5.0,2026-01-15,LCK,,ok,DRX|Gen.G,yes
1970-01-01 00:00:00+00:00,LPL|Invictus Gaming|Anyone's Legend|2026-01-15T09:00:00+00:00,2026-01-15T09:00:00+00:00,LPL,BO3,Invictus Gaming,Anyone's Legend,0.1956104039826151,0.8043895960173849,0.5,0.4713495434836823,BetaCalibratedWrapper,ok,Invictus Gaming,Anyone's Legend,5.0,5.0,2026-01-15,LPL,,ok,Anyone's Legend|Invictus Gaming,yes
1970-01-01 00:00:00+00:00,LCK|BNK FEARX|NONGSHIM RED FORCE|2026-01-15T10:00:00+00:00,2026-01-15T10:00:00+00:00,LCK,BO3,BNK FEARX,NONGSHIM RED FORCE,0.7961597279503899,0.20384027204961,,,BetaCalibratedWrapper,ok,BNK FEARX,Nongshim RedForce,5.0,5.0,2026-01-15,LCK,,ok,BNK FEARX|Nongshim RedForce,no
1970-01-01 00:00:00+00:00,LPL|WeiboGaming Faw Audi|BILIBILI GAMING DREAMSMART|2026-01-15T11:00:00+00:00,2026-01-15T11:00:00+00:00,LPL,BO3,WeiboGaming Faw Audi,BILIBILI GAMING DREAMSMART,0.5,0.5,0.5,0.8930545168814604,BetaCalibratedWrapper,no_roster:WeiboGaming Faw Audi,WeiboGaming Faw Audi,Bilibili Gaming,0.0,5.0,2026-01-15,LPL,,skipped,,
1970-01-01 00:00:00+00:00,Arabian League|GNG Amazigh|FN Esports|2026-01-15T16:00:00+00:00,2026-01-15T16:00:00+00:00,Arabian League,BO3,GNG Amazigh,FN Esports,0.5,0.5,0.5,0.5,BetaCalibratedWrapper,no_roster:GNG Amazigh,GNG Amazigh,LNG Esports,0.0,5.0,2026-01-15,ARABIAN LEAGUE,,skipped,,
1970-01-01 00:00:00+00:00,Hellenic Legends League|ALMO Players|Team Phantasma|2026-01-15T16:00:00+00:00,2026-01-15T16:00:00+00:00,Hellenic Legends League,BO2,ALMO Players,Team Phantasma,0.5,0.5,,,BetaCalibratedWrapper,no_roster:ALMO Players+Team Phantasma,ALMO Players,Team Phantasma,0.0,0.0,2026-01-15,HELLENIC LEGENDS LEAGUE,,skipped,,
1970-01-01 00:00:00+00:00,LoL Italian Tournament|Axolotl esports|Zena Esports|2026-01-15T17:00:00+00:00,2026-01-15T17:00:00+00:00,LoL Italian Tournament,BO1,Axolotl esports,Zena Esports,0.5,0.5,0.5,0.5,BetaCalibratedWrapper,no_roster:Axolotl esports,Axolotl esports,LNG Esports,0.0,5.0,2026-01-15,LOL ITALIAN TOURNAMENT,,skipped,,
1970-01-01 00:00:00+00:00,NLC|4 Swines & A Bum|DMG Esports|2026-01-15T17:00:00+00:00,2026-01-15T17:00:00+00:00,NLC,BO1,4 Swines & A Bum,DMG Esports,0.5,0.5,,,BetaCalibratedWrapper,no_roster:4 Swines & A Bum,4 Swines & A Bum,G2 Esports,0.0,5.0,2026-01-15,NLC,,skipped,,
1970-01-01 00:00:00+00:00,Hellenic Legends League|HowL Esports|Team Paradox|2026-01-15T18:00:00+00:00,2026-01-15T18:00:00+00:00,Hellenic Legends League,BO2,HowL Esports,Team Paradox,0.5,0.5,,,BetaCalibratedWrapper,no_roster:Team Paradox,Top Esports,Team Paradox,5.0,0.0,2026-01-15,HELLENIC LEGENDS LEAGUE,,skipped,,
1970-01-01 00:00:00+00:00,LoL Italian Tournament|Colossal Gaming|Deacoy|2026-01-15T18:00:00+00:00,2026-01-15T18:00:00+00:00,LoL Italian Tournament,BO1,Colossal Gaming,Deacoy,0.5,0.5,0.5,0.5,BetaCalibratedWrapper,no_roster:Colossal Gaming+Deacoy,Colossal Gaming,Deacoy,0.0,0.0,2026-01-15,LOL ITALIAN TOURNAMENT,,skipped,,
1970-01-01 00:00:00+00:00,NLC|Deer Gaming|Bulldog Esports|2026-01-15T18:00:00+00:00,2026-01-15T18:00:00+00:00,NLC,BO1,Deer Gaming,Bulldog Esports,0.5,0.5,,,BetaCalibratedWrapper,no_roster:Bulldog Esports,JD Gaming,Bulldog Esports,5.0,0.0,2026-01-15,NLC,,skipped,,
1970-01-01 00:00:00+00:00,Road of Legends|Dynasty|Frites Esports Club|2026-01-15T18:00:00+00:00,2026-01-15T18:00:00+00:00,Road of Legends,BO1,Dynasty,Frites Esports Club,0.5,0.5,0.5,0.4560650056130109,BetaCalibratedWrapper,no_roster:Dynasty,Dynasty,Chiefs Esports Club,0.0,5.0,2026-01-15,ROAD OF LEGENDS,,skipped,,
1970-01-01 00:00:00+00:00,Road of Legends|Once Upon a Team|Senshi eSports|2026-01-15T18:00:00+00:00,2026-01-15T18:00:00+00:00,Road of Legends,BO1,Once Upon a Team,Senshi eSports,0.5,0.5,0.5,0.5,BetaCalibratedWrapper,no_roster:Once Upon a Team+Senshi eSports,Once Upon a Team,Senshi eSports,0.0,0.0,2026-01-15,ROAD OF LEGENDS,,skipped,,
1970-01-01 00:00:00+00:00,Road of Legends|The Bandits|Myth Esports|2026-01-15T18:00:00+00:00,2026-01-15T18:00:00+00:00,Road of Legends,BO1,The Bandits,Myth Esports,0.5,0.5,0.5,0.5,BetaCalibratedWrapper,no_roster:The Bandits,The Bandits,GAM Esports,0.0,5.0,2026-01-15,ROAD OF LEGENDS,,skipped,,
1970-01-01 00:00:00+00:00,Road of Legends|ZennIT|mCon Esports|2026-01-15T18:00:00+00:00,2026-01-15T18:00:00+00:00,Road of Legends,BO1,ZennIT,mCon Esports,0.5,0.5,0.5,0.5439349943869891,BetaCalibratedWrapper,no_roster:ZennIT,ZennIT,Top Esports,0.0,5.0,2026-01-15,ROAD OF LEGENDS,,skipped,,
1970-01-01 00:00:00+00:00,Arabian League|NextGeneration Esports|One More Esports|2026-01-15T18:30:00+00:00,2026-01-15T18:30:00+00:00,Arabian League,BO3,NextGeneration Esports,One More Esports,0.5,0.5,0.5,0.5,BetaCalibratedWrapper,no_roster:NextGeneration Esports+One More Esports,NextGeneration Esports,One More Esports,0.0,0.0,2026-01-15,ARABIAN LEAGUE,,skipped,,
1970-01-01 00:00:00+00:00,LoL Italian Tournament|HMBLE|EKO Esports|2026-01-15T19:00:00+00:00,2026-01-15T19:00:00+00:00,LoL Italian Tournament,BO1,HMBLE,EKO Esports,0.5,0.5,0.5,0.5,BetaCalibratedWrapper,no_roster:HMBLE,HMBLE,Kyo eSports,0.0,4.0,2026-01-15,LOL ITALIAN TOURNAMENT,,skipped,,
1970-01-01 00:00:00+00:00,NLC|Lund Esports Organization|Lundqvist Lightside|2026-01-15T19:00:00+00:00,2026-01-15T19:00:00+00:00,NLC,BO1,Lund Esports Organization,Lundqvist Lightside,0.5,0.5,,,BetaCalibratedWrapper,no_roster:Lund Esports Organization+Lundqvist Lightside,Lund Esports Organization,Lundqvist Lightside,0.0,0.0,2026-01-15,NLC,,skipped,,
1970-01-01 00:00:00+00:00,Road of Legends|Dynasty|mCon Esports|2026-01-15T19:00:00+00:00,2026-01-15T19:00:00+00:00,Road of Legends,BO1,Dynasty,mCon Esports,0.5,0.5,0.5,0.5,BetaCalibratedWrapper,no_roster:Dynasty,Dynasty,Top Esports,0.0,5.0,2026-01-15,ROAD OF LEGENDS,,skipped,,
1970-01-01 00:00:00+00:00,Road of Legends|Frites Esports Club|The Bandits|2026-01-15T19:00:00+00:00,2026-01-15T19:00:00+00:00,Road of Legends,BO1,Frites Esports Club,The Bandits,0.5,0.5,0.5,0.5,BetaCalibratedWrapper,no_roster:The Bandits,Chiefs Esports Club,The Bandits,5.0,0.0,2026-01-15,ROAD OF LEGENDS,,skipped,,
1970-01-01 00:00:00+00:00,Road of Legends|Myth Esports|Senshi eSports|2026-01-15T19:00:00+00:00,2026-01-15T19:00:00+00:00,Road of Legends,BO1,Myth Esports,Senshi eSports,0.5,0.5,0.5,0.5,BetaCalibratedWrapper,no_roster:Senshi eSports,GAM Esports,Senshi eSports,5.0,0.0,2026-01-15,ROAD OF LEGENDS,,skipped,,
1970-01-01 00:00:00+00:00,Road of Legends|ZennIT|Once Upon a Team|2026-01-15T19:00:00+00:00,2026-01-15T19:00:00+00:00,Road of Legends,BO1,ZennIT,Once Upon a Team,0.5,0.5,0.5,0.5,BetaCalibratedWrapper,no_roster:ZennIT+Once Upon a Team,ZennIT,Once Upon a Team,0.0,0.0,2026-01-15,ROAD OF LEGENDS,,skipped,,
1970-01-01 00:00:00+00:00,LoL Italian Tournament|P11 Esports|GMBLERS Esports|2026-01-15T20:00:00+00:00,2026-01-15T20:00:00+00:00,LoL Italian Tournament,BO1,P11 Esports,GMBLERS Esports,0.5,0.5,0.5,0.5,BetaCalibratedWrapper,no_roster:GMBLERS Esports,Top Esports,GMBLERS Esports,5.0,0.0,2026-01-15,LOL ITALIAN TOURNAMENT,,skipped,,
1970-01-01 00:00:00+00:00,NLC|La BOMBAS|Ruddy Corporation|2026-01-15T20:00:00+00:00,2026-01-15T20:00:00+00:00,NLC,BO1,La BOMBAS,Ruddy Corporation,0.5,0.5,,,BetaCalibratedWrapper,no_roster:La BOMBAS+Ruddy Corporation,La BOMBAS,Ruddy Corporation,0.0,0.0,2026-01-15,NLC,,skipped,,
1970-01-01 00:00:00+00:00,Road of Legends|The Bandits|Once Upon a Team|2026-01-15T20:00:00+00:00,2026-01-15T20:00:00+00:00,Road of Legends,BO1,The Bandits,Once Upon a Team,0.5,0.5,0.5,0.5,BetaCalibratedWrapper,no_roster:The Bandits+Once Upon a Team,The Bandits,Once Upon a Team,0.0,0.0,2026-01-15,ROAD OF LEGENDS,,skipped,,
1970-01-01 00:00:00+00:00,Road of Legends|mCon Esports|Senshi eSports|2026-01-15T20:00:00+00:00,2026-01-15T20:00:00+00:00,Road of Legends,BO1,mCon Esports,Senshi eSports,0.5,0.5,0.5,0.5,BetaCalibratedWrapper,no_roster:Senshi eSports,Top Esports,Senshi eSports,5.0,0.0,2026-01-15,ROAD OF LEGENDS,,skipped,,
1970-01-01 00:00:00+00:00,NLC|Arctic Pandas|Verdant|2026-01-15T21:00:00+00:00,2026-01-15T21:00:00+00:00,NLC,BO1,Arctic Pandas,Verdant,0.5,0.5,,0.5,BetaCalibratedWrapper,no_roster:Arctic Pandas+Verdant,Arctic Pandas,Verdant,0.0,0.0,2026-01-15,NLC,,skipped,,
1970-01-01 00:00:00+00:00,NLC|Arctic Pandas Oy|Verdant|2026-01-15T21:00:00+00:00,2026-01-15T21:00:00+00:00,NLC,BO1,Arctic Pandas Oy,Verdant,0.5,0.5,,,BetaCalibratedWrapper,no_roster:Arctic Pandas Oy+Verdant,Arctic Pandas Oy,Verdant,0.0,0.0,2026-01-15,NLC,,skipped,,
1970-01-01 00:00:00+00:00,Road of Legends|Dynasty|Myth Esports|2026-01-15T21:00:00+00:00,2026-01-15T21:00:00+00:00,Road of Legends,BO1,Dynasty,Myth Esports,0.5,0.5,0.5,0.5,BetaCalibratedWrapper,no_roster:Dynasty,Dynasty,GAM Esports,0.0,5.0,2026-01-15,ROAD OF LEGENDS,,skipped,,
1970-01-01 00:00:00+00:00,Road of Legends|Frites Esports Club|ZennIT|2026-01-15T21:00:00+00:00,2026-01-15T21:00:00+00:00,Road of Legends,BO1,Frites Esports Club,ZennIT,0.5,0.5,0.5,0.5,BetaCalibratedWrapper,no_roster:ZennIT,Chiefs Esports Club,ZennIT,5.0,0.0,2026-01-15,ROAD OF LEGENDS,,skipped,,
1970-01-01 00:00:00+00:00,LCK Challengers|DRX Challengers|kt Challengers|2026-01-16T05:00:00+00:00,2026-01-16T05:00:00+00:00,LCK Challengers,BO3,DRX Challengers,kt Challengers,0.5,0.5,0.5,0.5,BetaCalibratedWrapper,no_roster:DRX Challengers+kt Challengers,DRX Challengers,kt Challengers,0.0,0.0,2026-01-16,LCK,,skipped,,
1970-01-01 00:00:00+00:00,LCK Challengers|NS Challengers|DK Challengers|2026-01-16T05:00:00+00:00,2026-01-16T05:00:00+00:00,LCK Challengers,BO3,NS Challengers,DK Challengers,0.5,0.5,0.5,0.5,BetaCalibratedWrapper,no_roster:NS Challengers+DK Challengers,NS Challengers,DK Challengers,0.0,0.0,2026-01-16,LCK,,skipped,,
1970-01-01 00:00:00+00:00,LCP|Ground Zero Gaming|Team Secret Whales|2026-01-16T06:00:00+00:00,2026-01-16T06:00:00+00:00,LCP,BO3,Ground Zero Gaming,Team Secret Whales,0.4777256213042796,0.5222743786957205,,0.2612869787629887,BetaCalibratedWrapper,ok,Ground Zero Gaming,Team Secret Whales,5.0,5.0,2026-01-16,LCP,,ok,Ground Zero Gaming|Team Secret Whales,no
1970-01-01 00:00:00+00:00,LCK|DN SOOPers|Dplus KIA|2026-01-16T08:00:00+00:00,2026-01-16T08:00:00+00:00,LCK,BO3,DN SOOPers,Dplus KIA,0.5,0.5,0.5,0.5,BetaCalibratedWrapper,no_roster:DN SOOPers,DN SOOPers,Dplus KIA,0.0,5.0,2026-01-16,LCK,,skipped,,
1970-01-01 00:00:00+00:00,LCP|Deep Cross Gaming|Fukuoka SoftBank HAWKS gaming|2026-01-16T08:30:00+00:00,2026-01-16T08:30:00+00:00,LCP,BO3,Deep Cross Gaming,Fukuoka SoftBank HAWKS gaming,0.6894487691127228,0.3105512308872772,,,BetaCalibratedWrapper,ok,Deep Cross Gaming,Fukuoka SoftBank HAWKS gaming,5.0,5.0,2026-01-16,LCP,,ok,Deep Cross Gaming|Fukuoka SoftBank HAWKS gaming,no
1970-01-01 00:00:00+00:00,LPL|Oh My God|Suzhou LNG Ninebot Esports|2026-01-16T09:00:00+00:00,2026-01-16T09:00:00+00:00,LPL,BO3,Oh My God,Suzhou LNG Ninebot Esports,0.5,0.5,,,BetaCalibratedWrapper,no_roster:Suzhou LNG Ninebot Esports,Oh My God,Suzhou LNG Ninebot Esports,5.0,0.0,2026-01-16,LPL,,skipped,,
1970-01-01 00:00:00+00:00,LCK|Hanwha Life Esports|T1|2026-01-16T10:00:00+00:00,2026-01-16T10:00:00+00:00,LCK,BO3,Hanwha Life Esports,T1,0.8616874864360372,0.1383125135639628,0.1445718688363551,0.165150099798009,BetaCalibratedWrapper,ok,Hanwha Life Esports,T1,5.0,5.0,2026-01-16,LCK,,ok,Hanwha Life Esports|T1,no
1970-01-01 00:00:00+00:00,LPL|SHANGHAI EDWARD GAMING HYCAN|Xi'an Team WE|2026-01-16T11:00:00+00:00,2026-01-16T11:00:00+00:00,LPL,BO3,SHANGHAI EDWARD GAMING HYCAN,Xi'an Team WE,0.5,0.5,,,BetaCalibratedWrapper,no_roster:SHANGHAI EDWARD GAMING HYCAN+Xi'an Team WE,SHANGHAI EDWARD GAMING HYCAN,Xi'an Team WE,0.0,0.0,2026-01-16,LPL,,skipped,,
1970-01-01 00:00:00+00:00,Arabian League|3BL GALAXY ESPORTS|BAAM Esports|2026-01-16T16:00:00+00:00,2026-01-16T16:00:00+00:00,Arabian League,BO3,3BL GALAXY ESPORTS,BAAM Esports,0.5,0.5,0.5,0.5,BetaCalibratedWrapper,no_roster:3BL GALAXY ESPORTS,3BL GALAXY ESPORTS,GAM Esports,0.0,5.0,2026-01-16,ARABIAN LEAGUE,,skipped,,
1970-01-01 00:00:00+00:00,LoL Italian Tournament|P11 Esports|Deacoy|2026-01-16T17:00:00+00:00,2026-01-16T17:00:00+00:00,LoL Italian Tournament,BO1,P11 Esports,Deacoy,0.5,0.5,0.5,0.5,BetaCalibratedWrapper,no_roster:Deacoy,Top Esports,Deacoy,5.0,0.0,2026-01-16,LOL ITALIAN TOURNAMENT,,skipped,,
1970-01-01 00:00:00+00:00,LoL Italian Tournament|HMBLE|Zena Esports|2026-01-16T18:00:00+00:00,2026-01-16T18:00:00+00:00,LoL Italian Tournament,BO1,HMBLE,Zena Esports,0.5,0.5,0.5,0.5,BetaCalibratedWrapper,no_roster:HMBLE,HMBLE,LNG Esports,0.0,5.0,2026-01-16,LOL ITALIAN TOURNAMENT,,skipped,,
1970-01-01 00:00:00+00:00,Arabian League|Dragons Esports|Anubis Gaming|2026-01-16T18:30:00+00:00,2026-01-16T18:30:00+00:00,Arabian League,BO3,Dragons Esports,Anubis Gaming,0.5,0.5,0.5,0.5,BetaCalibratedWrapper,no_roster:Anubis Gaming,Frank Esports,Anubis Gaming,5.0,0.0,2026-01-16,ARABIAN LEAGUE,,skipped,,
1970-01-01 00:00:00+00:00,LoL Italian Tournament|Axolotl esports|GMBLERS Esports|2026-01-16T19:00:00+00:00,2026-01-16T19:00:00+00:00,LoL Italian Tournament,BO1,Axolotl esports,GMBLERS Esports,0.5,0.5,0.5,0.5,BetaCalibratedWrapper,no_roster:Axolotl esports+GMBLERS Esports,Axolotl esports,GMBLERS Esports,0.0,0.0,2026-01-16,LOL ITALIAN TOURNAMENT,,skipped,,
1970-01-01 00:00:00+00:00,LoL Italian Tournament|Colossal Gaming|EKO Esports|2026-01-16T20:00:00+00:00,2026-01-16T20:00:00+00:00,LoL Italian Tournament,BO1,Colossal Gaming,EKO Esports,0.5,0.5,0.5,0.5,BetaCalibratedWrapper,no_roster:Colossal Gaming,Colossal Gaming,Kyo eSports,0.0,4.0,2026-01-16,LOL ITALIAN TOURNAMENT,,skipped,,
1970-01-01 00:00:00+00:00,LCP|GAM Esports|CTBC Flying Oyster|2026-01-17T06:00:00+00:00,2026-01-17T06:00:00+00:00,LCP,BO3,GAM Esports,CTBC Flying Oyster,0.1121970194450794,0.8878029805549206,,0.7621860068580445,BetaCalibratedWrapper,ok,GAM Esports,CTBC Flying Oyster,5.0,5.0,2026-01-17,LCP,,ok,CTBC Flying Oyster|GAM Esports,yes
1970-01-01 00:00:00+00:00,LCK|BRION|BNK FEARX|2026-01-17T08:00:00+00:00,2026-01-17T08:00:00+00:00,LCK,BO3,BRION,BNK FEARX,0.5,0.5,0.5,0.7961597279503899,BetaCalibratedWrapper,no_roster:BRION,BRION,BNK FEARX,0.0,5.0,2026-01-17,LCK,,skipped,,
1970-01-01 00:00:00+00:00,LCP|DetonatioN FocusMe|MVK Esports|2026-01-17T08:30:00+00:00,2026-01-17T08:30:00+00:00,LCP,BO3,DetonatioN FocusMe,MVK Esports,0.9206729344912856,0.0793270655087144,,,BetaCalibratedWrapper,ok,DetonatioN FocusMe,V3 Esports,5.0,5.0,2026-01-17,LCP,,ok,DetonatioN FocusMe|V3 Esports,no
1970-01-01 00:00:00+00:00,LPL|Anyone's Legend|BILIBILI GAMING DREAMSMART|2026-01-17T09:00:00+00:00,2026-01-17T09:00:00+00:00,LPL,BO3,Anyone's Legend,BILIBILI GAMING DREAMSMART,0.8188414724808568,0.1811585275191432,0.8043895960173849,0.5,BetaCalibratedWrapper,ok,Anyone's Legend,Bilibili Gaming,5.0,5.0,2026-01-17,LPL,,ok,Anyone's Legend|Bilibili Gaming,no
1970-01-01 00:00:00+00:00,LCK|Gen.G Esports|kt Rolster|2026-01-17T10:00:00+00:00,2026-01-17T10:00:00+00:00,LCK,BO3,Gen.G Esports,kt Rolster,0.9270214231576642,0.0729785768423357,0.5080175423899828,0.5,BetaCalibratedWrapper,ok,Gen.G,KT Rolster,5.0,5.0,2026-01-17,LCK,,ok,Gen.G|KT Rolster,no
1970-01-01 00:00:00+00:00,LPL|Beijing JDG Intel Esports|Invictus Gaming|2026-01-17T11:00:00+00:00,2026-01-17T11:00:00+00:00,LPL,BO3,Beijing JDG Intel Esports,Invictus Gaming,0.5,0.5,0.5,0.1956104039826151,BetaCalibratedWrapper,no_roster:Beijing JDG Intel Esports,Beijing JDG Intel Esports,Invictus Gaming,0.0,5.0,2026-01-17,LPL,,skipped,,
1970-01-01 00:00:00+00:00,CBLOL|Vivo Keyd Stars|paiN Gaming|2026-01-17T16:00:00+00:00,2026-01-17T16:00:00+00:00,CBLOL,BO1,Vivo Keyd Stars,paiN Gaming,0.3613163427427943,0.6386836572572057,0.1069454831185395,,BetaCalibratedWrapper,ok,Vivo Keyd Stars,paiN Gaming,5.0,5.0,2026-01-17,CBLOL,ValueError: Roster vide : impossible d'agréger les features.,skipped,paiN Gaming|Vivo Keyd Stars,yes
1970-01-01 00:00:00+00:00,LEC|Los Ratones|Fnatic|2026-01-17T16:00:00+00:00,2026-01-17T16:00:00+00:00,LEC,BO1,Los Ratones,Fnatic,0.5734319692247993,0.4265680307752006,0.2866705219986402,,BetaCalibratedWrapper,ok,Los Grandes,Fnatic,5.0,5.0,2026-01-17,LEC,ValueError: Roster vide : impossible d'agréger les features.,skipped,Fnatic|Los Grandes,yes
1970-01-01 00:00:00+00:00,LEC|Shifters|GIANTX|2026-01-17T16:45:00+00:00,2026-01-17T16:45:00+00:00,LEC,BO1,Shifters,GIANTX,0.5,0.5,,,BetaCalibratedWrapper,no_roster:Shifters,Shifters,GiantX,0.0,5.0,2026-01-17,LEC,,skipped,,
1970-01-01 00:00:00+00:00,CBLOL|RED Canids Kalunga|Fluxo|2026-01-17T17:00:00+00:00,2026-01-17T17:00:00+00:00,CBLOL,BO1,RED Canids Kalunga,Fluxo,0.5,0.5,,,BetaCalibratedWrapper,no_roster:RED Canids Kalunga,RED Canids Kalunga,Fluxo,0.0,5.0,2026-01-17,CBLOL,,skipped,,
1970-01-01 00:00:00+00:00,LEC|Team Heretics|Natus Vincere|2026-01-17T17:30:00+00:00,2026-01-17T17:30:00+00:00,LEC,BO1,Team Heretics,Natus Vincere,0.5690806093291646,0.4309193906708354,,,BetaCalibratedWrapper,ok,Team Heretics,Natus Vincere,5.0,5.0,2026-01-17,LEC,,ok,Natus Vincere|Team Heretics,yes
1970-01-01 00:00:00+00:00,CBLOL|FURIA|LOUD|2026-01-17T18:00:00+00:00,2026-01-17T18:00:00+00:00,CBLOL,BO1,FURIA,LOUD,0.4491108925985874,0.5508891074014126,,,BetaCalibratedWrapper,ok,FURIA,LOUD,5.0,5.0,2026-01-17,CBLOL,ValueError: Roster vide : impossible d'agréger les features.,skipped,FURIA|LOUD,no
1970-01-01 00:00:00+00:00,LEC|Team Vitality|SK Gaming|2026-01-17T18:15:00+00:00,2026-01-17T18:15:00+00:00,LEC,BO1,Team Vitality,SK Gaming,0.5649904735990501,0.4350095264009499,,,BetaCalibratedWrapper,ok,Team Vitality,SK Gaming,5.0,5.0,2026-01-17,LEC,,ok,SK Gaming|Team Vitality,yes
1970-01-01 00:00:00+00:00,CBLOL|LOS|Vivo Keyd Stars|2026-01-17T19:00:00+00:00,2026-01-17T19:00:00+00:00,CBLOL,BO1,LOS,Vivo Keyd Stars,0.5,0.5,,0.3613163427427943,BetaCalibratedWrapper,no_roster:LOS,LOS,Vivo Keyd Stars,0.0,5.0,2026-01-17,CBLOL,,skipped,,
1970-01-01 00:00:00+00:00,LEC|Karmine Corp Blue|Karmine Corp|2026-01-17T19:00:00+00:00,2026-01-17T19:00:00+00:00,LEC,BO1,Karmine Corp Blue,Karmine Corp,0.6093365950535898,0.3906634049464101,0.7133294780013598,,BetaCalibratedWrapper,ok,Karmine Corp,Karmine Corp,5.0,5.0,2026-01-17,LEC,,mismatch:0.6093,Karmine Corp|Karmine Corp,no
1970-01-01 00:00:00+00:00,LEC|Movistar KOI|G2 Esports|2026-01-17T19:45:00+00:00,2026-01-17T19:45:00+00:00,LEC,BO1,Movistar KOI,G2 Esports,0.3237981801419353,0.6762018198580647,0.7387130212370113,0.2735021310904099,BetaCalibratedWrapper,ok,Movistar KOI,G2 Esports,5.0,5.0,2026-01-17,LEC,,ok,G2 Esports|Movistar KOI,yes
1970-01-01 00:00:00+00:00,CBLOL|LEVIATÁN|FURIA|2026-01-17T20:00:00+00:00,2026-01-17T20:00:00+00:00,CBLOL,BO1,LEVIATÁN,FURIA,0.3430837606206924,0.6569162393793075,,0.4491108925985874,BetaCalibratedWrapper,ok,Leviatan,FURIA,5.0,5.0,2026-01-17,CBLOL,ValueError: Roster vide : impossible d'agréger les features.,skipped,FURIA|Leviatan,yes
1970-01-01 00:00:00+00:00,LCP|Ground Zero Gaming|Deep Cross Gaming|2026-01-18T06:00:00+00:00,2026-01-18T06:00:00+00:00,LCP,BO3,Ground Zero Gaming,Deep Cross Gaming,0.3459054611496794,0.6540945388503205,0.4777256213042796,0.6894487691127228,BetaCalibratedWrapper,ok,Ground Zero Gaming,Deep Cross Gaming,5.0,5.0,2026-01-18,LCP,,ok,Deep Cross Gaming|Ground Zero Gaming,yes
1970-01-01 00:00:00+00:00,LCK|NONGSHIM RED FORCE|Hanwha Life Esports|2026-01-18T08:00:00+00:00,2026-01-18T08:00:00+00:00,LCK,BO3,NONGSHIM RED FORCE,Hanwha Life Esports,0.2110655315132518,0.7889344684867482,0.20384027204961,0.8616874864360372,BetaCalibratedWrapper,ok,Nongshim RedForce,Hanwha Life Esports,5.0,5.0,2026-01-18,LCK,,ok,Hanwha Life Esports|Nongshim RedForce,yes
1970-01-01 00:00:00+00:00,LCP|Team Secret Whales|Fukuoka SoftBank HAWKS gaming|2026-01-18T08:30:00+00:00,2026-01-18T08:30:00+00:00,LCP,BO3,Team Secret Whales,Fukuoka SoftBank HAWKS gaming,0.2680328195094429,0.7319671804905571,0.5222743786957205,0.3105512308872772,BetaCalibratedWrapper,ok,Team Secret Whales,Fukuoka SoftBank HAWKS gaming,5.0,5.0,2026-01-18,LCP,,ok,Fukuoka SoftBank HAWKS gaming|Team Secret Whales,yes
1970-01-01 00:00:00+00:00,LPL|TOPESPORTS|BILIBILI GAMING DREAMSMART|2026-01-18T09:00:00+00:00,2026-01-18T09:00:00+00:00,LPL,BO3,TOPESPORTS,BILIBILI GAMING DREAMSMART,0.2182246193778131,0.7817753806221869,0.5,0.1811585275191432,BetaCalibratedWrapper,ok,Top Esports,Bilibili Gaming,5.0,5.0,2026-01-18,LPL,,ok,Bilibili Gaming|Top Esports,yes
1970-01-01 00:00:00+00:00,LCK|DRX|T1|2026-01-18T10:00:00+00:00,2026-01-18T10:00:00+00:00,LCK,BO3,DRX,T1,0.8024864025590829,0.1975135974409171,0.4919824576100172,0.1383125135639628,BetaCalibratedWrapper,ok,DRX,T1,5.0,5.0,2026-01-18,LCK,,ok,DRX|T1,no
1970-01-01 00:00:00+00:00,LPL|Beijing JDG Intel Esports|Anyone's Legend|2026-01-18T11:00:00+00:00,2026-01-18T11:00:00+00:00,LPL,BO3,Beijing JDG Intel Esports,Anyone's Legend,0.5,0.5,0.5,0.8188414724808568,BetaCalibratedWrapper,no_roster:Beijing JDG Intel Esports,Beijing JDG Intel Esports,Anyone's Legend,0.0,5.0,2026-01-18,LPL,,skipped,,
1970-01-01 00:00:00+00:00,CBLOL|Fluxo|LOS|2026-01-18T16:00:00+00:00,2026-01-18T16:00:00+00:00,CBLOL,BO1,Fluxo,LOS,0.5,0.5,0.5,0.5,BetaCalibratedWrapper,no_roster:LOS,Fluxo,LOS,5.0,0.0,2026-01-18,CBLOL,,skipped,,
1970-01-01 00:00:00+00:00,LEC|Team Heretics|Shifters|2026-01-18T16:00:00+00:00,2026-01-18T16:00:00+00:00,LEC,BO1,Team Heretics,Shifters,0.5,0.5,0.5690806093291646,0.5,BetaCalibratedWrapper,no_roster:Shifters,Team Heretics,Shifters,5.0,0.0,2026-01-18,LEC,,skipped,,
1970-01-01 00:00:00+00:00,LEC|Los Ratones|Karmine Corp Blue|2026-01-18T16:45:00+00:00,2026-01-18T16:45:00+00:00,LEC,BO1,Los Ratones,Karmine Corp Blue,0.4320344147353584,0.5679655852646416,0.5734319692247993,0.6093365950535898,BetaCalibratedWrapper,ok,Los Grandes,Karmine Corp,5.0,5.0,2026-01-18,LEC,ValueError: Roster vide : impossible d'agréger les features.,skipped,Karmine Corp|Los Grandes,yes
1970-01-01 00:00:00+00:00,CBLOL|paiN Gaming|FURIA|2026-01-18T17:00:00+00:00,2026-01-18T17:00:00+00:00,CBLOL,BO1,paiN Gaming,FURIA,0.5164236042677894,0.4835763957322105,0.6386836572572057,0.6569162393793075,BetaCalibratedWrapper,ok,paiN Gaming,FURIA,5.0,5.0,2026-01-18,CBLOL,ValueError: Roster vide : impossible d'agréger les features.,skipped,FURIA|paiN Gaming,yes
1970-01-01 00:00:00+00:00,LEC|Team Vitality|Natus Vincere|2026-01-18T17:30:00+00:00,2026-01-18T17:30:00+00:00,LEC,BO1,Team Vitality,Natus Vincere,0.5755124674390812,0.4244875325609187,0.5649904735990501,0.4309193906708354,BetaCalibratedWrapper,ok,Team Vitality,Natus Vincere,5.0,5.0,2026-01-18,LEC,,ok,Natus Vincere|Team Vitality,yes
1970-01-01 00:00:00+00:00,CBLOL|Vivo Keyd Stars|Fluxo|2026-01-18T18:00:00+00:00,2026-01-18T18:00:00+00:00,CBLOL,BO1,Vivo Keyd Stars,Fluxo,0.3998620955514483,0.6001379044485516,0.5,0.5,BetaCalibratedWrapper,ok,Vivo Keyd Stars,Fluxo,5.0,5.0,2026-01-18,CBLOL,ValueError: Roster vide : impossible d'agréger les features.,skipped,Fluxo|Vivo Keyd Stars,yes
1970-01-01 00:00:00+00:00,LEC|SK Gaming|Fnatic|2026-01-18T18:15:00+00:00,2026-01-18T18:15:00+00:00,LEC,BO1,SK Gaming,Fnatic,0.3354890719406345,0.6645109280593655,0.4350095264009499,0.4265680307752006,BetaCalibratedWrapper,ok,SK Gaming,Fnatic,5.0,5.0,2026-01-18,LEC,,ok,Fnatic|SK Gaming,yes
1970-01-01 00:00:00+00:00,CBLOL|paiN Gaming|LOUD|2026-01-18T19:00:00+00:00,2026-01-18T19:00:00+00:00,CBLOL,BO1,paiN Gaming,LOUD,0.3630906201459717,0.6369093798540283,0.5164236042677894,0.5508891074014126,BetaCalibratedWrapper,ok,paiN Gaming,LOUD,5.0,5.0,2026-01-18,CBLOL,ValueError: Roster vide : impossible d'agréger les features.,skipped,LOUD|paiN Gaming,yes
1970-01-01 00:00:00+00:00,LEC|G2 Esports|GIANTX|2026-01-18T19:00:00+00:00,2026-01-18T19:00:00+00:00,LEC,BO1,G2 Esports,GIANTX,0.7835502168848715,0.2164497831151285,0.6762018198580647,0.5,BetaCalibratedWrapper,ok,G2 Esports,GiantX,5.0,5.0,2026-01-18,LEC,,ok,G2 Esports|GiantX,no
1970-01-01 00:00:00+00:00,LEC|Movistar KOI|Karmine Corp|2026-01-18T19:45:00+00:00,2026-01-18T19:45:00+00:00,LEC,BO1,Movistar KOI,Karmine Corp,0.5115201229476964,0.4884798770523035,0.3237981801419353,0.3906634049464101,BetaCalibratedWrapper,ok,Movistar KOI,Karmine Corp,5.0,5.0,2026-01-18,LEC,,ok,Karmine Corp|Movistar KOI,yes
1970-01-01 00:00:00+00:00,CBLOL|LEVIATÁN|RED Canids Kalunga|2026-01-18T20:00:00+00:00,2026-01-18T20:00:00+00:00,CBLOL,BO1,LEVIATÁN,RED Canids Kalunga,0.5,0.5,0.3430837606206924,0.5,BetaCalibratedWrapper,no_roster:RED Canids Kalunga,Leviatan,RED Canids Kalunga,5.0,0.0,2026-01-18,CBLOL,,skipped,,
1970-01-01 00:00:00+00:00,LCK Challengers|Gen.G Global Academy|kt Challengers|2026-01-19T05:00:00+00:00,2026-01-19T05:00:00+00:00,LCK Challengers,BO3,Gen.G Global Academy,kt Challengers,0.5,0.5,0.5,0.5,BetaCalibratedWrapper,no_roster:Gen.G Global Academy+kt Challengers,Gen.G Global Academy,kt Challengers,0.0,0.0,2026-01-19,LCK,,skipped,,
1970-01-01 00:00:00+00:00,LCK Challengers|DRX Challengers|DK Challengers|2026-01-19T07:00:00+00:00,2026-01-19T07:00:00+00:00,LCK Challengers,BO3,DRX Challengers,DK Challengers,0.5,0.5,0.5,0.5,BetaCalibratedWrapper,no_roster:DRX Challengers+DK Challengers,DRX Challengers,DK Challengers,0.0,0.0,2026-01-19,LCK,,skipped,,
1970-01-01 00:00:00+00:00,LPL|THUNDERTALKGAMING|Xi'an Team WE|2026-01-19T07:00:00+00:00,2026-01-19T07:00:00+00:00,LPL,BO3,THUNDERTALKGAMING,Xi'an Team WE,0.5,0.5,,0.5,BetaCalibratedWrapper,no_roster:Xi'an Team WE,ThunderTalk Gaming,Xi'an Team WE,5.0,0.0,2026-01-19,LPL,,skipped,,
1970-01-01 00:00:00+00:00,LCK Challengers|BNK FEARX Youth|HLE Challengers|2026-01-19T09:00:00+00:00,2026-01-19T09:00:00+00:00,LCK Challengers,BO3,BNK FEARX Youth,HLE Challengers,0.5,0.5,0.5,0.5,BetaCalibratedWrapper,no_roster:BNK FEARX Youth+HLE Challengers,BNK FEARX Youth,HLE Challengers,0.0,0.0,2026-01-19,LCK,,skipped,,
1970-01-01 00:00:00+00:00,LPL|WeiboGaming Faw Audi|TOPESPORTS|2026-01-19T09:00:00+00:00,2026-01-19T09:00:00+00:00,LPL,BO3,WeiboGaming Faw Audi,TOPESPORTS,0.5,0.5,0.5,0.2182246193778131,BetaCalibratedWrapper,no_roster:WeiboGaming Faw Audi,WeiboGaming Faw Audi,Top Esports,0.0,5.0,2026-01-19,LPL,,skipped,,
1970-01-01 00:00:00+00:00,LPL|SHANGHAI EDWARD GAMING HYCAN|SHENZHEN NINJAS IN PYJAMAS|2026-01-19T11:00:00+00:00,2026-01-19T11:00:00+00:00,LPL,BO3,SHANGHAI EDWARD GAMING HYCAN,SHENZHEN NINJAS IN PYJAMAS,0.5,0.5,0.5,,BetaCalibratedWrapper,no_roster:SHANGHAI EDWARD GAMING HYCAN,SHANGHAI EDWARD GAMING HYCAN,Ninjas in Pyjamas,0.0,5.0,2026-01-19,LPL,,skipped,,
1970-01-01 00:00:00+00:00,LEC|Natus Vincere|Fnatic|2026-01-19T16:00:00+00:00,2026-01-19T16:00:00+00:00,LEC,BO1,Natus Vincere,Fnatic,0.3771404689066957,0.6228595310933043,0.4244875325609187,0.6645109280593655,BetaCalibratedWrapper,ok,Natus Vincere,Fnatic,5.0,5.0,2026-01-19,LEC,,ok,Fnatic|Natus Vincere,yes
1970-01-01 00:00:00+00:00,LEC|Team Vitality|Karmine Corp Blue|2026-01-19T16:45:00+00:00,2026-01-19T16:45:00+00:00,LEC,BO1,Team Vitality,Karmine Corp Blue,0.5457989772809422,0.4542010227190578,0.5755124674390812,0.5679655852646416,BetaCalibratedWrapper,ok,Team Vitality,Karmine Corp,5.0,5.0,2026-01-19,LEC,,ok,Karmine Corp|Team Vitality,yes
1970-01-01 00:00:00+00:00,LEC|Team Vitality|Karmine Corp Blue|2026-01-19T17:00:00+00:00,2026-01-19T17:00:00+00:00,LEC,BO1,Team Vitality,Karmine Corp Blue,0.5457989772809422,0.4542010227190578,0.479038935327074,0.5564018231984763,BetaCalibratedWrapper,ok,Team Vitality,Karmine Corp,5.0,5.0,2026-01-19,LEC,,ok,Karmine Corp|Team Vitality,yes
1970-01-01 00:00:00+00:00,LEC|Team Heretics|GIANTX|2026-01-19T17:30:00+00:00,2026-01-19T17:30:00+00:00,LEC,BO1,Team Heretics,GIANTX,0.5705102572319458,0.4294897427680542,0.5,0.2164497831151285,BetaCalibratedWrapper,ok,Team Heretics,GiantX,5.0,5.0,2026-01-19,LEC,,ok,GiantX|Team Heretics,yes
1970-01-01 00:00:00+00:00,LEC|Team Heretics|GIANTX|2026-01-19T18:00:00+00:00,2026-01-19T18:00:00+00:00,LEC,BO1,Team Heretics,GIANTX,0.5705102572319458,0.4294897427680542,0.520961064672926,0.4921738345399904,BetaCalibratedWrapper,ok,Team Heretics,GiantX,5.0,5.0,2026-01-19,LEC,,ok,GiantX|Team Heretics,yes
1970-01-01 00:00:00+00:00,LEC|Shifters|Movistar KOI|2026-01-19T18:15:00+00:00,2026-01-19T18:15:00+00:00,LEC,BO1,Shifters,Movistar KOI,0.5,0.5,0.5,0.5115201229476964,BetaCalibratedWrapper,no_roster:Shifters,Shifters,Movistar KOI,0.0,5.0,2026-01-19,LEC,,skipped,,
1970-01-01 00:00:00+00:00,LEC|Los Ratones|Karmine Corp|2026-01-19T19:00:00+00:00,2026-01-19T19:00:00+00:00,LEC,BO1,Los Ratones,Karmine Corp,0.4320344147353584,0.5679655852646416,0.4320344147353584,0.4884798770523035,BetaCalibratedWrapper,ok,Los Grandes,Karmine Corp,5.0,5.0,2026-01-19,LEC,ValueError: Roster vide : impossible d'agréger les features.,skipped,Karmine Corp|Los Grandes,yes
1970-01-01 00:00:00+00:00,LEC|Shifters|Movistar KOI|2026-01-19T19:00:00+00:00,2026-01-19T19:00:00+00:00,LEC,BO1,Shifters,Movistar KOI,0.5,0.5,0.5,0.5,BetaCalibratedWrapper,no_roster:Shifters,Shifters,Movistar KOI,0.0,5.0,2026-01-19,LEC,,skipped,,
1970-01-01 00:00:00+00:00,LEC|SK Gaming|G2 Esports|2026-01-19T19:45:00+00:00,2026-01-19T19:45:00+00:00,LEC,BO1,SK Gaming,G2 Esports,0.2145885528252851,0.7854114471747149,0.3354890719406345,0.7835502168848715,BetaCalibratedWrapper,ok,SK Gaming,G2 Esports,5.0,5.0,2026-01-19,LEC,,ok,G2 Esports|SK Gaming,yes
1970-01-01 00:00:00+00:00,LEC|Los Ratones|Karmine Corp|2026-01-19T20:00:00+00:00,2026-01-19T20:00:00+00:00,LEC,BO1,Los Ratones,Karmine Corp,0.4320344147353584,0.5679655852646416,0.2866705219986402,0.5130778738071188,BetaCalibratedWrapper,ok,Los Grandes,Karmine Corp,5.0,5.0,2026-01-19,LEC,ValueError: Roster vide : impossible d'agréger les features.,skipped,Karmine Corp|Los Grandes,yes
1970-01-01 00:00:00+00:00,LEC|SK Gaming|G2 Esports|2026-01-19T21:00:00+00:00,2026-01-19T21:00:00+00:00,LEC,BO1,SK Gaming,G2 Esports,0.2145885528252851,0.7854114471747149,0.4350095264009499,0.6013144721344561,BetaCalibratedWrapper,ok,SK Gaming,G2 Esports,5.0,5.0,2026-01-19,LEC,,ok,G2 Esports|SK Gaming,yes
1970-01-01 00:00:00+00:00,LCK Challengers|T1 Esports Academy|DNS Challengers|2026-01-20T08:00:00+00:00,2026-01-20T08:00:00+00:00,LCK Challengers,BO3,T1 Esports Academy,DNS Challengers,0.5,0.5,0.5,0.5,BetaCalibratedWrapper,no_roster:T1 Esports Academy+DNS Challengers,T1 Esports Academy,DNS Challengers,0.0,0.0,2026-01-20,LCK,,skipped,,
1970-01-01 00:00:00+00:00,LPL|WeiboGaming Faw Audi|Anyone's Legend|2026-01-20T09:00:00+00:00,2026-01-20T09:00:00+00:00,LPL,BO3,WeiboGaming Faw Audi,Anyone's Legend,0.5,0.5,0.5,0.5,BetaCalibratedWrapper,no_roster:WeiboGaming Faw Audi,WeiboGaming Faw Audi,Anyone's Legend,0.0,5.0,2026-01-20,LPL,,skipped,,
1970-01-01 00:00:00+00:00,LCK Challengers|NS Challengers|BRO Challengers|2026-01-20T10:00:00+00:00,2026-01-20T10:00:00+00:00,LCK Challengers,BO3,NS Challengers,BRO Challengers,0.5,0.5,0.5,0.5,BetaCalibratedWrapper,no_roster:NS Challengers+BRO Challengers,NS Challengers,BRO Challengers,0.0,0.0,2026-01-20,LCK,,skipped,,
1970-01-01 00:00:00+00:00,LPL|Invictus Gaming|BILIBILI GAMING DREAMSMART|2026-01-20T11:00:00+00:00,2026-01-20T11:00:00+00:00,LPL,BO3,Invictus Gaming,BILIBILI GAMING DREAMSMART,0.1986347695948079,0.801365230405192,0.5,0.7817753806221869,BetaCalibratedWrapper,ok,Invictus Gaming,Bilibili Gaming,5.0,5.0,2026-01-20,LPL,,ok,Bilibili Gaming|Invictus Gaming,yes
1970-01-01 00:00:00+00:00,TCL|PCIFIC Esports|Bushido Wildcats|2026-01-20T14:30:00+00:00,2026-01-20T14:30:00+00:00,TCL,BO3,PCIFIC Esports,Bushido Wildcats,0.5,0.5,,,BetaCalibratedWrapper,no_roster:PCIFIC Esports+Bushido Wildcats,PCIFIC Esports,Bushido Wildcats,0.0,0.0,2026-01-20,TCL,,skipped,,
1970-01-01 00:00:00+00:00,Arabian League|Anubis Gaming|BAAM Esports|2026-01-20T16:00:00+00:00,2026-01-20T16:00:00+00:00,Arabian League,BO3,Anubis Gaming,BAAM Esports,0.5,0.5,0.5,0.5,BetaCalibratedWrapper,no_roster:Anubis Gaming,Anubis Gaming,GAM Esports,0.0,5.0,2026-01-20,ARABIAN LEAGUE,,skipped,,
1970-01-01 00:00:00+00:00,TCL|SU Esports|Misa Esports|2026-01-20T17:30:00+00:00,2026-01-20T17:30:00+00:00,TCL,BO3,SU Esports,Misa Esports,0.231615498188328,0.768384501811672,,,BetaCalibratedWrapper,ok,V3 Esports,Sicar Esports,5.0,5.0,2026-01-20,TCL,ValueError: Roster vide : impossible d'agréger les features.,skipped,Sicar Esports|V3 Esports,yes
1970-01-01 00:00:00+00:00,Arabian League|Dragons Esports|FN Esports|2026-01-20T18:00:00+00:00,2026-01-20T18:00:00+00:00,Arabian League,BO3,Dragons Esports,FN Esports,0.8502365683212076,0.1497634316787923,0.5,0.5,BetaCalibratedWrapper,ok,Frank Esports,LNG Esports,5.0,5.0,2026-01-20,ARABIAN LEAGUE,ValueError: Roster vide : impossible d'agréger les features.,skipped,Frank Esports|LNG Esports,no
1970-01-01 00:00:00+00:00,Road of Legends|ZennIT|Frites Esports Club|2026-01-20T18:00:00+00:00,2026-01-20T18:00:00+00:00,Road of Legends,BO3,ZennIT,Frites Esports Club,0.5,0.5,0.5,0.5,BetaCalibratedWrapper,no_roster:ZennIT,ZennIT,Chiefs Esports Club,0.0,5.0,2026-01-20,ROAD OF LEGENDS,,skipped,,
1970-01-01 00:00:00+00:00,Road of Legends|Senshi eSports|The Bandits|2026-01-20T19:00:00+00:00,2026-01-20T19:00:00+00:00,Road of Legends,BO3,Senshi eSports,The Bandits,0.5,0.5,0.5,0.5,BetaCalibratedWrapper,no_roster:Senshi eSports+The Bandits,Senshi eSports,The Bandits,0.0,0.0,2026-01-20,ROAD OF LEGENDS,,skipped,,
1970-01-01 00:00:00+00:00,LCK|Dplus KIA|NONGSHIM RED FORCE|2026-01-21T08:00:00+00:00,2026-01-21T08:00:00+00:00,LCK,BO3,Dplus KIA,NONGSHIM RED FORCE,0.8826554519187727,0.1173445480812273,0.5,0.2110655315132518,BetaCalibratedWrapper,ok,Dplus KIA,Nongshim RedForce,5.0,5.0,2026-01-21,LCK,,ok,Dplus KIA|Nongshim RedForce,no
1970-01-01 00:00:00+00:00,LPL|Suzhou LNG Ninebot Esports|Hangzhou LGD Gaming|2026-01-21T09:00:00+00:00,2026-01-21T09:00:00+00:00,LPL,BO3,Suzhou LNG Ninebot Esports,Hangzhou LGD Gaming,0.5,0.5,0.5,0.5,BetaCalibratedWrapper,no_roster:Suzhou LNG Ninebot Esports+Hangzhou LGD Gaming,Suzhou LNG Ninebot Esports,Hangzhou LGD Gaming,0.0,0.0,2026-01-21,LPL,,skipped,,
1970-01-01 00:00:00+00:00,LCK|DRX|DN SOOPers|2026-01-21T10:00:00+00:00,2026-01-21T10:00:00+00:00,LCK,BO3,DRX,DN SOOPers,0.5,0.5,0.8024864025590829,0.5,BetaCalibratedWrapper,no_roster:DN SOOPers,DRX,DN SOOPers,5.0,0.0,2026-01-21,LCK,,skipped,,
1970-01-01 00:00:00+00:00,LPL|Invictus Gaming|TOPESPORTS|2026-01-21T11:00:00+00:00,2026-01-21T11:00:00+00:00,LPL,BO3,Invictus Gaming,TOPESPORTS,0.800680280857548,0.1993197191424519,0.1986347695948079,0.5,BetaCalibratedWrapper,ok,Invictus Gaming,Top Esports,5.0,5.0,2026-01-21,LPL,,ok,Invictus Gaming|Top Esports,no
1970-01-01 00:00:00+00:00,TCL|Team Phoenix|Dark Passage|2026-01-21T14:30:00+00:00,2026-01-21T14:30:00+00:00,TCL,BO3,Team Phoenix,Dark Passage,0.5,0.5,,,BetaCalibratedWrapper,no_roster:Team Phoenix+Dark Passage,Team Phoenix,Dark Passage,0.0,0.0,2026-01-21,TCL,,skipped,,
1970-01-01 00:00:00+00:00,Arabian League|NextGeneration Esports|3BL GALAXY ESPORTS|2026-01-21T16:00:00+00:00,2026-01-21T16:00:00+00:00,Arabian League,BO3,NextGeneration Esports,3BL GALAXY ESPORTS,0.5,0.5,0.5,0.5,BetaCalibratedWrapper,no_roster:NextGeneration Esports+3BL GALAXY ESPORTS,NextGeneration Esports,3BL GALAXY ESPORTS,0.0,0.0,2026-01-21,ARABIAN LEAGUE,,skipped,,
1970-01-01 00:00:00+00:00,Hellenic Legends League|WLGaming|HowL Esports|2026-01-21T16:00:00+00:00,2026-01-21T16:00:00+00:00,Hellenic Legends League,BO2,WLGaming,HowL Esports,0.5,0.5,0.5,0.5,BetaCalibratedWrapper,no_roster:WLGaming,WLGaming,Top Esports,0.0,5.0,2026-01-21,HELLENIC LEGENDS LEAGUE,,skipped,,
1970-01-01 00:00:00+00:00,La Ligue Française|Zephyr Esport|BK ROG Esports|2026-01-21T17:00:00+00:00,2026-01-21T17:00:00+00:00,La Ligue Française,BO1,Zephyr Esport,BK ROG Esports,0.5,0.5,,,BetaCalibratedWrapper,no_roster:Zephyr Esport,Zephyr Esport,Kyo eSports,0.0,4.0,2026-01-21,LA LIGUE FRANÇAISE,,skipped,,
1970-01-01 00:00:00+00:00,NLC|4 Swines & A Bum|Bulldog Esports|2026-01-21T17:00:00+00:00,2026-01-21T17:00:00+00:00,NLC,BO1,4 Swines & A Bum,Bulldog Esports,0.5,0.5,0.5,0.5,BetaCalibratedWrapper,no_roster:4 Swines & A Bum+Bulldog Esports,4 Swines & A Bum,Bulldog Esports,0.0,0.0,2026-01-21,NLC,,skipped,,
1970-01-01 00:00:00+00:00,TCL|S2G Esports|BoostGate Esports|2026-01-21T17:30:00+00:00,2026-01-21T17:30:00+00:00,TCL,BO3,S2G Esports,BoostGate Esports,0.5,0.5,,,BetaCalibratedWrapper,no_roster:BoostGate Esports,G2 Esports,BoostGate Esports,5.0,0.0,2026-01-21,TCL,,skipped,,
1970-01-01 00:00:00+00:00,Hellenic Legends League|ALMO Players|GOAL esports|2026-01-21T18:00:00+00:00,2026-01-21T18:00:00+00:00,Hellenic Legends League,BO2,ALMO Players,GOAL esports,0.5,0.5,0.5,0.5,BetaCalibratedWrapper,no_roster:ALMO Players,ALMO Players,GAM Esports,0.0,5.0,2026-01-21,HELLENIC LEGENDS LEAGUE,,skipped,,
1970-01-01 00:00:00+00:00,La Ligue Française|Yumeea|Solary|2026-01-21T18:00:00+00:00,2026-01-21T18:00:00+00:00,La Ligue Française,BO1,Yumeea,Solary,0.5,0.5,,,BetaCalibratedWrapper,no_roster:Yumeea+Solary,Yumeea,Solary,0.0,0.0,2026-01-21,LA LIGUE FRANÇAISE,,skipped,,
1970-01-01 00:00:00+00:00,NLC|Deer Gaming|Ruddy Corporation|2026-01-21T18:00:00+00:00,2026-01-21T18:00:00+00:00,NLC,BO1,Deer Gaming,Ruddy Corporation,0.5,0.5,0.5,0.5,BetaCalibratedWrapper,no_roster:Ruddy Corporation,JD Gaming,Ruddy Corporation,5.0,0.0,2026-01-21,NLC,,skipped,,
1970-01-01 00:00:00+00:00,Arabian League|GNG Amazigh|One More Esports|2026-01-21T18:30:00+00:00,2026-01-21T18:30:00+00:00,Arabian League,BO3,GNG Amazigh,One More Esports,0.5,0.5,0.5,0.5,BetaCalibratedWrapper,no_roster:GNG Amazigh+One More Esports,GNG Amazigh,One More Esports,0.0,0.0,2026-01-21,ARABIAN LEAGUE,,skipped,,
1970-01-01 00:00:00+00:00,La Ligue Française|Lausanne Esports|French Flair|2026-01-21T19:00:00+00:00,2026-01-21T19:00:00+00:00,La Ligue Française,BO1,Lausanne Esports,French Flair,0.5,0.5,,,BetaCalibratedWrapper,no_roster:Lausanne Esports+French Flair,Lausanne Esports,French Flair,0.0,0.0,2026-01-21,LA LIGUE FRANÇAISE,,skipped,,
1970-01-01 00:00:00+00:00,NLC|Arctic Pandas|Lundqvist Lightside|2026-01-21T19:00:00+00:00,2026-01-21T19:00:00+00:00,NLC,BO1,Arctic Pandas,Lundqvist Lightside,0.5,0.5,0.5,0.5,BetaCalibratedWrapper,no_roster:Arctic Pandas+Lundqvist Lightside,Arctic Pandas,Lundqvist Lightside,0.0,0.0,2026-01-21,NLC,,skipped,,
1970-01-01 00:00:00+00:00,NLC|Arctic Pandas Oy|Lundqvist Lightside|2026-01-21T19:00:00+00:00,2026-01-21T19:00:00+00:00,NLC,BO1,Arctic Pandas Oy,Lundqvist Lightside,0.5,0.5,0.5,0.5,BetaCalibratedWrapper,no_roster:Arctic Pandas Oy+Lundqvist Lightside,Arctic Pandas Oy,Lundqvist Lightside,0.0,0.0,2026-01-21,NLC,,skipped,,
1970-01-01 00:00:00+00:00,La Ligue Française|Vitality Rising Bees|Joblife|2026-01-21T20:00:00+00:00,2026-01-21T20:00:00+00:00,La Ligue Française,BO1,Vitality Rising Bees,Joblife,0.5,0.5,,,BetaCalibratedWrapper,no_roster:Vitality Rising Bees+Joblife,Vitality Rising Bees,Joblife,0.0,0.0,2026-01-21,LA LIGUE FRANÇAISE,,skipped,,
1970-01-01 00:00:00+00:00,NLC|DMG Esports|Verdant|2026-01-21T20:00:00+00:00,2026-01-21T20:00:00+00:00,NLC,BO1,DMG Esports,Verdant,0.5,0.5,0.5,0.5,BetaCalibratedWrapper,no_roster:Verdant,G2 Esports,Verdant,5.0,0.0,2026-01-21,NLC,,skipped,,
1970-01-01 00:00:00+00:00,La Ligue Française|Caldya Esport|Galions|2026-01-21T21:00:00+00:00,2026-01-21T21:00:00+00:00,La Ligue Française,BO1,Caldya Esport,Galions,0.5,0.5,,,BetaCalibratedWrapper,no_roster:Caldya Esport+Galions,Caldya Esport,Galions,0.0,0.0,2026-01-21,LA LIGUE FRANÇAISE,,skipped,,
1970-01-01 00:00:00+00:00,NLC|La BOMBAS|Lund Esports Organization|2026-01-21T21:00:00+00:00,2026-01-21T21:00:00+00:00,NLC,BO1,La BOMBAS,Lund Esports Organization,0.5,0.5,0.5,0.5,BetaCalibratedWrapper,no_roster:La BOMBAS+Lund Esports Organization,La BOMBAS,Lund Esports Organization,0.0,0.0,2026-01-21,NLC,,skipped,,
1970-01-01 00:00:00+00:00,LCK Challengers|BNK FEARX Youth|DK Challengers|2026-01-22T05:00:00+00:00,2026-01-22T05:00:00+00:00,LCK Challengers,BO3,BNK FEARX Youth,DK Challengers,0.5,0.5,0.5,0.5,BetaCalibratedWrapper,no_roster:BNK FEARX Youth+DK Challengers,BNK FEARX Youth,DK Challengers,0.0,0.0,2026-01-22,LCK,,skipped,,
1970-01-01 00:00:00+00:00,LCK Challengers|DRX Challengers|BRO Challengers|2026-01-22T05:00:00+00:00,2026-01-22T05:00:00+00:00,LCK Challengers,BO3,DRX Challengers,BRO Challengers,0.5,0.5,0.5,0.5,BetaCalibratedWrapper,no_roster:DRX Challengers+BRO Challengers,DRX Challengers,BRO Challengers,0.0,0.0,2026-01-22,LCK,,skipped,,
1970-01-01 00:00:00+00:00,LCK Challengers|NS Challengers|kt Challengers|2026-01-22T05:00:00+00:00,2026-01-22T05:00:00+00:00,LCK Challengers,BO3,NS Challengers,kt Challengers,0.5,0.5,0.5,0.5,BetaCalibratedWrapper,no_roster:NS Challengers+kt Challengers,NS Challengers,kt Challengers,0.0,0.0,2026-01-22,LCK,,skipped,,
1970-01-01 00:00:00+00:00,LPL|Oh My God|Ultra Prime|2026-01-22T07:00:00+00:00,2026-01-22T07:00:00+00:00,LPL,BO3,Oh My God,Ultra Prime,0.6880587450130942,0.3119412549869058,0.5,0.5,BetaCalibratedWrapper,ok,Oh My God,Ultra Prime,5.0,5.0,2026-01-22,LPL,,ok,Oh My God|Ultra Prime,no
1970-01-01 00:00:00+00:00,LCK|BRION|Hanwha Life Esports|2026-01-22T08:00:00+00:00,2026-01-22T08:00:00+00:00,LCK,BO3,BRION,Hanwha Life Esports,0.5,0.5,0.5,0.7889344684867482,BetaCalibratedWrapper,no_roster:BRION,BRION,Hanwha Life Esports,0.0,5.0,2026-01-22,LCK,,skipped,,
1970-01-01 00:00:00+00:00,LPL|THUNDERTALKGAMING|SHANGHAI EDWARD GAMING HYCAN|2026-01-22T09:00:00+00:00,2026-01-22T09:00:00+00:00,LPL,BO3,THUNDERTALKGAMING,SHANGHAI EDWARD GAMING HYCAN,0.5,0.5,0.5,0.5,BetaCalibratedWrapper,no_roster:SHANGHAI EDWARD GAMING HYCAN,ThunderTalk Gaming,SHANGHAI EDWARD GAMING HYCAN,5.0,0.0,2026-01-22,LPL,,skipped,,
1970-01-01 00:00:00+00:00,LCK|BNK FEARX|Gen.G Esports|2026-01-22T10:00:00+00:00,2026-01-22T10:00:00+00:00,LCK,BO3,BNK FEARX,Gen.G Esports,0.6131752793570726,0.3868247206429274,0.5,0.9270214231576642,BetaCalibratedWrapper,ok,BNK FEARX,Gen.G,5.0,5.0,2026-01-22,LCK,,ok,BNK FEARX|Gen.G,no
1970-01-01 00:00:00+00:00,LPL|Xi'an Team WE|SHENZHEN NINJAS IN PYJAMAS|2026-01-22T11:00:00+00:00,2026-01-22T11:00:00+00:00,LPL,BO3,Xi'an Team WE,SHENZHEN NINJAS IN PYJAMAS,0.5,0.5,0.5,0.5,BetaCalibratedWrapper,no_roster:Xi'an Team WE,Xi'an Team WE,Ninjas in Pyjamas,0.0,5.0,2026-01-22,LPL,,skipped,,
1970-01-01 00:00:00+00:00,Arabian League|Anubis Gaming|3BL GALAXY ESPORTS|2026-01-22T16:00:00+00:00,2026-01-22T16:00:00+00:00,Arabian League,BO3,Anubis Gaming,3BL GALAXY ESPORTS,0.5,0.5,0.5,0.5,BetaCalibratedWrapper,no_roster:Anubis Gaming+3BL GALAXY ESPORTS,Anubis Gaming,3BL GALAXY ESPORTS,0.0,0.0,2026-01-22,ARABIAN LEAGUE,,skipped,,
1970-01-01 00:00:00+00:00,Hellenic Legends League|Team Insidious|Team Phantasma|2026-01-22T16:00:00+00:00,2026-01-22T16:00:00+00:00,Hellenic Legends League,BO2,Team Insidious,Team Phantasma,0.5,0.5,0.5,0.5,BetaCalibratedWrapper,no_roster:Team Insidious+Team Phantasma,Team Insidious,Team Phantasma,0.0,0.0,2026-01-22,HELLENIC LEGENDS LEAGUE,,skipped,,
1970-01-01 00:00:00+00:00,Hitpoint Masters|Gity Meavedronu|CITA Kaizen|2026-01-22T16:00:00+00:00,2026-01-22T16:00:00+00:00,Hitpoint Masters,BO1,Gity Meavedronu,CITA Kaizen,0.5,0.5,,,BetaCalibratedWrapper,no_roster:Gity Meavedronu+CITA Kaizen,Gity Meavedronu,CITA Kaizen,0.0,0.0,2026-01-22,HITPOINT MASTERS,,skipped,,
1970-01-01 00:00:00+00:00,Hitpoint Masters|TBD|TBD|2026-01-22T16:00:00+00:00,2026-01-22T16:00:00+00:00,Hitpoint Masters,BO1,TBD,TBD,0.5,0.5,0.5,0.5,BetaCalibratedWrapper,no_roster:TBD+TBD,TBD,TBD,0.0,0.0,2026-01-22,HITPOINT MASTERS,,skipped,,
1970-01-01 00:00:00+00:00,Hitpoint Masters|KIA.eSuba Academy|SPAXFAMILY|2026-01-22T17:00:00+00:00,2026-01-22T17:00:00+00:00,Hitpoint Masters,BO1,KIA.eSuba Academy,SPAXFAMILY,0.5,0.5,,,BetaCalibratedWrapper,no_roster:KIA.eSuba Academy+SPAXFAMILY,KIA.eSuba Academy,SPAXFAMILY,0.0,0.0,2026-01-22,HITPOINT MASTERS,,skipped,,
1970-01-01 00:00:00+00:00,Hitpoint Masters|TBD|TBD|2026-01-22T17:00:00+00:00,2026-01-22T17:00:00+00:00,Hitpoint Masters,BO1,TBD,TBD,0.5,0.5,0.5,0.5,BetaCalibratedWrapper,no_roster:TBD+TBD,TBD,TBD,0.0,0.0,2026-01-22,HITPOINT MASTERS,,skipped,,
1970-01-01 00:00:00+00:00,La Ligue Française|Karmine Corp Blue Stars|Vitality.Bee|2026-01-22T17:00:00+00:00,2026-01-22T17:00:00+00:00,La Ligue Française,BO1,Karmine Corp Blue Stars,Vitality.Bee,0.5,0.5,,,BetaCalibratedWrapper,no_roster:Karmine Corp Blue Stars+Vitality.Bee,Karmine Corp Blue Stars,Vitality.Bee,0.0,0.0,2026-01-22,LA LIGUE FRANÇAISE,,skipped,,
1970-01-01 00:00:00+00:00,LoL Italian Tournament|Colossal Gaming|Zena Esports|2026-01-22T17:00:00+00:00,2026-01-22T17:00:00+00:00,LoL Italian Tournament,BO1,Colossal Gaming,Zena Esports,0.5,0.5,0.5,0.5,BetaCalibratedWrapper,no_roster:Colossal Gaming,Colossal Gaming,LNG Esports,0.0,5.0,2026-01-22,LOL ITALIAN TOURNAMENT,,skipped,,
1970-01-01 00:00:00+00:00,NLC|Arctic Pandas|4 Swines & A Bum|2026-01-22T17:00:00+00:00,2026-01-22T17:00:00+00:00,NLC,BO1,Arctic Pandas,4 Swines & A Bum,0.5,0.5,0.5,0.5,BetaCalibratedWrapper,no_roster:Arctic Pandas+4 Swines & A Bum,Arctic Pandas,4 Swines & A Bum,0.0,0.0,2026-01-22,NLC,,skipped,,
1970-01-01 00:00:00+00:00,NLC|Arctic Pandas Oy|4 Swines & A Bum|2026-01-22T17:00:00+00:00,2026-01-22T17:00:00+00:00,NLC,BO1,Arctic Pandas Oy,4 Swines & A Bum,0.5,0.5,0.5,0.5,BetaCalibratedWrapper,no_roster:Arctic Pandas Oy+4 Swines & A Bum,Arctic Pandas Oy,4 Swines & A Bum,0.0,0.0,2026-01-22,NLC,,skipped,,
1970-01-01 00:00:00+00:00,Hellenic Legends League|Team Paradox|Gamespace M.C.|2026-01-22T18:00:00+00:00,2026-01-22T18:00:00+00:00,Hellenic Legends League,BO2,Team Paradox,Gamespace M.C.,0.5,0.5,0.5,0.5,BetaCalibratedWrapper,no_roster:Team Paradox+Gamespace M.C.,Team Paradox,Gamespace M.C.,0.0,0.0,2026-01-22,HELLENIC LEGENDS LEAGUE,,skipped,,
1970-01-01 00:00:00+00:00,Hitpoint Masters|EXILE Esports|Priority|2026-01-22T18:00:00+00:00,2026-01-22T18:00:00+00:00,Hitpoint Masters,BO1,EXILE Esports,Priority,0.5,0.5,,,BetaCalibratedWrapper,no_roster:Priority,EFIVE Esports,Priority,5.0,0.0,2026-01-22,HITPOINT MASTERS,,skipped,,
1970-01-01 00:00:00+00:00,Hitpoint Masters|TBD|TBD|2026-01-22T18:00:00+00:00,2026-01-22T18:00:00+00:00,Hitpoint Masters,BO1,TBD,TBD,0.5,0.5,0.5,0.5,BetaCalibratedWrapper,no_roster:TBD+TBD,TBD,TBD,0.0,0.0,2026-01-22,HITPOINT MASTERS,,skipped,,
1970-01-01 00:00:00+00:00,La Ligue Française|Lille Esport|Esprit Shonen|2026-01-22T18:00:00+00:00,2026-01-22T18:00:00+00:00,La Ligue Française,BO1,Lille Esport,Esprit Shonen,0.5,0.5,,,BetaCalibratedWrapper,no_roster:Lille Esport+Esprit Shonen,Lille Esport,Esprit Shonen,0.0,0.0,2026-01-22,LA LIGUE FRANÇAISE,,skipped,,
1970-01-01 00:00:00+00:00,LoL Italian Tournament|P11 Esports|EKO Esports|2026-01-22T18:00:00+00:00,2026-01-22T18:00:00+00:00,LoL Italian Tournament,BO1,P11 Esports,EKO Esports,0.5715687871604984,0.4284312128395016,0.5,0.5,BetaCalibratedWrapper,ok,Top Esports,Kyo eSports,5.0,4.0,2026-01-22,LOL ITALIAN TOURNAMENT,ValueError: Roster vide : impossible d'agréger les features.,skipped,Kyo eSports|Top Esports,yes
1970-01-01 00:00:00+00:00,NLC|Lund Esports Organization|Verdant|2026-01-22T18:00:00+00:00,2026-01-22T18:00:00+00:00,NLC,BO1,Lund Esports Organization,Verdant,0.5,0.5,0.5,0.5,BetaCalibratedWrapper,no_roster:Lund Esports Organization+Verdant,Lund Esports Organization,Verdant,0.0,0.0,2026-01-22,NLC,,skipped,,
1970-01-01 00:00:00+00:00,Road of Legends|Myth Esports|Once Upon a Team|2026-01-22T18:00:00+00:00,2026-01-22T18:00:00+00:00,Road of Legends,BO3,Myth Esports,Once Upon a Team,0.5,0.5,0.5,0.5,BetaCalibratedWrapper,no_roster:Once Upon a Team,GAM Esports,Once Upon a Team,5.0,0.0,2026-01-22,ROAD OF LEGENDS,,skipped,,
1970-01-01 00:00:00+00:00,Arabian League|Dragons Esports|One More Esports|2026-01-22T18:30:00+00:00,2026-01-22T18:30:00+00:00,Arabian League,BO3,Dragons Esports,One More Esports,0.5,0.5,0.8502365683212076,0.5,BetaCalibratedWrapper,no_roster:One More Esports,Frank Esports,One More Esports,5.0,0.0,2026-01-22,ARABIAN LEAGUE,,skipped,,
1970-01-01 00:00:00+00:00,Hitpoint Masters|Ethereal Enigmas|Divernex|2026-01-22T19:00:00+00:00,2026-01-22T19:00:00+00:00,Hitpoint Masters,BO1,Ethereal Enigmas,Divernex,0.5,0.5,,,BetaCalibratedWrapper,no_roster:Ethereal Enigmas+Divernex,Ethereal Enigmas,Divernex,0.0,0.0,2026-01-22,HITPOINT MASTERS,,skipped,,
1970-01-01 00:00:00+00:00,Hitpoint Masters|TBD|TBD|2026-01-22T19:00:00+00:00,2026-01-22T19:00:00+00:00,Hitpoint Masters,BO1,TBD,TBD,0.5,0.5,0.5,0.5,BetaCalibratedWrapper,no_roster:TBD+TBD,TBD,TBD,0.0,0.0,2026-01-22,HITPOINT MASTERS,,skipped,,
1970-01-01 00:00:00+00:00,La Ligue Française|TLN Pirates|Ici Japon Corp|2026-01-22T19:00:00+00:00,2026-01-22T19:00:00+00:00,La Ligue Française,BO1,TLN Pirates,Ici Japon Corp,0.5,0.5,,,BetaCalibratedWrapper,no_roster:TLN Pirates+Ici Japon Corp,TLN Pirates,Ici Japon Corp,0.0,0.0,2026-01-22,LA LIGUE FRANÇAISE,,skipped,,
1970-01-01 00:00:00+00:00,LoL Italian Tournament|Deacoy|GMBLERS Esports|2026-01-22T19:00:00+00:00,2026-01-22T19:00:00+00:00,LoL Italian Tournament,BO1,Deacoy,GMBLERS Esports,0.5,0.5,0.5,0.5,BetaCalibratedWrapper,no_roster:Deacoy+GMBLERS Esports,Deacoy,GMBLERS Esports,0.0,0.0,2026-01-22,LOL ITALIAN TOURNAMENT,,skipped,,
1970-01-01 00:00:00+00:00,NLC|DMG Esports|Bulldog Esports|2026-01-22T19:00:00+00:00,2026-01-22T19:00:00+00:00,NLC,BO1,DMG Esports,Bulldog Esports,0.5,0.5,0.5,0.5,BetaCalibratedWrapper,no_roster:Bulldog Esports,G2 Esports,Bulldog Esports,5.0,0.0,2026-01-22,NLC,,skipped,,
1970-01-01 00:00:00+00:00,Road of Legends|mCon Esports|Dynasty|2026-01-22T19:00:00+00:00,2026-01-22T19:00:00+00:00,Road of Legends,BO3,mCon Esports,Dynasty,0.5,0.5,0.5439349943869891,0.5,BetaCalibratedWrapper,no_roster:Dynasty,Top Esports,Dynasty,5.0,0.0,2026-01-22,ROAD OF LEGENDS,,skipped,,
1970-01-01 00:00:00+00:00,La Ligue Française|Galions Sharks|ZYB|2026-01-22T20:00:00+00:00,2026-01-22T20:00:00+00:00,La Ligue Française,BO1,Galions Sharks,ZYB,0.5,0.5,,,BetaCalibratedWrapper,no_roster:Galions Sharks+ZYB,Galions Sharks,ZYB,0.0,0.0,2026-01-22,LA LIGUE FRANÇAISE,,skipped,,
1970-01-01 00:00:00+00:00,LoL Italian Tournament|HMBLE|Axolotl esports|2026-01-22T20:00:00+00:00,2026-01-22T20:00:00+00:00,LoL Italian Tournament,BO1,HMBLE,Axolotl esports,0.5,0.5,0.5,0.5,BetaCalibratedWrapper,no_roster:HMBLE+Axolotl esports,HMBLE,Axolotl esports,0.0,0.0,2026-01-22,LOL ITALIAN TOURNAMENT,,skipped,,
1970-01-01 00:00:00+00:00,NLC|Lundqvist Lightside|Ruddy Corporation|2026-01-22T20:00:00+00:00,2026-01-22T20:00:00+00:00,NLC,BO1,Lundqvist Lightside,Ruddy Corporation,0.5,0.5,0.5,0.5,BetaCalibratedWrapper,no_roster:Lundqvist Lightside+Ruddy Corporation,Lundqvist Lightside,Ruddy Corporation,0.0,0.0,2026-01-22,NLC,,skipped,,
1970-01-01 00:00:00+00:00,La Ligue Française|Project Conquerors|Skillcamp|2026-01-22T21:00:00+00:00,2026-01-22T21:00:00+00:00,La Ligue Française,BO1,Project Conquerors,Skillcamp,0.5,0.5,,,BetaCalibratedWrapper,no_roster:Project Conquerors+Skillcamp,Project Conquerors,Skillcamp,0.0,0.0,2026-01-22,LA LIGUE FRANÇAISE,,skipped,,
1970-01-01 00:00:00+00:00,NLC|Deer Gaming|La BOMBAS|2026-01-22T21:00:00+00:00,2026-01-22T21:00:00+00:00,NLC,BO1,Deer Gaming,La BOMBAS,0.5,0.5,0.5,0.5,BetaCalibratedWrapper,no_roster:La BOMBAS,JD Gaming,La BOMBAS,5.0,0.0,2026-01-22,NLC,,skipped,,
1970-01-01 00:00:00+00:00,LCK Challengers|Gen.G Global Academy|DNS Challengers|2026-01-23T05:00:00+00:00,2026-01-23T05:00:00+00:00,LCK Challengers,BO3,Gen.G Global Academy,DNS Challengers,0.5,0.5,0.5,0.5,BetaCalibratedWrapper,no_roster:Gen.G Global Academy+DNS Challengers,Gen.G Global Academy,DNS Challengers,0.0,0.0,2026-01-23,LCK,,skipped,,
1970-01-01 00:00:00+00:00,LCK Challengers|T1 Esports Academy|HLE Challengers|2026-01-23T05:00:00+00:00,2026-01-23T05:00:00+00:00,LCK Challengers,BO3,T1 Esports Academy,HLE Challengers,0.5,0.5,0.5,0.5,BetaCalibratedWrapper,no_roster:T1 Esports Academy+HLE Challengers,T1 Esports Academy,HLE Challengers,0.0,0.0,2026-01-23,LCK,,skipped,,
1970-01-01 00:00:00+00:00,LCP|CTBC Flying Oyster|DetonatioN FocusMe|2026-01-23T06:00:00+00:00,2026-01-23T06:00:00+00:00,LCP,BO3,CTBC Flying Oyster,DetonatioN FocusMe,0.859903913546053,0.140096086453947,0.8878029805549206,0.9206729344912856,BetaCalibratedWrapper,ok,CTBC Flying Oyster,DetonatioN FocusMe,5.0,5.0,2026-01-23,LCP,,ok,CTBC Flying Oyster|DetonatioN FocusMe,no
1970-01-01 00:00:00+00:00,LPL|Oh My God|Hangzhou LGD Gaming|2026-01-23T07:00:00+00:00,2026-01-23T07:00:00+00:00,LPL,BO3,Oh My God,Hangzhou LGD Gaming,0.5,0.5,0.6880587450130942,0.5,BetaCalibratedWrapper,no_roster:Hangzhou LGD Gaming,Oh My God,Hangzhou LGD Gaming,5.0,0.0,2026-01-23,LPL,,skipped,,
1970-01-01 00:00:00+00:00,LCK|kt Rolster|T1|2026-01-23T08:00:00+00:00,2026-01-23T08:00:00+00:00,LCK,BO3,kt Rolster,T1,0.759442916637056,0.240557083362944,0.0729785768423357,0.1975135974409171,BetaCalibratedWrapper,ok,KT Rolster,T1,5.0,5.0,2026-01-23,LCK,,ok,KT Rolster|T1,no
1970-01-01 00:00:00+00:00,LCP|MVK Esports|GAM Esports|2026-01-23T08:30:00+00:00,2026-01-23T08:30:00+00:00,LCP,BO3,MVK Esports,GAM Esports,0.1217439166030004,0.8782560833969996,0.0793270655087144,0.1121970194450794,BetaCalibratedWrapper,ok,V3 Esports,GAM Esports,5.0,5.0,2026-01-23,LCP,,ok,GAM Esports|V3 Esports,yes
1970-01-01 00:00:00+00:00,LPL|THUNDERTALKGAMING|SHANGHAI EDWARD GAMING HYCAN|2026-01-23T09:00:00+00:00,2026-01-23T09:00:00+00:00,LPL,BO3,THUNDERTALKGAMING,SHANGHAI EDWARD GAMING HYCAN,0.5,0.5,0.5,0.5,BetaCalibratedWrapper,no_roster:SHANGHAI EDWARD GAMING HYCAN,ThunderTalk Gaming,SHANGHAI EDWARD GAMING HYCAN,5.0,0.0,2026-01-23,LPL,,skipped,,
1970-01-01 00:00:00+00:00,LCK|NONGSHIM RED FORCE|DRX|2026-01-23T10:00:00+00:00,2026-01-23T10:00:00+00:00,LCK,BO3,NONGSHIM RED FORCE,DRX,0.2575841413835877,0.7424158586164122,0.1173445480812273,0.5,BetaCalibratedWrapper,ok,Nongshim RedForce,DRX,5.0,5.0,2026-01-23,LCK,,ok,DRX|Nongshim RedForce,yes
1970-01-01 00:00:00+00:00,LPL|Beijing JDG Intel Esports|BILIBILI GAMING DREAMSMART|2026-01-23T11:00:00+00:00,2026-01-23T11:00:00+00:00,LPL,BO3,Beijing JDG Intel Esports,BILIBILI GAMING DREAMSMART,0.5,0.5,0.5,0.801365230405192,BetaCalibratedWrapper,no_roster:Beijing JDG Intel Esports,Beijing JDG Intel Esports,Bilibili Gaming,0.0,5.0,2026-01-23,LPL,,skipped,,
1970-01-01 00:00:00+00:00,Arabian League|FN Esports|BAAM Esports|2026-01-23T16:00:00+00:00,2026-01-23T16:00:00+00:00,Arabian League,BO3,FN Esports,BAAM Esports,0.3335040239110401,0.6664959760889598,0.1497634316787923,0.5,BetaCalibratedWrapper,ok,LNG Esports,GAM Esports,5.0,5.0,2026-01-23,ARABIAN LEAGUE,ValueError: Roster vide : impossible d'agréger les features.,skipped,GAM Esports|LNG Esports,yes
1970-01-01 00:00:00+00:00,Hellenic Legends League|GOAL esports|WLGaming|2026-01-23T16:00:00+00:00,2026-01-23T16:00:00+00:00,Hellenic Legends League,BO2,GOAL esports,WLGaming,0.5,0.5,0.5,0.5,BetaCalibratedWrapper,no_roster:WLGaming,GAM Esports,WLGaming,5.0,0.0,2026-01-23,HELLENIC LEGENDS LEAGUE,,skipped,,
1970-01-01 00:00:00+00:00,Hitpoint Masters|BRUTE|UP2U Meavedron|2026-01-23T16:00:00+00:00,2026-01-23T16:00:00+00:00,Hitpoint Masters,BO1,BRUTE,UP2U Meavedron,0.5,0.5,,,BetaCalibratedWrapper,no_roster:BRUTE+UP2U Meavedron,BRUTE,UP2U Meavedron,0.0,0.0,2026-01-23,HITPOINT MASTERS,,skipped,,
1970-01-01 00:00:00+00:00,Hitpoint Masters|TBD|TBD|2026-01-23T16:00:00+00:00,2026-01-23T16:00:00+00:00,Hitpoint Masters,BO1,TBD,TBD,0.5,0.5,0.5,0.5,BetaCalibratedWrapper,no_roster:TBD+TBD,TBD,TBD,0.0,0.0,2026-01-23,HITPOINT MASTERS,,skipped,,
1970-01-01 00:00:00+00:00,Hitpoint Masters|Diversion Gaming|eSuba|2026-01-23T17:00:00+00:00,2026-01-23T17:00:00+00:00,Hitpoint Masters,BO1,Diversion Gaming,eSuba,0.5,0.5,,,BetaCalibratedWrapper,no_roster:Diversion Gaming,Diversion Gaming,eSuba,0.0,5.0,2026-01-23,HITPOINT MASTERS,,skipped,,
1970-01-01 00:00:00+00:00,Hitpoint Masters|TBD|TBD|2026-01-23T17:00:00+00:00,2026-01-23T17:00:00+00:00,Hitpoint Masters,BO1,TBD,TBD,0.5,0.5,0.5,0.5,BetaCalibratedWrapper,no_roster:TBD+TBD,TBD,TBD,0.0,0.0,2026-01-23,HITPOINT MASTERS,,skipped,,
1970-01-01 00:00:00+00:00,LoL Italian Tournament|Colossal Gaming|Axolotl esports|2026-01-23T17:00:00+00:00,2026-01-23T17:00:00+00:00,LoL Italian Tournament,BO1,Colossal Gaming,Axolotl esports,0.5,0.5,0.5,0.5,BetaCalibratedWrapper,no_roster:Colossal Gaming+Axolotl esports,Colossal Gaming,Axolotl esports,0.0,0.0,2026-01-23,LOL ITALIAN TOURNAMENT,,skipped,,
1970-01-01 00:00:00+00:00,Hellenic Legends League|ALMO Players|Team Paradox|2026-01-23T18:00:00+00:00,2026-01-23T18:00:00+00:00,Hellenic Legends League,BO2,ALMO Players,Team Paradox,0.5,0.5,0.5,0.5,BetaCalibratedWrapper,no_roster:ALMO Players+Team Paradox,ALMO Players,Team Paradox,0.0,0.0,2026-01-23,HELLENIC LEGENDS LEAGUE,,skipped,,
1970-01-01 00:00:00+00:00,Hitpoint Masters|NightBirds|Inside Games|2026-01-23T18:00:00+00:00,2026-01-23T18:00:00+00:00,Hitpoint Masters,BO1,NightBirds,Inside Games,0.5,0.5,,,BetaCalibratedWrapper,no_roster:NightBirds+Inside Games,NightBirds,Inside Games,0.0,0.0,2026-01-23,HITPOINT MASTERS,,skipped,,
1970-01-01 00:00:00+00:00,Hitpoint Masters|TBD|TBD|2026-01-23T18:00:00+00:00,2026-01-23T18:00:00+00:00,Hitpoint Masters,BO1,TBD,TBD,0.5,0.5,0.5,0.5,BetaCalibratedWrapper,no_roster:TBD+TBD,TBD,TBD,0.0,0.0,2026-01-23,HITPOINT MASTERS,,skipped,,
1970-01-01 00:00:00+00:00,LoL Italian Tournament|HMBLE|GMBLERS Esports|2026-01-23T18:00:00+00:00,2026-01-23T18:00:00+00:00,LoL Italian Tournament,BO1,HMBLE,GMBLERS Esports,0.5,0.5,0.5,0.5,BetaCalibratedWrapper,no_roster:HMBLE+GMBLERS Esports,HMBLE,GMBLERS Esports,0.0,0.0,2026-01-23,LOL ITALIAN TOURNAMENT,,skipped,,
1970-01-01 00:00:00+00:00,Arabian League|NextGeneration Esports|GNG Amazigh|2026-01-23T18:30:00+00:00,2026-01-23T18:30:00+00:00,Arabian League,BO3,NextGeneration Esports,GNG Amazigh,0.5,0.5,0.5,0.5,BetaCalibratedWrapper,no_roster:NextGeneration Esports+GNG Amazigh,NextGeneration Esports,GNG Amazigh,0.0,0.0,2026-01-23,ARABIAN LEAGUE,,skipped,,
1970-01-01 00:00:00+00:00,Hitpoint Masters|Observant Force|Andromeda Gaming|2026-01-23T19:00:00+00:00,2026-01-23T19:00:00+00:00,Hitpoint Masters,BO1,Observant Force,Andromeda Gaming,0.5,0.5,,,BetaCalibratedWrapper,no_roster:Observant Force+Andromeda Gaming,Observant Force,Andromeda Gaming,0.0,0.0,2026-01-23,HITPOINT MASTERS,,skipped,,
1970-01-01 00:00:00+00:00,Hitpoint Masters|TBD|TBD|2026-01-23T19:00:00+00:00,2026-01-23T19:00:00+00:00,Hitpoint Masters,BO1,TBD,TBD,0.5,0.5,0.5,0.5,BetaCalibratedWrapper,no_roster:TBD+TBD,TBD,TBD,0.0,0.0,2026-01-23,HITPOINT MASTERS,,skipped,,
1970-01-01 00:00:00+00:00,LoL Italian Tournament|P11 Esports|Zena Esports|2026-01-23T19:00:00+00:00,2026-01-23T19:00:00+00:00,LoL Italian Tournament,BO1,P11 Esports,Zena Esports,0.5607344859283351,0.4392655140716649,0.5715687871604984,0.5,BetaCalibratedWrapper,ok,Top Esports,LNG Esports,5.0,5.0,2026-01-23,LOL ITALIAN TOURNAMENT,ValueError: Roster vide : impossible d'agréger les features.,skipped,LNG Esports|Top Esports,yes
1970-01-01 00:00:00+00:00,LoL Italian Tournament|Deacoy|EKO Esports|2026-01-23T20:00:00+00:00,2026-01-23T20:00:00+00:00,LoL Italian Tournament,BO1,Deacoy,EKO Esports,0.5,0.5,0.5,0.4284312128395016,BetaCalibratedWrapper,no_roster:Deacoy,Deacoy,Kyo eSports,0.0,4.0,2026-01-23,LOL ITALIAN TOURNAMENT,,skipped,,
1970-01-01 00:00:00+00:00,LCP|Team Secret Whales|Deep Cross Gaming|2026-01-24T06:00:00+00:00,2026-01-24T06:00:00+00:00,LCP,BO3,Team Secret Whales,Deep Cross Gaming,0.2597616758622635,0.7402383241377365,0.2680328195094429,0.6540945388503205,BetaCalibratedWrapper,ok,Team Secret Whales,Deep Cross Gaming,5.0,5.0,2026-01-24,LCP,,ok,Deep Cross Gaming|Team Secret Whales,yes
1970-01-01 00:00:00+00:00,LCP|Team Secret Whales|Relove Deep Cross Gaming|2026-01-24T06:00:00+00:00,2026-01-24T06:00:00+00:00,LCP,BO3,Team Secret Whales,Relove Deep Cross Gaming,0.4164532265584592,0.5835467734415408,0.2612869787629887,,BetaCalibratedWrapper,ok,Team Whales,Deep Cross Gaming,2.0,5.0,2026-01-24,LCP,ValueError: Roster vide : impossible d'agréger les features.,skipped,Deep Cross Gaming|Team Whales,yes
1970-01-01 00:00:00+00:00,LCK|Hanwha Life Esports|DN SOOPers|2026-01-24T08:00:00+00:00,2026-01-24T08:00:00+00:00,LCK,BO3,Hanwha Life Esports,DN SOOPers,0.5,0.5,0.5,0.5,BetaCalibratedWrapper,no_roster:DN SOOPers,Hanwha Life Esports,DN SOOPers,5.0,0.0,2026-01-24,LCK,,skipped,,
1970-01-01 00:00:00+00:00,LCP|Fukuoka SoftBank HAWKS gaming|Ground Zero Gaming|2026-01-24T08:30:00+00:00,2026-01-24T08:30:00+00:00,LCP,BO3,Fukuoka SoftBank HAWKS gaming,Ground Zero Gaming,0.8645715539670493,0.1354284460329506,0.7319671804905571,0.3459054611496794,BetaCalibratedWrapper,ok,Fukuoka SoftBank HAWKS gaming,Ground Zero Gaming,5.0,5.0,2026-01-24,LCP,,ok,Fukuoka SoftBank HAWKS gaming|Ground Zero Gaming,no
1970-01-01 00:00:00+00:00,LPL|TOPESPORTS|Anyone's Legend|2026-01-24T09:00:00+00:00,2026-01-24T09:00:00+00:00,LPL,BO3,TOPESPORTS,Anyone's Legend,0.3001355185879706,0.6998644814120294,0.1993197191424519,0.5,BetaCalibratedWrapper,ok,Top Esports,Anyone's Legend,5.0,5.0,2026-01-24,LPL,,ok,Anyone's Legend|Top Esports,yes
1970-01-01 00:00:00+00:00,LCK|Dplus KIA|Gen.G Esports|2026-01-24T10:00:00+00:00,2026-01-24T10:00:00+00:00,LCK,BO3,Dplus KIA,Gen.G Esports,0.681964288705328,0.318035711294672,0.8826554519187727,0.3868247206429274,BetaCalibratedWrapper,ok,Dplus KIA,Gen.G,5.0,5.0,2026-01-24,LCK,,ok,Dplus KIA|Gen.G,no
1970-01-01 00:00:00+00:00,LPL|WeiboGaming Faw Audi|Beijing JDG Intel Esports|2026-01-24T11:00:00+00:00,2026-01-24T11:00:00+00:00,LPL,BO3,WeiboGaming Faw Audi,Beijing JDG Intel Esports,0.5,0.5,0.5,0.5,BetaCalibratedWrapper,no_roster:WeiboGaming Faw Audi+Beijing JDG Intel Esports,WeiboGaming Faw Audi,Beijing JDG Intel Esports,0.0,0.0,2026-01-24,LPL,,skipped,,
1970-01-01 00:00:00+00:00,LEC|Los Ratones|GIANTX|2026-01-24T15:45:00+00:00,2026-01-24T15:45:00+00:00,LEC,BO1,Los Ratones,GIANTX,0.557285502752627,0.442714497247373,0.2866705219986402,0.4486181979139596,BetaCalibratedWrapper,ok,Los Ratones,GiantX,5.0,5.0,2026-01-24,LEC,,ok,GiantX|Los Ratones,yes
1970-01-01 00:00:00+00:00,CBLOL|LEVIATÁN|LOS|2026-01-24T16:00:00+00:00,2026-01-24T16:00:00+00:00,CBLOL,BO1,LEVIATÁN,LOS,0.5,0.5,0.5,0.5,BetaCalibratedWrapper,no_roster:LOS,Leviatan,LOS,5.0,0.0,2026-01-24,CBLOL,,skipped,,
1970-01-01 00:00:00+00:00,LEC|Los Ratones|GIANTX|2026-01-24T16:00:00+00:00,2026-01-24T16:00:00+00:00,LEC,BO1,Los Ratones,GIANTX,0.5513818020860404,0.4486181979139596,0.4320344147353584,0.4294897427680542,BetaCalibratedWrapper,ok,Los Grandes,GiantX,5.0,5.0,2026-01-24,LEC,ValueError: Roster vide : impossible d'agréger les features.,skipped,GiantX|Los Grandes,yes
1970-01-01 00:00:00+00:00,LEC|Natus Vincere|Karmine Corp Blue|2026-01-24T16:30:00+00:00,2026-01-24T16:30:00+00:00,LEC,BO1,Natus Vincere,Karmine Corp Blue,0.4588839600646271,0.5411160399353728,0.5570439064315338,0.5130778738071188,BetaCalibratedWrapper,ok,Natus Vincere,Karmine Corp Blue,5.0,5.0,2026-01-24,LEC,,ok,Karmine Corp Blue|Natus Vincere,yes
1970-01-01 00:00:00+00:00,LEC|Natus Vincere|Karmine Corp Blue|2026-01-24T16:45:00+00:00,2026-01-24T16:45:00+00:00,LEC,BO1,Natus Vincere,Karmine Corp Blue,0.4869221261928812,0.5130778738071188,0.3771404689066957,0.4542010227190578,BetaCalibratedWrapper,ok,Natus Vincere,Karmine Corp,5.0,5.0,2026-01-24,LEC,,ok,Karmine Corp|Natus Vincere,yes
1970-01-01 00:00:00+00:00,CBLOL|RED Canids Kalunga|FURIA|2026-01-24T17:00:00+00:00,2026-01-24T17:00:00+00:00,CBLOL,BO1,RED Canids Kalunga,FURIA,0.5,0.5,0.5,0.4835763957322105,BetaCalibratedWrapper,no_roster:RED Canids Kalunga,RED Canids Kalunga,FURIA,0.0,5.0,2026-01-24,CBLOL,,skipped,,
1970-01-01 00:00:00+00:00,LEC|Natus Vincere|Karmine Corp Blue|2026-01-24T17:00:00+00:00,2026-01-24T17:00:00+00:00,LEC,BO1,Natus Vincere,Karmine Corp Blue,0.4869221261928812,0.5130778738071188,0.3771404689066958,0.4542010227190578,BetaCalibratedWrapper,ok,Natus Vincere,Karmine Corp,5.0,5.0,2026-01-24,LEC,,ok,Karmine Corp|Natus Vincere,yes
1970-01-01 00:00:00+00:00,LEC|Team Vitality|Team Heretics|2026-01-24T17:15:00+00:00,2026-01-24T17:15:00+00:00,LEC,BO1,Team Vitality,Team Heretics,0.5247618089689313,0.4752381910310687,0.479038935327074,0.520961064672926,BetaCalibratedWrapper,ok,Team Vitality,Team Heretics,5.0,5.0,2026-01-24,LEC,,ok,Team Heretics|Team Vitality,yes
1970-01-01 00:00:00+00:00,LEC|Team Vitality|Team Heretics|2026-01-24T17:30:00+00:00,2026-01-24T17:30:00+00:00,LEC,BO1,Team Vitality,Team Heretics,0.479038935327074,0.520961064672926,0.5457989772809422,0.5705102572319458,BetaCalibratedWrapper,ok,Team Vitality,Team Heretics,5.0,5.0,2026-01-24,LEC,,ok,Team Heretics|Team Vitality,yes
1970-01-01 00:00:00+00:00,CBLOL|Vivo Keyd Stars|LEVIATÁN|2026-01-24T18:00:00+00:00,2026-01-24T18:00:00+00:00,CBLOL,BO1,Vivo Keyd Stars,LEVIATÁN,0.4872266904917441,0.5127733095082558,0.3998620955514483,0.5,BetaCalibratedWrapper,ok,Vivo Keyd Stars,Leviatan,5.0,5.0,2026-01-24,CBLOL,ValueError: Roster vide : impossible d'agréger les features.,skipped,Leviatan|Vivo Keyd Stars,yes
1970-01-01 00:00:00+00:00,LEC|Shifters|G2 Esports|2026-01-24T18:00:00+00:00,2026-01-24T18:00:00+00:00,LEC,BO1,Shifters,G2 Esports,0.5117250050770666,0.4882749949229333,0.5,0.6013144721344561,BetaCalibratedWrapper,ok,Shifters,G2 Esports,5.0,5.0,2026-01-24,LEC,,ok,G2 Esports|Shifters,yes
1970-01-01 00:00:00+00:00,LEC|Team Vitality|Team Heretics|2026-01-24T18:00:00+00:00,2026-01-24T18:00:00+00:00,LEC,BO1,Team Vitality,Team Heretics,0.479038935327074,0.520961064672926,0.5457989772809422,0.5705102572319458,BetaCalibratedWrapper,ok,Team Vitality,Team Heretics,5.0,5.0,2026-01-24,LEC,,ok,Team Heretics|Team Vitality,yes
1970-01-01 00:00:00+00:00,LEC|Shifters|G2 Esports|2026-01-24T18:15:00+00:00,2026-01-24T18:15:00+00:00,LEC,BO1,Shifters,G2 Esports,0.5,0.5,0.5,0.7854114471747149,BetaCalibratedWrapper,no_roster:Shifters,Shifters,G2 Esports,0.0,5.0,2026-01-24,LEC,,skipped,,
1970-01-01 00:00:00+00:00,LEC|SK Gaming|Karmine Corp|2026-01-24T18:45:00+00:00,2026-01-24T18:45:00+00:00,LEC,BO1,SK Gaming,Karmine Corp,0.2550941595870757,0.7449058404129243,0.4350095264009499,0.5130778738071188,BetaCalibratedWrapper,ok,SK Gaming,Karmine Corp,5.0,5.0,2026-01-24,LEC,,ok,Karmine Corp|SK Gaming,yes
1970-01-01 00:00:00+00:00,CBLOL|LOUD|LOS|2026-01-24T19:00:00+00:00,2026-01-24T19:00:00+00:00,CBLOL,BO1,LOUD,LOS,0.5,0.5,0.6369093798540283,0.5,BetaCalibratedWrapper,no_roster:LOS,LOUD,LOS,5.0,0.0,2026-01-24,CBLOL,,skipped,,
1970-01-01 00:00:00+00:00,LEC|SK Gaming|Karmine Corp|2026-01-24T19:00:00+00:00,2026-01-24T19:00:00+00:00,LEC,BO1,SK Gaming,Karmine Corp,0.4435981768015237,0.5564018231984763,0.2145885528252851,0.5679655852646416,BetaCalibratedWrapper,ok,SK Gaming,Karmine Corp,5.0,5.0,2026-01-24,LEC,,ok,Karmine Corp|SK Gaming,yes
1970-01-01 00:00:00+00:00,LEC|Shifters|G2 Esports|2026-01-24T19:00:00+00:00,2026-01-24T19:00:00+00:00,LEC,BO1,Shifters,G2 Esports,0.5,0.5,0.5,0.7854114471747149,BetaCalibratedWrapper,no_roster:Shifters,Shifters,G2 Esports,0.0,5.0,2026-01-24,LEC,,skipped,,
1970-01-01 00:00:00+00:00,LEC|Movistar KOI|Fnatic|2026-01-24T19:30:00+00:00,2026-01-24T19:30:00+00:00,LEC,BO1,Movistar KOI,Fnatic,0.281167127407003,0.718832872592997,0.5,0.4293313706959343,BetaCalibratedWrapper,ok,Movistar KOI,Fnatic,5.0,5.0,2026-01-24,LEC,,ok,Fnatic|Movistar KOI,yes
1970-01-01 00:00:00+00:00,LEC|Movistar KOI|Fnatic|2026-01-24T19:45:00+00:00,2026-01-24T19:45:00+00:00,LEC,BO1,Movistar KOI,Fnatic,0.3994210972795895,0.6005789027204105,0.5,0.6228595310933043,BetaCalibratedWrapper,ok,Movistar KOI,Fnatic,5.0,5.0,2026-01-24,LEC,,ok,Fnatic|Movistar KOI,yes
1970-01-01 00:00:00+00:00,CBLOL|Fluxo|paiN Gaming|2026-01-24T20:00:00+00:00,2026-01-24T20:00:00+00:00,CBLOL,BO1,Fluxo,paiN Gaming,0.5298923840244046,0.4701076159755953,0.6001379044485516,0.3630906201459717,BetaCalibratedWrapper,ok,Fluxo,paiN Gaming,5.0,5.0,2026-01-24,CBLOL,ValueError: Roster vide : impossible d'agréger les features.,skipped,Fluxo|paiN Gaming,no
1970-01-01 00:00:00+00:00,LEC|SK Gaming|Karmine Corp|2026-01-24T20:00:00+00:00,2026-01-24T20:00:00+00:00,LEC,BO1,SK Gaming,Karmine Corp,0.4435981768015237,0.5564018231984763,0.2145885528252851,0.5679655852646416,BetaCalibratedWrapper,ok,SK Gaming,Karmine Corp,5.0,5.0,2026-01-24,LEC,,ok,Karmine Corp|SK Gaming,yes
1970-01-01 00:00:00+00:00,LCS|Cloud9 Kia|Team Liquid|2026-01-24T21:00:00+00:00,2026-01-24T21:00:00+00:00,LCS,BO3,Cloud9 Kia,Team Liquid,0.5,0.5,,,BetaCalibratedWrapper,no_roster:Cloud9 Kia,Cloud9 Kia,Team Liquid,0.0,5.0,2026-01-24,LCS,,skipped,,
1970-01-01 00:00:00+00:00,LCS|TBD|TBD|2026-01-24T21:00:00+00:00,2026-01-24T21:00:00+00:00,LCS,BO3,TBD,TBD,0.5,0.5,0.5,0.5,BetaCalibratedWrapper,no_roster:TBD+TBD,TBD,TBD,0.0,0.0,2026-01-24,LCS,,skipped,,
1970-01-01 00:00:00+00:00,LEC|Movistar KOI|Fnatic|2026-01-24T21:00:00+00:00,2026-01-24T21:00:00+00:00,LEC,BO1,Movistar KOI,Fnatic,0.3994210972795895,0.6005789027204105,0.5,0.6228595310933042,BetaCalibratedWrapper,ok,Movistar KOI,Fnatic,5.0,5.0,2026-01-24,LEC,,ok,Fnatic|Movistar KOI,yes
1970-01-01 00:00:00+00:00,LCS|Sentinels|Disguised|2026-01-25T00:00:00+00:00,2026-01-25T00:00:00+00:00,LCS,BO3,Sentinels,Disguised,0.5,0.5,,,BetaCalibratedWrapper,no_roster:Sentinels,Sentinels,Disguised,0.0,5.0,2026-01-25,LCS,,skipped,,
1970-01-01 00:00:00+00:00,LCS|TBD|TBD|2026-01-25T00:00:00+00:00,2026-01-25T00:00:00+00:00,LCS,BO3,TBD,TBD,0.5,0.5,0.5,0.5,BetaCalibratedWrapper,no_roster:TBD+TBD,TBD,TBD,0.0,0.0,2026-01-25,LCS,,skipped,,
1970-01-01 00:00:00+00:00,LCP|MVK Esports|CTBC Flying Oyster|2026-01-25T06:00:00+00:00,2026-01-25T06:00:00+00:00,LCP,BO3,MVK Esports,CTBC Flying Oyster,0.0420711642474719,0.957928835752528,0.1217439166030004,0.859903913546053,BetaCalibratedWrapper,ok,V3 Esports,CTBC Flying Oyster,5.0,5.0,2026-01-25,LCP,,ok,CTBC Flying Oyster|V3 Esports,yes
1970-01-01 00:00:00+00:00,LCK|T1|BNK FEARX|2026-01-25T08:00:00+00:00,2026-01-25T08:00:00+00:00,LCK,BO3,T1,BNK FEARX,0.1865477760887448,0.8134522239112552,0.240557083362944,0.6131752793570726,BetaCalibratedWrapper,ok,T1,BNK FEARX,5.0,5.0,2026-01-25,LCK,,ok,BNK FEARX|T1,yes
1970-01-01 00:00:00+00:00,LCP|DetonatioN FocusMe|GAM Esports|2026-01-25T08:30:00+00:00,2026-01-25T08:30:00+00:00,LCP,BO3,DetonatioN FocusMe,GAM Esports,0.8164484928757417,0.1835515071242582,0.140096086453947,0.8782560833969996,BetaCalibratedWrapper,ok,DetonatioN FocusMe,GAM Esports,5.0,5.0,2026-01-25,LCP,,ok,DetonatioN FocusMe|GAM Esports,no
1970-01-01 00:00:00+00:00,LPL|Xi'an Team WE|SHENZHEN NINJAS IN PYJAMAS|2026-01-25T09:00:00+00:00,2026-01-25T09:00:00+00:00,LPL,BO3,Xi'an Team WE,SHENZHEN NINJAS IN PYJAMAS,0.5,0.5,0.5,0.5,BetaCalibratedWrapper,no_roster:Xi'an Team WE,Xi'an Team WE,Ninjas in Pyjamas,0.0,5.0,2026-01-25,LPL,,skipped,,
1970-01-01 00:00:00+00:00,LCK|kt Rolster|BRION|2026-01-25T10:00:00+00:00,2026-01-25T10:00:00+00:00,LCK,BO3,kt Rolster,BRION,0.5,0.5,0.759442916637056,0.5,BetaCalibratedWrapper,no_roster:BRION,KT Rolster,BRION,5.0,0.0,2026-01-25,LCK,,skipped,,
1970-01-01 00:00:00+00:00,LPL|Invictus Gaming|TOPESPORTS|2026-01-25T11:00:00+00:00,2026-01-25T11:00:00+00:00,LPL,BO3,Invictus Gaming,TOPESPORTS,0.800680280857548,0.1993197191424519,0.800680280857548,0.3001355185879706,BetaCalibratedWrapper,ok,Invictus Gaming,Top Esports,5.0,5.0,2026-01-25,LPL,,ok,Invictus Gaming|Top Esports,no
1970-01-01 00:00:00+00:00,LEC|Team Vitality|Shifters|2026-01-25T15:45:00+00:00,2026-01-25T15:45:00+00:00,LEC,BO1,Team Vitality,Shifters,0.5456770083853194,0.4543229916146806,0.5247618089689313,0.5117250050770666,BetaCalibratedWrapper,ok,Team Vitality,Shifters,5.0,5.0,2026-01-25,LEC,,ok,Shifters|Team Vitality,yes
1970-01-01 00:00:00+00:00,CBLOL|RED Canids Kalunga|LOUD|2026-01-25T16:00:00+00:00,2026-01-25T16:00:00+00:00,CBLOL,BO1,RED Canids Kalunga,LOUD,0.5,0.5,0.5,0.5,BetaCalibratedWrapper,no_roster:RED Canids Kalunga,RED Canids Kalunga,LOUD,0.0,5.0,2026-01-25,CBLOL,,skipped,,
1970-01-01 00:00:00+00:00,LEC|Team Vitality|Shifters|2026-01-25T16:00:00+00:00,2026-01-25T16:00:00+00:00,LEC,BO1,Team Vitality,Shifters,0.5,0.5,0.479038935327074,0.5,BetaCalibratedWrapper,no_roster:Shifters,Team Vitality,Shifters,5.0,0.0,2026-01-25,LEC,,skipped,,
1970-01-01 00:00:00+00:00,LEC|SK Gaming|Natus Vincere|2026-01-25T16:30:00+00:00,2026-01-25T16:30:00+00:00,LEC,BO1,SK Gaming,Natus Vincere,0.3939629371946653,0.6060370628053346,0.2550941595870757,0.4588839600646271,BetaCalibratedWrapper,ok,SK Gaming,Natus Vincere,5.0,5.0,2026-01-25,LEC,,ok,Natus Vincere|SK Gaming,yes
1970-01-01 00:00:00+00:00,LEC|SK Gaming|Natus Vincere|2026-01-25T16:45:00+00:00,2026-01-25T16:45:00+00:00,LEC,BO1,SK Gaming,Natus Vincere,0.4429560935684662,0.5570439064315338,0.4435981768015237,0.4869221261928812,BetaCalibratedWrapper,ok,SK Gaming,Natus Vincere,5.0,5.0,2026-01-25,LEC,,ok,Natus Vincere|SK Gaming,yes
1970-01-01 00:00:00+00:00,CBLOL|Fluxo|LEVIATÁN|2026-01-25T17:00:00+00:00,2026-01-25T17:00:00+00:00,CBLOL,BO1,Fluxo,LEVIATÁN,0.4948158968412745,0.5051841031587254,0.5298923840244046,0.5127733095082558,BetaCalibratedWrapper,ok,Fluxo,Leviatan,5.0,5.0,2026-01-25,CBLOL,ValueError: Roster vide : impossible d'agréger les features.,skipped,Fluxo|Leviatan,no
1970-01-01 00:00:00+00:00,LEC|SK Gaming|Natus Vincere|2026-01-25T17:00:00+00:00,2026-01-25T17:00:00+00:00,LEC,BO1,SK Gaming,Natus Vincere,0.4429560935684662,0.5570439064315338,0.4435981768015237,0.4869221261928812,BetaCalibratedWrapper,ok,SK Gaming,Natus Vincere,5.0,5.0,2026-01-25,LEC,,ok,Natus Vincere|SK Gaming,yes
1970-01-01 00:00:00+00:00,LEC|Team Heretics|Los Ratones|2026-01-25T17:15:00+00:00,2026-01-25T17:15:00+00:00,LEC,BO1,Team Heretics,Los Ratones,0.5561811297380886,0.4438188702619113,0.4752381910310687,0.557285502752627,BetaCalibratedWrapper,ok,Team Heretics,Los Ratones,5.0,5.0,2026-01-25,LEC,,ok,Los Ratones|Team Heretics,yes
1970-01-01 00:00:00+00:00,LEC|Team Heretics|Los Ratones|2026-01-25T17:30:00+00:00,2026-01-25T17:30:00+00:00,LEC,BO1,Team Heretics,Los Ratones,0.4341002067912156,0.5658997932087844,0.520961064672926,0.5513818020860404,BetaCalibratedWrapper,ok,Team Heretics,Los Grandes,5.0,5.0,2026-01-25,LEC,ValueError: Roster vide : impossible d'agréger les features.,skipped,Los Grandes|Team Heretics,yes
1970-01-01 00:00:00+00:00,CBLOL|paiN Gaming|RED Canids Kalunga|2026-01-25T18:00:00+00:00,2026-01-25T18:00:00+00:00,CBLOL,BO1,paiN Gaming,RED Canids Kalunga,0.5,0.5,0.4701076159755953,0.5,BetaCalibratedWrapper,no_roster:RED Canids Kalunga,paiN Gaming,RED Canids Kalunga,5.0,0.0,2026-01-25,CBLOL,,skipped,,
1970-01-01 00:00:00+00:00,LEC|Karmine Corp Blue|Movistar KOI|2026-01-25T18:00:00+00:00,2026-01-25T18:00:00+00:00,LEC,BO1,Karmine Corp Blue,Movistar KOI,0.4319199812263348,0.5680800187736652,0.5411160399353728,0.5,BetaCalibratedWrapper,ok,Karmine Corp Blue,Movistar KOI,5.0,5.0,2026-01-25,LEC,,ok,Karmine Corp Blue|Movistar KOI,no
1970-01-01 00:00:00+00:00,LEC|Movistar KOI|Karmine Corp Blue|2026-01-25T18:00:00+00:00,2026-01-25T18:00:00+00:00,LEC,BO1,Movistar KOI,Karmine Corp Blue,0.3883524630591256,0.6116475369408744,0.281167127407003,0.5411160399353728,BetaCalibratedWrapper,ok,Movistar KOI,Karmine Corp Blue,5.0,5.0,2026-01-25,LEC,,ok,Karmine Corp Blue|Movistar KOI,yes
1970-01-01 00:00:00+00:00,LEC|Team Heretics|Los Ratones|2026-01-25T18:00:00+00:00,2026-01-25T18:00:00+00:00,LEC,BO1,Team Heretics,Los Ratones,0.4341002067912156,0.5658997932087844,0.520961064672926,0.5513818020860404,BetaCalibratedWrapper,ok,Team Heretics,Los Grandes,5.0,5.0,2026-01-25,LEC,ValueError: Roster vide : impossible d'agréger les features.,skipped,Los Grandes|Team Heretics,yes
1970-01-01 00:00:00+00:00,LEC|Movistar KOI|Karmine Corp Blue|2026-01-25T18:15:00+00:00,2026-01-25T18:15:00+00:00,LEC,BO1,Movistar KOI,Karmine Corp Blue,0.5115201229476964,0.4884798770523035,0.3994210972795895,0.5130778738071188,BetaCalibratedWrapper,ok,Movistar KOI,Karmine Corp,5.0,5.0,2026-01-25,LEC,,ok,Karmine Corp|Movistar KOI,yes
1970-01-01 00:00:00+00:00,LEC|Fnatic|GIANTX|2026-01-25T18:45:00+00:00,2026-01-25T18:45:00+00:00,LEC,BO1,Fnatic,GIANTX,0.5634249079923167,0.4365750920076833,0.718832872592997,0.442714497247373,BetaCalibratedWrapper,ok,Fnatic,GiantX,5.0,5.0,2026-01-25,LEC,,ok,Fnatic|GiantX,no
1970-01-01 00:00:00+00:00,CBLOL|LOUD|Vivo Keyd Stars|2026-01-25T19:00:00+00:00,2026-01-25T19:00:00+00:00,CBLOL,BO1,LOUD,Vivo Keyd Stars,0.7606390223171196,0.2393609776828804,0.5,0.4872266904917441,BetaCalibratedWrapper,ok,LOUD,Vivo Keyd Stars,5.0,5.0,2026-01-25,CBLOL,ValueError: Roster vide : impossible d'agréger les features.,skipped,LOUD|Vivo Keyd Stars,no
1970-01-01 00:00:00+00:00,LEC|Fnatic|GIANTX|2026-01-25T19:00:00+00:00,2026-01-25T19:00:00+00:00,LEC,BO1,Fnatic,GIANTX,0.4700006428740015,0.5299993571259984,0.6005789027204105,0.4486181979139596,BetaCalibratedWrapper,ok,Fnatic,GiantX,5.0,5.0,2026-01-25,LEC,,ok,Fnatic|GiantX,no
1970-01-01 00:00:00+00:00,LEC|Movistar KOI|Karmine Corp Blue|2026-01-25T19:00:00+00:00,2026-01-25T19:00:00+00:00,LEC,BO1,Movistar KOI,Karmine Corp Blue,0.5115201229476964,0.4884798770523035,0.3994210972795895,0.5130778738071188,BetaCalibratedWrapper,ok,Movistar KOI,Karmine Corp,5.0,5.0,2026-01-25,LEC,,ok,Karmine Corp|Movistar KOI,yes
1970-01-01 00:00:00+00:00,LEC|G2 Esports|Karmine Corp|2026-01-25T19:30:00+00:00,2026-01-25T19:30:00+00:00,LEC,BO1,G2 Esports,Karmine Corp,0.4555165619251159,0.544483438074884,0.5,0.5564018231984763,BetaCalibratedWrapper,ok,G2 Esports,Karmine Corp,5.0,5.0,2026-01-25,LEC,,ok,G2 Esports|Karmine Corp,no
1970-01-01 00:00:00+00:00,LEC|Karmine Corp|G2 Esports|2026-01-25T19:30:00+00:00,2026-01-25T19:30:00+00:00,LEC,BO1,Karmine Corp,G2 Esports,0.3645845748809783,0.6354154251190217,0.7449058404129243,0.4882749949229333,BetaCalibratedWrapper,ok,Karmine Corp,G2 Esports,5.0,5.0,2026-01-25,LEC,,ok,G2 Esports|Karmine Corp,yes
1970-01-01 00:00:00+00:00,LEC|Karmine Corp|G2 Esports|2026-01-25T19:45:00+00:00,2026-01-25T19:45:00+00:00,LEC,BO1,Karmine Corp,G2 Esports,0.3930909680543186,0.6069090319456814,0.5564018231984763,0.5,BetaCalibratedWrapper,ok,Karmine Corp,G2 Esports,5.0,5.0,2026-01-25,LEC,,ok,G2 Esports|Karmine Corp,yes
1970-01-01 00:00:00+00:00,CBLOL|LOS|FURIA|2026-01-25T20:00:00+00:00,2026-01-25T20:00:00+00:00,CBLOL,BO1,LOS,FURIA,0.5,0.5,0.5,0.5,BetaCalibratedWrapper,no_roster:LOS,LOS,FURIA,0.0,5.0,2026-01-25,CBLOL,,skipped,,
1970-01-01 00:00:00+00:00,LEC|Fnatic|GIANTX|2026-01-25T20:00:00+00:00,2026-01-25T20:00:00+00:00,LEC,BO1,Fnatic,GIANTX,0.4700006428740015,0.5299993571259984,0.6005789027204105,0.4486181979139596,BetaCalibratedWrapper,ok,Fnatic,GiantX,5.0,5.0,2026-01-25,LEC,,ok,Fnatic|GiantX,no
1970-01-01 00:00:00+00:00,LCS|FlyQuest|Shopify Rebellion|2026-01-25T21:00:00+00:00,2026-01-25T21:00:00+00:00,LCS,BO3,FlyQuest,Shopify Rebellion,0.6233512511713211,0.3766487488286789,0.7264978689095901,,BetaCalibratedWrapper,ok,FlyQuest,Shopify Rebellion,5.0,5.0,2026-01-25,LCS,ValueError: Roster vide : impossible d'agréger les features.,skipped,FlyQuest|Shopify Rebellion,no
1970-01-01 00:00:00+00:00,LCS|TBD|TBD|2026-01-25T21:00:00+00:00,2026-01-25T21:00:00+00:00,LCS,BO3,TBD,TBD,0.5,0.5,0.5,0.5,BetaCalibratedWrapper,no_roster:TBD+TBD,TBD,TBD,0.0,0.0,2026-01-25,LCS,,skipped,,
1970-01-01 00:00:00+00:00,LEC|Karmine Corp|G2 Esports|2026-01-25T21:00:00+00:00,2026-01-25T21:00:00+00:00,LEC,BO1,Karmine Corp,G2 Esports,0.3930909680543186,0.6069090319456814,0.5564018231984763,0.5,BetaCalibratedWrapper,ok,Karmine Corp,G2 Esports,5.0,5.0,2026-01-25,LEC,,ok,G2 Esports|Karmine Corp,yes
1970-01-01 00:00:00+00:00,LCS|LYON|Dignitas|2026-01-26T00:00:00+00:00,2026-01-26T00:00:00+00:00,LCS,BO3,LYON,Dignitas,0.2902309490751293,0.7097690509248706,,,BetaCalibratedWrapper,ok,LYON,Dignitas,5.0,5.0,2026-01-26,LCS,ValueError: Roster vide : impossible d'agréger les features.,skipped,Dignitas|LYON,yes
1970-01-01 00:00:00+00:00,LCS|TBD|TBD|2026-01-26T00:00:00+00:00,2026-01-26T00:00:00+00:00,LCS,BO3,TBD,TBD,0.5,0.5,0.5,0.5,BetaCalibratedWrapper,no_roster:TBD+TBD,TBD,TBD,0.0,0.0,2026-01-26,LCS,,skipped,,
1970-01-01 00:00:00+00:00,LCK Challengers|T1 Esports Academy|DK Challengers|2026-01-26T05:00:00+00:00,2026-01-26T05:00:00+00:00,LCK Challengers,BO5,T1 Esports Academy,DK Challengers,0.5,0.5,0.5,0.5,BetaCalibratedWrapper,no_roster:T1 Esports Academy+DK Challengers,T1 Esports Academy,DK Challengers,0.0,0.0,2026-01-26,LCK,,skipped,,
1970-01-01 00:00:00+00:00,LCK Challengers|NS Challengers|HLE Challengers|2026-01-26T08:00:00+00:00,2026-01-26T08:00:00+00:00,LCK Challengers,BO5,NS Challengers,HLE Challengers,0.5,0.5,0.5,0.5,BetaCalibratedWrapper,no_roster:NS Challengers+HLE Challengers,NS Challengers,HLE Challengers,0.0,0.0,2026-01-26,LCK,,skipped,,
1970-01-01 00:00:00+00:00,LPL|THUNDERTALKGAMING|Xi'an Team WE|2026-01-26T09:00:00+00:00,2026-01-26T09:00:00+00:00,LPL,BO3,THUNDERTALKGAMING,Xi'an Team WE,0.5,0.5,0.5,0.5,BetaCalibratedWrapper,no_roster:Xi'an Team WE,ThunderTalk Gaming,Xi'an Team WE,5.0,0.0,2026-01-26,LPL,,skipped,,
1970-01-01 00:00:00+00:00,LPL|Beijing JDG Intel Esports|BILIBILI GAMING DREAMSMART|2026-01-26T11:00:00+00:00,2026-01-26T11:00:00+00:00,LPL,BO3,Beijing JDG Intel Esports,BILIBILI GAMING DREAMSMART,0.5,0.5,0.5,0.5,BetaCalibratedWrapper,no_roster:Beijing JDG Intel Esports,Beijing JDG Intel Esports,Bilibili Gaming,0.0,5.0,2026-01-26,LPL,,skipped,,
1970-01-01 00:00:00+00:00,LEC|SK Gaming|Karmine Corp Blue|2026-01-26T15:45:00+00:00,2026-01-26T15:45:00+00:00,LEC,BO1,SK Gaming,Karmine Corp Blue,0.536236350931685,0.463763649068315,0.3939629371946653,0.6116475369408744,BetaCalibratedWrapper,ok,SK Gaming,Karmine Corp Blue,5.0,5.0,2026-01-26,LEC,,ok,Karmine Corp Blue|SK Gaming,yes
1970-01-01 00:00:00+00:00,LEC|SK Gaming|Karmine Corp Blue|2026-01-26T16:00:00+00:00,2026-01-26T16:00:00+00:00,LEC,BO1,SK Gaming,Karmine Corp Blue,0.4435981768015237,0.5564018231984763,0.4429560935684662,0.4884798770523035,BetaCalibratedWrapper,ok,SK Gaming,Karmine Corp,5.0,5.0,2026-01-26,LEC,,ok,Karmine Corp|SK Gaming,yes
1970-01-01 00:00:00+00:00,LEC|Shifters|Los Ratones|2026-01-26T16:30:00+00:00,2026-01-26T16:30:00+00:00,LEC,BO1,Shifters,Los Ratones,0.5209654729967196,0.4790345270032804,0.4543229916146806,0.4438188702619113,BetaCalibratedWrapper,ok,Shifters,Los Ratones,5.0,5.0,2026-01-26,LEC,,ok,Los Ratones|Shifters,yes
1970-01-01 00:00:00+00:00,LEC|Shifters|Los Ratones|2026-01-26T16:45:00+00:00,2026-01-26T16:45:00+00:00,LEC,BO1,Shifters,Los Ratones,0.5,0.5,0.5,0.5658997932087844,BetaCalibratedWrapper,no_roster:Shifters,Shifters,Los Grandes,0.0,5.0,2026-01-26,LEC,,skipped,,
1970-01-01 00:00:00+00:00,LEC|Shifters|Los Ratones|2026-01-26T17:00:00+00:00,2026-01-26T17:00:00+00:00,LEC,BO1,Shifters,Los Ratones,0.5,0.5,0.5,0.5658997932087844,BetaCalibratedWrapper,no_roster:Shifters,Shifters,Los Grandes,0.0,5.0,2026-01-26,LEC,,skipped,,
1970-01-01 00:00:00+00:00,LEC|Team Vitality|Fnatic|2026-01-26T17:15:00+00:00,2026-01-26T17:15:00+00:00,LEC,BO1,Team Vitality,Fnatic,0.5549484538922465,0.4450515461077535,0.5456770083853194,0.5634249079923167,BetaCalibratedWrapper,ok,Team Vitality,Fnatic,5.0,5.0,2026-01-26,LEC,,ok,Fnatic|Team Vitality,yes
1970-01-01 00:00:00+00:00,LEC|Team Vitality|Fnatic|2026-01-26T17:30:00+00:00,2026-01-26T17:30:00+00:00,LEC,BO1,Team Vitality,Fnatic,0.5706686293040657,0.4293313706959343,0.5,0.4700006428740015,BetaCalibratedWrapper,ok,Team Vitality,Fnatic,5.0,5.0,2026-01-26,LEC,,ok,Fnatic|Team Vitality,yes
1970-01-01 00:00:00+00:00,LEC|Team Heretics|G2 Esports|2026-01-26T18:00:00+00:00,2026-01-26T18:00:00+00:00,LEC,BO1,Team Heretics,G2 Esports,0.3603816544575352,0.6396183455424648,0.5561811297380886,0.6354154251190217,BetaCalibratedWrapper,ok,Team Heretics,G2 Esports,5.0,5.0,2026-01-26,LEC,,ok,G2 Esports|Team Heretics,yes
1970-01-01 00:00:00+00:00,LEC|Team Vitality|Fnatic|2026-01-26T18:00:00+00:00,2026-01-26T18:00:00+00:00,LEC,BO1,Team Vitality,Fnatic,0.5706686293040657,0.4293313706959343,0.5,0.4700006428740015,BetaCalibratedWrapper,ok,Team Vitality,Fnatic,5.0,5.0,2026-01-26,LEC,,ok,Fnatic|Team Vitality,yes
1970-01-01 00:00:00+00:00,LEC|Team Heretics|G2 Esports|2026-01-26T18:15:00+00:00,2026-01-26T18:15:00+00:00,LEC,BO1,Team Heretics,G2 Esports,0.3986855278655439,0.6013144721344561,0.4341002067912156,0.6069090319456814,BetaCalibratedWrapper,ok,Team Heretics,G2 Esports,5.0,5.0,2026-01-26,LEC,,ok,G2 Esports|Team Heretics,yes
1970-01-01 00:00:00+00:00,LEC|Natus Vincere|Karmine Corp|2026-01-26T18:45:00+00:00,2026-01-26T18:45:00+00:00,LEC,BO1,Natus Vincere,Karmine Corp,0.5251100949818113,0.4748899050181887,0.6060370628053346,0.3645845748809783,BetaCalibratedWrapper,ok,Natus Vincere,Karmine Corp,5.0,5.0,2026-01-26,LEC,,ok,Karmine Corp|Natus Vincere,yes
1970-01-01 00:00:00+00:00,LEC|Natus Vincere|Karmine Corp|2026-01-26T19:00:00+00:00,2026-01-26T19:00:00+00:00,LEC,BO1,Natus Vincere,Karmine Corp,0.4869221261928812,0.5130778738071188,0.5570439064315338,0.3930909680543186,BetaCalibratedWrapper,ok,Natus Vincere,Karmine Corp,5.0,5.0,2026-01-26,LEC,,ok,Karmine Corp|Natus Vincere,yes
1970-01-01 00:00:00+00:00,LEC|Team Heretics|G2 Esports|2026-01-26T19:00:00+00:00,2026-01-26T19:00:00+00:00,LEC,BO1,Team Heretics,G2 Esports,0.3986855278655439,0.6013144721344561,0.4341002067912156,0.6069090319456814,BetaCalibratedWrapper,ok,Team Heretics,G2 Esports,5.0,5.0,2026-01-26,LEC,,ok,G2 Esports|Team Heretics,yes
1970-01-01 00:00:00+00:00,LEC|Movistar KOI|GIANTX|2026-01-26T19:30:00+00:00,2026-01-26T19:30:00+00:00,LEC,BO1,Movistar KOI,GIANTX,0.3400966601754205,0.6599033398245795,0.3883524630591256,0.4365750920076833,BetaCalibratedWrapper,ok,Movistar KOI,GiantX,5.0,5.0,2026-01-26,LEC,,ok,GiantX|Movistar KOI,yes
1970-01-01 00:00:00+00:00,LEC|Movistar KOI|GIANTX|2026-01-26T19:45:00+00:00,2026-01-26T19:45:00+00:00,LEC,BO1,Movistar KOI,GIANTX,0.5078261654600096,0.4921738345399904,0.5115201229476964,0.5299993571259984,BetaCalibratedWrapper,ok,Movistar KOI,GiantX,5.0,5.0,2026-01-26,LEC,,ok,GiantX|Movistar KOI,yes
1970-01-01 00:00:00+00:00,LEC|Natus Vincere|Karmine Corp|2026-01-26T20:00:00+00:00,2026-01-26T20:00:00+00:00,LEC,BO1,Natus Vincere,Karmine Corp,0.4869221261928812,0.5130778738071188,0.5570439064315338,0.3930909680543186,BetaCalibratedWrapper,ok,Natus Vincere,Karmine Corp,5.0,5.0,2026-01-26,LEC,,ok,Karmine Corp|Natus Vincere,yes
1970-01-01 00:00:00+00:00,LEC|Movistar KOI|GIANTX|2026-01-26T21:00:00+00:00,2026-01-26T21:00:00+00:00,LEC,BO1,Movistar KOI,GIANTX,0.5078261654600096,0.4921738345399904,0.5115201229476964,0.5299993571259984,BetaCalibratedWrapper,ok,Movistar KOI,GiantX,5.0,5.0,2026-01-26,LEC,,ok,GiantX|Movistar KOI,yes
1970-01-01 00:00:00+00:00,LCK Challengers|DRX Challengers|DNS Challengers|2026-01-27T05:00:00+00:00,2026-01-27T05:00:00+00:00,LCK Challengers,BO5,DRX Challengers,DNS Challengers,0.5,0.5,0.5,0.5,BetaCalibratedWrapper,no_roster:DRX Challengers+DNS Challengers,DRX Challengers,DNS Challengers,0.0,0.0,2026-01-27,LCK,,skipped,,
1970-01-01 00:00:00+00:00,LPL|Suzhou LNG Ninebot Esports|Ultra Prime|2026-01-27T07:00:00+00:00,2026-01-27T07:00:00+00:00,LPL,BO3,Suzhou LNG Ninebot Esports,Ultra Prime,0.5,0.5,0.5,0.3119412549869058,BetaCalibratedWrapper,no_roster:Suzhou LNG Ninebot Esports,Suzhou LNG Ninebot Esports,Ultra Prime,0.0,5.0,2026-01-27,LPL,,skipped,,
1970-01-01 00:00:00+00:00,LCK Challengers|BNK FEARX Youth|kt Challengers|2026-01-27T08:00:00+00:00,2026-01-27T08:00:00+00:00,LCK Challengers,BO5,BNK FEARX Youth,kt Challengers,0.5,0.5,0.5,0.5,BetaCalibratedWrapper,no_roster:BNK FEARX Youth+kt Challengers,BNK FEARX Youth,kt Challengers,0.0,0.0,2026-01-27,LCK,,skipped,,
1970-01-01 00:00:00+00:00,LPL|WeiboGaming Faw Audi|TOPESPORTS|2026-01-27T09:00:00+00:00,2026-01-27T09:00:00+00:00,LPL,BO3,WeiboGaming Faw Audi,TOPESPORTS,0.5,0.5,0.5,0.1993197191424519,BetaCalibratedWrapper,no_roster:WeiboGaming Faw Audi,WeiboGaming Faw Audi,Top Esports,0.0,5.0,2026-01-27,LPL,,skipped,,
1970-01-01 00:00:00+00:00,LPL|Invictus Gaming|Anyone's Legend|2026-01-27T11:00:00+00:00,2026-01-27T11:00:00+00:00,LPL,BO3,Invictus Gaming,Anyone's Legend,0.1956104039826151,0.8043895960173849,0.800680280857548,0.6998644814120294,BetaCalibratedWrapper,ok,Invictus Gaming,Anyone's Legend,5.0,5.0,2026-01-27,LPL,,ok,Anyone's Legend|Invictus Gaming,yes
1970-01-01 00:00:00+00:00,Arabian League|Dragons Esports|GNG Amazigh|2026-01-27T16:00:00+00:00,2026-01-27T16:00:00+00:00,Arabian League,BO3,Dragons Esports,GNG Amazigh,0.5,0.5,0.5,0.5,BetaCalibratedWrapper,no_roster:GNG Amazigh,Frank Esports,GNG Amazigh,5.0,0.0,2026-01-27,ARABIAN LEAGUE,,skipped,,
1970-01-01 00:00:00+00:00,Hellenic Legends League|Gamespace M.C.|Team Phantasma|2026-01-27T16:00:00+00:00,2026-01-27T16:00:00+00:00,Hellenic Legends League,BO2,Gamespace M.C.,Team Phantasma,0.5,0.5,0.5,0.5,BetaCalibratedWrapper,no_roster:Gamespace M.C.+Team Phantasma,Gamespace M.C.,Team Phantasma,0.0,0.0,2026-01-27,HELLENIC LEGENDS LEAGUE,,skipped,,
1970-01-01 00:00:00+00:00,Hitpoint Masters|KIA.eSuba Academy|UP2U Meavedron|2026-01-27T16:00:00+00:00,2026-01-27T16:00:00+00:00,Hitpoint Masters,BO1,KIA.eSuba Academy,UP2U Meavedron,0.5,0.5,0.5,0.5,BetaCalibratedWrapper,no_roster:KIA.eSuba Academy+UP2U Meavedron,KIA.eSuba Academy,UP2U Meavedron,0.0,0.0,2026-01-27,HITPOINT MASTERS,,skipped,,
1970-01-01 00:00:00+00:00,Hitpoint Masters|TBD|TBD|2026-01-27T16:00:00+00:00,2026-01-27T16:00:00+00:00,Hitpoint Masters,BO1,TBD,TBD,0.5,0.5,0.5,0.5,BetaCalibratedWrapper,no_roster:TBD+TBD,TBD,TBD,0.0,0.0,2026-01-27,HITPOINT MASTERS,,skipped,,
1970-01-01 00:00:00+00:00,Hitpoint Masters|BRUTE|EXILE Esports|2026-01-27T17:00:00+00:00,2026-01-27T17:00:00+00:00,Hitpoint Masters,BO1,BRUTE,EXILE Esports,0.5,0.5,0.5,0.5,BetaCalibratedWrapper,no_roster:BRUTE,BRUTE,EFIVE Esports,0.0,5.0,2026-01-27,HITPOINT MASTERS,,skipped,,
1970-01-01 00:00:00+00:00,Hitpoint Masters|TBD|TBD|2026-01-27T17:00:00+00:00,2026-01-27T17:00:00+00:00,Hitpoint Masters,BO1,TBD,TBD,0.5,0.5,0.5,0.5,BetaCalibratedWrapper,no_roster:TBD+TBD,TBD,TBD,0.0,0.0,2026-01-27,HITPOINT MASTERS,,skipped,,
1970-01-01 00:00:00+00:00,Hellenic Legends League|HowL Esports|Team Insidious|2026-01-27T18:00:00+00:00,2026-01-27T18:00:00+00:00,Hellenic Legends League,BO2,HowL Esports,Team Insidious,0.5,0.5,0.5,0.5,BetaCalibratedWrapper,no_roster:Team Insidious,Top Esports,Team Insidious,5.0,0.0,2026-01-27,HELLENIC LEGENDS LEAGUE,,skipped,,
1970-01-01 00:00:00+00:00,Hitpoint Masters|Diversion Gaming|Observant Force|2026-01-27T18:00:00+00:00,2026-01-27T18:00:00+00:00,Hitpoint Masters,BO1,Diversion Gaming,Observant Force,0.5,0.5,0.5,0.5,BetaCalibratedWrapper,no_roster:Diversion Gaming+Observant Force,Diversion Gaming,Observant Force,0.0,0.0,2026-01-27,HITPOINT MASTERS,,skipped,,
1970-01-01 00:00:00+00:00,Hitpoint Masters|TBD|TBD|2026-01-27T18:00:00+00:00,2026-01-27T18:00:00+00:00,Hitpoint Masters,BO1,TBD,TBD,0.5,0.5,0.5,0.5,BetaCalibratedWrapper,no_roster:TBD+TBD,TBD,TBD,0.0,0.0,2026-01-27,HITPOINT MASTERS,,skipped,,
1970-01-01 00:00:00+00:00,Road of Legends|Senshi eSports|Frites Esports Club|2026-01-27T18:00:00+00:00,2026-01-27T18:00:00+00:00,Road of Legends,BO3,Senshi eSports,Frites Esports Club,0.5,0.5,0.5,0.5,BetaCalibratedWrapper,no_roster:Senshi eSports,Senshi eSports,Chiefs Esports Club,0.0,5.0,2026-01-27,ROAD OF LEGENDS,,skipped,,
1970-01-01 00:00:00+00:00,Arabian League|FN Esports|3BL GALAXY ESPORTS|2026-01-27T18:30:00+00:00,2026-01-27T18:30:00+00:00,Arabian League,BO3,FN Esports,3BL GALAXY ESPORTS,0.5,0.5,0.3335040239110401,0.5,BetaCalibratedWrapper,no_roster:3BL GALAXY ESPORTS,LNG Esports,3BL GALAXY ESPORTS,5.0,0.0,2026-01-27,ARABIAN LEAGUE,,skipped,,
1970-01-01 00:00:00+00:00,Hitpoint Masters|CITA Kaizen|SPAXFAMILY|2026-01-27T19:00:00+00:00,2026-01-27T19:00:00+00:00,Hitpoint Masters,BO1,CITA Kaizen,SPAXFAMILY,0.5,0.5,0.5,0.5,BetaCalibratedWrapper,no_roster:CITA Kaizen+SPAXFAMILY,CITA Kaizen,SPAXFAMILY,0.0,0.0,2026-01-27,HITPOINT MASTERS,,skipped,,
1970-01-01 00:00:00+00:00,Hitpoint Masters|TBD|TBD|2026-01-27T19:00:00+00:00,2026-01-27T19:00:00+00:00,Hitpoint Masters,BO1,TBD,TBD,0.5,0.5,0.5,0.5,BetaCalibratedWrapper,no_roster:TBD+TBD,TBD,TBD,0.0,0.0,2026-01-27,HITPOINT MASTERS,,skipped,,
1970-01-01 00:00:00+00:00,Road of Legends|ZennIT|The Bandits|2026-01-27T19:00:00+00:00,2026-01-27T19:00:00+00:00,Road of Legends,BO3,ZennIT,The Bandits,0.5,0.5,0.5,0.5,BetaCalibratedWrapper,no_roster:ZennIT+The Bandits,ZennIT,The Bandits,0.0,0.0,2026-01-27,ROAD OF LEGENDS,,skipped,,
1970-01-01 00:00:00+00:00,LPL|Ultra Prime|Hangzhou LGD Gaming|2026-01-28T07:00:00+00:00,2026-01-28T07:00:00+00:00,LPL,BO3,Ultra Prime,Hangzhou LGD Gaming,0.5,0.5,0.5,0.5,BetaCalibratedWrapper,no_roster:Hangzhou LGD Gaming,Ultra Prime,Hangzhou LGD Gaming,5.0,0.0,2026-01-28,LPL,,skipped,,
1970-01-01 00:00:00+00:00,LCK|BRION|DRX|2026-01-28T08:00:00+00:00,2026-01-28T08:00:00+00:00,LCK,BO5,BRION,DRX,0.5,0.5,0.5,0.7424158586164122,BetaCalibratedWrapper,no_roster:BRION,BRION,DRX,0.0,5.0,2026-01-28,LCK,,skipped,,
1970-01-01 00:00:00+00:00,LPL|Oh My God|Suzhou LNG Ninebot Esports|2026-01-28T09:00:00+00:00,2026-01-28T09:00:00+00:00,LPL,BO3,Oh My God,Suzhou LNG Ninebot Esports,0.5,0.5,0.5,0.5,BetaCalibratedWrapper,no_roster:Suzhou LNG Ninebot Esports,Oh My God,Suzhou LNG Ninebot Esports,5.0,0.0,2026-01-28,LPL,,skipped,,
1970-01-01 00:00:00+00:00,LPL|SHANGHAI EDWARD GAMING HYCAN|SHENZHEN NINJAS IN PYJAMAS|2026-01-28T11:00:00+00:00,2026-01-28T11:00:00+00:00,LPL,BO3,SHANGHAI EDWARD GAMING HYCAN,SHENZHEN NINJAS IN PYJAMAS,0.5,0.5,0.5,0.5,BetaCalibratedWrapper,no_roster:SHANGHAI EDWARD GAMING HYCAN,SHANGHAI EDWARD GAMING HYCAN,Ninjas in Pyjamas,0.0,5.0,2026-01-28,LPL,,skipped,,
1970-01-01 00:00:00+00:00,Arabian League|One More Esports|BAAM Esports|2026-01-28T16:00:00+00:00,2026-01-28T16:00:00+00:00,Arabian League,BO3,One More Esports,BAAM Esports,0.5,0.5,0.5,0.6664959760889598,BetaCalibratedWrapper,no_roster:One More Esports,One More Esports,GAM Esports,0.0,5.0,2026-01-28,ARABIAN LEAGUE,,skipped,,
1970-01-01 00:00:00+00:00,Hellenic Legends League|ALMO Players|Gamespace M.C.|2026-01-28T16:00:00+00:00,2026-01-28T16:00:00+00:00,Hellenic Legends League,BO2,ALMO Players,Gamespace M.C.,0.5,0.5,0.5,0.5,BetaCalibratedWrapper,no_roster:ALMO Players+Gamespace M.C.,ALMO Players,Gamespace M.C.,0.0,0.0,2026-01-28,HELLENIC LEGENDS LEAGUE,,skipped,,
1970-01-01 00:00:00+00:00,Hitpoint Masters|Andromeda Gaming|NightBirds|2026-01-28T16:00:00+00:00,2026-01-28T16:00:00+00:00,Hitpoint Masters,BO1,Andromeda Gaming,NightBirds,0.5,0.5,0.5,0.5,BetaCalibratedWrapper,no_roster:Andromeda Gaming+NightBirds,Andromeda Gaming,NightBirds,0.0,0.0,2026-01-28,HITPOINT MASTERS,,skipped,,
1970-01-01 00:00:00+00:00,Hitpoint Masters|TBD|TBD|2026-01-28T16:00:00+00:00,2026-01-28T16:00:00+00:00,Hitpoint Masters,BO1,TBD,TBD,0.5,0.5,0.5,0.5,BetaCalibratedWrapper,no_roster:TBD+TBD,TBD,TBD,0.0,0.0,2026-01-28,HITPOINT MASTERS,,skipped,,
1970-01-01 00:00:00+00:00,Hitpoint Masters|Inside Games|Divernex|2026-01-28T17:00:00+00:00,2026-01-28T17:00:00+00:00,Hitpoint Masters,BO1,Inside Games,Divernex,0.5,0.5,0.5,0.5,BetaCalibratedWrapper,no_roster:Inside Games+Divernex,Inside Games,Divernex,0.0,0.0,2026-01-28,HITPOINT MASTERS,,skipped,,
1970-01-01 00:00:00+00:00,Hitpoint Masters|TBD|TBD|2026-01-28T17:00:00+00:00,2026-01-28T17:00:00+00:00,Hitpoint Masters,BO1,TBD,TBD,0.5,0.5,0.5,0.5,BetaCalibratedWrapper,no_roster:TBD+TBD,TBD,TBD,0.0,0.0,2026-01-28,HITPOINT MASTERS,,skipped,,
1970-01-01 00:00:00+00:00,La Ligue Française|Esprit Shonen|Galions|2026-01-28T17:00:00+00:00,2026-01-28T17:00:00+00:00,La Ligue Française,BO1,Esprit Shonen,Galions,0.4285844337905345,0.5714155662094655,0.5,0.5,BetaCalibratedWrapper,ok,Esprit Shōnen,Galions,5.0,5.0,2026-01-28,LA LIGUE FRANÇAISE,ValueError: Roster vide : impossible d'agréger les features.,skipped,Esprit Shōnen|Galions,no
1970-01-01 00:00:00+00:00,LoL Italian Tournament|P11 Esports|Axolotl esports|2026-01-28T17:00:00+00:00,2026-01-28T17:00:00+00:00,LoL Italian Tournament,BO5,P11 Esports,Axolotl esports,0.5,0.5,0.5,0.5,BetaCalibratedWrapper,no_roster:Axolotl esports,ASP Esports,Axolotl esports,5.0,0.0,2026-01-28,LOL ITALIAN TOURNAMENT,,skipped,,
1970-01-01 00:00:00+00:00,LoL Italian Tournament|TBD|TBD|2026-01-28T17:00:00+00:00,2026-01-28T17:00:00+00:00,LoL Italian Tournament,BO5,TBD,TBD,0.5,0.5,0.5,0.5,BetaCalibratedWrapper,no_roster:TBD+TBD,TBD,TBD,0.0,0.0,2026-01-28,LOL ITALIAN TOURNAMENT,,skipped,,
1970-01-01 00:00:00+00:00,Esports Balkan League|Lupus Esports|Partizan Sangal|2026-01-28T18:00:00+00:00,2026-01-28T18:00:00+00:00,Esports Balkan League,BO3,Lupus Esports,Partizan Sangal,0.5,0.5,,,BetaCalibratedWrapper,no_roster:Lupus Esports+Partizan Sangal,Lupus Esports,Partizan Sangal,0.0,0.0,2026-01-28,ESPORTS BALKAN LEAGUE,,skipped,,
1970-01-01 00:00:00+00:00,Hellenic Legends League|WLGaming|Team Paradox|2026-01-28T18:00:00+00:00,2026-01-28T18:00:00+00:00,Hellenic Legends League,BO2,WLGaming,Team Paradox,0.5,0.5,0.5,0.5,BetaCalibratedWrapper,no_roster:WLGaming+Team Paradox,WLGaming,Team Paradox,0.0,0.0,2026-01-28,HELLENIC LEGENDS LEAGUE,,skipped,,
1970-01-01 00:00:00+00:00,Hitpoint Masters|TBD|TBD|2026-01-28T18:00:00+00:00,2026-01-28T18:00:00+00:00,Hitpoint Masters,BO1,TBD,TBD,0.5,0.5,0.5,0.5,BetaCalibratedWrapper,no_roster:TBD+TBD,TBD,TBD,0.0,0.0,2026-01-28,HITPOINT MASTERS,,skipped,,
1970-01-01 00:00:00+00:00,Hitpoint Masters|eSuba|Ethereal Enigmas|2026-01-28T18:00:00+00:00,2026-01-28T18:00:00+00:00,Hitpoint Masters,BO1,eSuba,Ethereal Enigmas,0.5,0.5,0.5,0.5,BetaCalibratedWrapper,no_roster:Ethereal Enigmas,eSuba,Ethereal Enigmas,5.0,0.0,2026-01-28,HITPOINT MASTERS,,skipped,,
1970-01-01 00:00:00+00:00,La Ligue Française|Vitality.Bee|Solary|2026-01-28T18:00:00+00:00,2026-01-28T18:00:00+00:00,La Ligue Française,BO1,Vitality.Bee,Solary,0.4981803958623292,0.5018196041376708,0.5,0.5,BetaCalibratedWrapper,ok,Vitality.Bee,Solary,5.0,5.0,2026-01-28,LA LIGUE FRANÇAISE,ValueError: Roster vide : impossible d'agréger les features.,skipped,Solary|Vitality.Bee,yes
1970-01-01 00:00:00+00:00,Arabian League|NextGeneration Esports|Anubis Gaming|2026-01-28T18:30:00+00:00,2026-01-28T18:30:00+00:00,Arabian League,BO3,NextGeneration Esports,Anubis Gaming,0.5,0.5,0.5,0.5,BetaCalibratedWrapper,no_roster:NextGeneration Esports+Anubis Gaming,NextGeneration Esports,Anubis Gaming,0.0,0.0,2026-01-28,ARABIAN LEAGUE,,skipped,,
1970-01-01 00:00:00+00:00,Hitpoint Masters|Gity Meavedronu|Priority|2026-01-28T19:00:00+00:00,2026-01-28T19:00:00+00:00,Hitpoint Masters,BO1,Gity Meavedronu,Priority,0.5,0.5,0.5,0.5,BetaCalibratedWrapper,no_roster:Gity Meavedronu+Priority,Gity Meavedronu,Priority,0.0,0.0,2026-01-28,HITPOINT MASTERS,,skipped,,
1970-01-01 00:00:00+00:00,Hitpoint Masters|TBD|TBD|2026-01-28T19:00:00+00:00,2026-01-28T19:00:00+00:00,Hitpoint Masters,BO1,TBD,TBD,0.5,0.5,0.5,0.5,BetaCalibratedWrapper,no_roster:TBD+TBD,TBD,TBD,0.0,0.0,2026-01-28,HITPOINT MASTERS,,skipped,,
1970-01-01 00:00:00+00:00,La Ligue Française|TLN Pirates|Joblife|2026-01-28T19:00:00+00:00,2026-01-28T19:00:00+00:00,La Ligue Française,BO1,TLN Pirates,Joblife,0.4171445703663377,0.5828554296336623,0.5,0.5,BetaCalibratedWrapper,ok,TLN Pirates,Joblife,5.0,5.0,2026-01-28,LA LIGUE FRANÇAISE,ValueError: Roster vide : impossible d'agréger les features.,skipped,Joblife|TLN Pirates,yes
1970-01-01 00:00:00+00:00,Esports Balkan League|The Secret Club|Crvena zvezda Esports|2026-01-28T20:00:00+00:00,2026-01-28T20:00:00+00:00,Esports Balkan League,BO3,The Secret Club,Crvena zvezda Esports,0.5,0.5,,,BetaCalibratedWrapper,no_roster:The Secret Club+Crvena zvezda Esports,The Secret Club,Crvena zvezda Esports,0.0,0.0,2026-01-28,ESPORTS BALKAN LEAGUE,,skipped,,
1970-01-01 00:00:00+00:00,La Ligue Française|ZYB|French Flair|2026-01-28T20:00:00+00:00,2026-01-28T20:00:00+00:00,La Ligue Française,BO1,ZYB,French Flair,0.4622646656436674,0.5377353343563326,0.5,0.5,BetaCalibratedWrapper,ok,ZYB Esport,French Flair,5.0,5.0,2026-01-28,LA LIGUE FRANÇAISE,ValueError: Roster vide : impossible d'agréger les features.,skipped,French Flair|ZYB Esport,yes
1970-01-01 00:00:00+00:00,La Ligue Française|Skillcamp|BK ROG Esports|2026-01-28T21:00:00+00:00,2026-01-28T21:00:00+00:00,La Ligue Française,BO1,Skillcamp,BK ROG Esports,0.531557545211951,0.468442454788049,0.5,0.5,BetaCalibratedWrapper,ok,Skillcamp,BK ROG Esports,5.0,5.0,2026-01-28,LA LIGUE FRANÇAISE,ValueError: Roster vide : impossible d'agréger les features.,skipped,BK ROG Esports|Skillcamp,yes
1970-01-01 00:00:00+00:00,LCK Challengers|Gen.G Global Academy|BRO Challengers|2026-01-29T05:00:00+00:00,2026-01-29T05:00:00+00:00,LCK Challengers,BO5,Gen.G Global Academy,BRO Challengers,0.5,0.5,0.5,0.5,BetaCalibratedWrapper,no_roster:Gen.G Global Academy+BRO Challengers,Gen.G Global Academy,BRO Challengers,0.0,0.0,2026-01-29,LCK,,skipped,,
1970-01-01 00:00:00+00:00,LCP|MVK Esports|Deep Cross Gaming|2026-01-29T06:00:00+00:00,2026-01-29T06:00:00+00:00,LCP,BO3,MVK Esports,Deep Cross Gaming,0.0455374182151548,0.9544625817848452,0.0420711642474719,0.7402383241377365,BetaCalibratedWrapper,ok,V3 Esports,Deep Cross Gaming,5.0,5.0,2026-01-29,LCP,,ok,Deep Cross Gaming|V3 Esports,yes
1970-01-01 00:00:00+00:00,LCP|MVK Esports|Relove Deep Cross Gaming|2026-01-29T06:00:00+00:00,2026-01-29T06:00:00+00:00,LCP,BO3,MVK Esports,Relove Deep Cross Gaming,0.2869828873281839,0.7130171126718161,0.1994557981591809,0.5835467734415408,BetaCalibratedWrapper,ok,MGN Vikings Esports,Deep Cross Gaming,3.0,5.0,2026-01-29,LCP,,ok,Deep Cross Gaming|MGN Vikings Esports,yes
1970-01-01 00:00:00+00:00,LCK|DN SOOPers|BNK FEARX|2026-01-29T08:00:00+00:00,2026-01-29T08:00:00+00:00,LCK,BO5,DN SOOPers,BNK FEARX,0.5,0.5,0.5,0.8134522239112552,BetaCalibratedWrapper,no_roster:DN SOOPers,DN SOOPers,BNK FEARX,0.0,5.0,2026-01-29,LCK,,skipped,,
1970-01-01 00:00:00+00:00,LCP|CTBC Flying Oyster|Fukuoka SoftBank HAWKS gaming|2026-01-29T08:30:00+00:00,2026-01-29T08:30:00+00:00,LCP,BO3,CTBC Flying Oyster,Fukuoka SoftBank HAWKS gaming,0.6440972304779812,0.3559027695220188,0.957928835752528,0.8645715539670493,BetaCalibratedWrapper,ok,CTBC Flying Oyster,Fukuoka SoftBank HAWKS gaming,5.0,5.0,2026-01-29,LCP,,ok,CTBC Flying Oyster|Fukuoka SoftBank HAWKS gaming,no
1970-01-01 00:00:00+00:00,LPL|THUNDERTALKGAMING|SHENZHEN NINJAS IN PYJAMAS|2026-01-29T09:00:00+00:00,2026-01-29T09:00:00+00:00,LPL,BO3,THUNDERTALKGAMING,SHENZHEN NINJAS IN PYJAMAS,0.1019412668092509,0.898058733190749,0.5,0.5,BetaCalibratedWrapper,ok,ThunderTalk Gaming,Ninjas in Pyjamas,5.0,5.0,2026-01-29,LPL,,ok,Ninjas in Pyjamas|ThunderTalk Gaming,yes
1970-01-01 00:00:00+00:00,LPL|WeiboGaming Faw Audi|Beijing JDG Intel Esports|2026-01-29T11:00:00+00:00,2026-01-29T11:00:00+00:00,LPL,BO3,WeiboGaming Faw Audi,Beijing JDG Intel Esports,0.5,0.5,0.5,0.5,BetaCalibratedWrapper,no_roster:WeiboGaming Faw Audi+Beijing JDG Intel Esports,WeiboGaming Faw Audi,Beijing JDG Intel Esports,0.0,0.0,2026-01-29,LPL,,skipped,,
1970-01-01 00:00:00+00:00,TCL|Team Phoenix|Bushido Wildcats|2026-01-29T14:30:00+00:00,2026-01-29T14:30:00+00:00,TCL,BO3,Team Phoenix,Bushido Wildcats,0.5,0.5,0.5,0.5,BetaCalibratedWrapper,no_roster:Team Phoenix+Bushido Wildcats,Team Phoenix,Bushido Wildcats,0.0,0.0,2026-01-29,TCL,,skipped,,
1970-01-01 00:00:00+00:00,Arabian League|GNG Amazigh|BAAM Esports|2026-01-29T16:00:00+00:00,2026-01-29T16:00:00+00:00,Arabian League,BO3,GNG Amazigh,BAAM Esports,0.5,0.5,0.5,0.5,BetaCalibratedWrapper,no_roster:GNG Amazigh,GNG Amazigh,GAM Esports,0.0,5.0,2026-01-29,ARABIAN LEAGUE,,skipped,,
1970-01-01 00:00:00+00:00,Hellenic Legends League|GOAL esports|Team Insidious|2026-01-29T16:00:00+00:00,2026-01-29T16:00:00+00:00,Hellenic Legends League,BO2,GOAL esports,Team Insidious,0.5,0.5,0.5,0.5,BetaCalibratedWrapper,no_roster:Team Insidious,GAM Esports,Team Insidious,5.0,0.0,2026-01-29,HELLENIC LEGENDS LEAGUE,,skipped,,
1970-01-01 00:00:00+00:00,Hitpoint Masters|NightBirds|eSuba|2026-01-29T16:00:00+00:00,2026-01-29T16:00:00+00:00,Hitpoint Masters,BO3,NightBirds,eSuba,0.5,0.5,0.5,0.5,BetaCalibratedWrapper,no_roster:NightBirds,NightBirds,eSuba,0.0,5.0,2026-01-29,HITPOINT MASTERS,,skipped,,
1970-01-01 00:00:00+00:00,Hitpoint Masters|TBD|TBD|2026-01-29T16:00:00+00:00,2026-01-29T16:00:00+00:00,Hitpoint Masters,BO3,TBD,TBD,0.5,0.5,0.5,0.5,BetaCalibratedWrapper,no_roster:TBD+TBD,TBD,TBD,0.0,0.0,2026-01-29,HITPOINT MASTERS,,skipped,,
1970-01-01 00:00:00+00:00,La Ligue Française|Project Conquerors|Zephyr Esport|2026-01-29T17:00:00+00:00,2026-01-29T17:00:00+00:00,La Ligue Française,BO1,Project Conquerors,Zephyr Esport,0.4361115605065927,0.5638884394934073,0.5,0.5,BetaCalibratedWrapper,ok,Project Conquerors,Zephyr Esport,5.0,5.0,2026-01-29,LA LIGUE FRANÇAISE,ValueError: Roster vide : impossible d'agréger les features.,skipped,Project Conquerors|Zephyr Esport,no
1970-01-01 00:00:00+00:00,LoL Italian Tournament|Colossal Gaming|Deacoy|2026-01-29T17:00:00+00:00,2026-01-29T17:00:00+00:00,LoL Italian Tournament,BO5,Colossal Gaming,Deacoy,0.5,0.5,0.5,0.5,BetaCalibratedWrapper,no_roster:Colossal Gaming+Deacoy,Colossal Gaming,Deacoy,0.0,0.0,2026-01-29,LOL ITALIAN TOURNAMENT,,skipped,,
1970-01-01 00:00:00+00:00,LoL Italian Tournament|TBD|TBD|2026-01-29T17:00:00+00:00,2026-01-29T17:00:00+00:00,LoL Italian Tournament,BO5,TBD,TBD,0.5,0.5,0.5,0.5,BetaCalibratedWrapper,no_roster:TBD+TBD,TBD,TBD,0.0,0.0,2026-01-29,LOL ITALIAN TOURNAMENT,,skipped,,
1970-01-01 00:00:00+00:00,NLC|4 Swines & A Bum|Verdant|2026-01-29T17:00:00+00:00,2026-01-29T17:00:00+00:00,NLC,BO1,4 Swines & A Bum,Verdant,0.5,0.5,0.5,0.5,BetaCalibratedWrapper,no_roster:4 Swines & A Bum+Verdant,4 Swines & A Bum,Verdant,0.0,0.0,2026-01-29,NLC,,skipped,,
1970-01-01 00:00:00+00:00,TCL|SU Esports|BoostGate Esports|2026-01-29T17:30:00+00:00,2026-01-29T17:30:00+00:00,TCL,BO3,SU Esports,BoostGate Esports,0.5,0.5,0.231615498188328,0.5,BetaCalibratedWrapper,no_roster:BoostGate Esports,V3 Esports,BoostGate Esports,5.0,0.0,2026-01-29,TCL,,skipped,,
1970-01-01 00:00:00+00:00,Esports Balkan League|SPIKE Syndicate|Partizan Sangal|2026-01-29T18:00:00+00:00,2026-01-29T18:00:00+00:00,Esports Balkan League,BO3,SPIKE Syndicate,Partizan Sangal,0.5,0.5,,0.5,BetaCalibratedWrapper,no_roster:SPIKE Syndicate+Partizan Sangal,SPIKE Syndicate,Partizan Sangal,0.0,0.0,2026-01-29,ESPORTS BALKAN LEAGUE,,skipped,,
1970-01-01 00:00:00+00:00,Hellenic Legends League|HowL Esports|Team Phantasma|2026-01-29T18:00:00+00:00,2026-01-29T18:00:00+00:00,Hellenic Legends League,BO2,HowL Esports,Team Phantasma,0.5,0.5,0.5,0.5,BetaCalibratedWrapper,no_roster:Team Phantasma,Top Esports,Team Phantasma,5.0,0.0,2026-01-29,HELLENIC LEGENDS LEAGUE,,skipped,,
1970-01-01 00:00:00+00:00,Hitpoint Masters|Inside Games|Gity Meavedronu|2026-01-29T18:00:00+00:00,2026-01-29T18:00:00+00:00,Hitpoint Masters,BO3,Inside Games,Gity Meavedronu,0.5,0.5,0.5,0.5,BetaCalibratedWrapper,no_roster:Inside Games+Gity Meavedronu,Inside Games,Gity Meavedronu,0.0,0.0,2026-01-29,HITPOINT MASTERS,,skipped,,
1970-01-01 00:00:00+00:00,Hitpoint Masters|TBD|TBD|2026-01-29T18:00:00+00:00,2026-01-29T18:00:00+00:00,Hitpoint Masters,BO3,TBD,TBD,0.5,0.5,0.5,0.5,BetaCalibratedWrapper,no_roster:TBD+TBD,TBD,TBD,0.0,0.0,2026-01-29,HITPOINT MASTERS,,skipped,,
1970-01-01 00:00:00+00:00,La Ligue Française|Lille Esport|Caldya Esport|2026-01-29T18:00:00+00:00,2026-01-29T18:00:00+00:00,La Ligue Française,BO1,Lille Esport,Caldya Esport,0.4651032022031223,0.5348967977968777,0.5,0.5,BetaCalibratedWrapper,ok,Lille Esport,Caldya Esport,5.0,5.0,2026-01-29,LA LIGUE FRANÇAISE,ValueError: Roster vide : impossible d'agréger les features.,skipped,Caldya Esport|Lille Esport,yes
1970-01-01 00:00:00+00:00,NLC|Ruddy Corporation|Bulldog Esports|2026-01-29T18:00:00+00:00,2026-01-29T18:00:00+00:00,NLC,BO1,Ruddy Corporation,Bulldog Esports,0.5,0.5,0.5,0.5,BetaCalibratedWrapper,no_roster:Ruddy Corporation+Bulldog Esports,Ruddy Corporation,Bulldog Esports,0.0,0.0,2026-01-29,NLC,,skipped,,
1970-01-01 00:00:00+00:00,Road of Legends|mCon Esports|Once Upon a Team|2026-01-29T18:00:00+00:00,2026-01-29T18:00:00+00:00,Road of Legends,BO3,mCon Esports,Once Upon a Team,0.5,0.5,0.5,0.5,BetaCalibratedWrapper,no_roster:Once Upon a Team,Top Esports,Once Upon a Team,5.0,0.0,2026-01-29,ROAD OF LEGENDS,,skipped,,
1970-01-01 00:00:00+00:00,Arabian League|One More Esports|3BL GALAXY ESPORTS|2026-01-29T18:30:00+00:00,2026-01-29T18:30:00+00:00,Arabian League,BO3,One More Esports,3BL GALAXY ESPORTS,0.5,0.5,0.5,0.5,BetaCalibratedWrapper,no_roster:One More Esports+3BL GALAXY ESPORTS,One More Esports,3BL GALAXY ESPORTS,0.0,0.0,2026-01-29,ARABIAN LEAGUE,,skipped,,
1970-01-01 00:00:00+00:00,La Ligue Française|Ici Japon Corp|Vitality Rising Bees|2026-01-29T19:00:00+00:00,2026-01-29T19:00:00+00:00,La Ligue Française,BO1,Ici Japon Corp,Vitality Rising Bees,0.5006389055491705,0.4993610944508295,0.5,0.5,BetaCalibratedWrapper,ok,Ici Japon Corp. Esport,Vitality Rising Bees,5.0,5.0,2026-01-29,LA LIGUE FRANÇAISE,ValueError: Roster vide : impossible d'agréger les features.,skipped,Ici Japon Corp. Esport|Vitality Rising Bees,no
1970-01-01 00:00:00+00:00,NLC|Arctic Pandas|La BOMBAS|2026-01-29T19:00:00+00:00,2026-01-29T19:00:00+00:00,NLC,BO1,Arctic Pandas,La BOMBAS,0.5,0.5,0.5,0.5,BetaCalibratedWrapper,no_roster:Arctic Pandas+La BOMBAS,Arctic Pandas,La BOMBAS,0.0,0.0,2026-01-29,NLC,,skipped,,
1970-01-01 00:00:00+00:00,NLC|Arctic Pandas Oy|La BOMBAS|2026-01-29T19:00:00+00:00,2026-01-29T19:00:00+00:00,NLC,BO1,Arctic Pandas Oy,La BOMBAS,0.5,0.5,0.5,0.5,BetaCalibratedWrapper,no_roster:Arctic Pandas Oy+La BOMBAS,Arctic Pandas Oy,La BOMBAS,0.0,0.0,2026-01-29,NLC,,skipped,,
1970-01-01 00:00:00+00:00,Road of Legends|Myth Esports|Dynasty|2026-01-29T19:00:00+00:00,2026-01-29T19:00:00+00:00,Road of Legends,BO3,Myth Esports,Dynasty,0.5,0.5,0.5,0.5,BetaCalibratedWrapper,no_roster:Dynasty,GAM Esports,Dynasty,5.0,0.0,2026-01-29,ROAD OF LEGENDS,,skipped,,
1970-01-01 00:00:00+00:00,Esports Balkan League|Lupus Esports|BeFive|2026-01-29T20:00:00+00:00,2026-01-29T20:00:00+00:00,Esports Balkan League,BO3,Lupus Esports,BeFive,0.5,0.5,0.5,,BetaCalibratedWrapper,no_roster:Lupus Esports+BeFive,Lupus Esports,BeFive,0.0,0.0,2026-01-29,ESPORTS BALKAN LEAGUE,,skipped,,
1970-01-01 00:00:00+00:00,La Ligue Française|Karmine Corp Blue Stars|Yumeea|2026-01-29T20:00:00+00:00,2026-01-29T20:00:00+00:00,La Ligue Française,BO1,Karmine Corp Blue Stars,Yumeea,0.4828875417251085,0.5171124582748914,0.5,0.5,BetaCalibratedWrapper,ok,Karmine Corp Blue Stars,Yumeea,5.0,5.0,2026-01-29,LA LIGUE FRANÇAISE,ValueError: Roster vide : impossible d'agréger les features.,skipped,Karmine Corp Blue Stars|Yumeea,no
1970-01-01 00:00:00+00:00,NLC|Deer Gaming|Lund Esports Organization|2026-01-29T20:00:00+00:00,2026-01-29T20:00:00+00:00,NLC,BO1,Deer Gaming,Lund Esports Organization,0.5,0.5,0.5,0.5,BetaCalibratedWrapper,no_roster:Lund Esports Organization,JD Gaming,Lund Esports Organization,5.0,0.0,2026-01-29,NLC,,skipped,,
1970-01-01 00:00:00+00:00,La Ligue Française|Galions Sharks|Lausanne Esports|2026-01-29T21:00:00+00:00,2026-01-29T21:00:00+00:00,La Ligue Française,BO1,Galions Sharks,Lausanne Esports,0.7425314959658686,0.2574685040341313,0.5,0.5,BetaCalibratedWrapper,ok,Galions Sharks,Lausanne-Sport Esports,5.0,5.0,2026-01-29,LA LIGUE FRANÇAISE,ValueError: Roster vide : impossible d'agréger les features.,skipped,Galions Sharks|Lausanne-Sport Esports,no
1970-01-01 00:00:00+00:00,NLC|DMG Esports|Lundqvist Lightside|2026-01-29T21:00:00+00:00,2026-01-29T21:00:00+00:00,NLC,BO1,DMG Esports,Lundqvist Lightside,0.5,0.5,0.5,0.5,BetaCalibratedWrapper,no_roster:Lundqvist Lightside,G2 Esports,Lundqvist Lightside,5.0,0.0,2026-01-29,NLC,,skipped,,
1970-01-01 00:00:00+00:00,LCP|DetonatioN FocusMe|Team Secret Whales|2026-01-30T06:00:00+00:00,2026-01-30T06:00:00+00:00,LCP,BO3,DetonatioN FocusMe,Team Secret Whales,0.8758962759596121,0.1241037240403879,0.8164484928757417,0.2597616758622635,BetaCalibratedWrapper,ok,DetonatioN FocusMe,Team Secret Whales,5.0,5.0,2026-01-30,LCP,,ok,DetonatioN FocusMe|Team Secret Whales,no
1970-01-01 00:00:00+00:00,LCK|NONGSHIM RED FORCE|kt Rolster|2026-01-30T08:00:00+00:00,2026-01-30T08:00:00+00:00,LCK,BO5,NONGSHIM RED FORCE,kt Rolster,0.5081653277882843,0.4918346722117157,0.2575841413835877,0.5,BetaCalibratedWrapper,ok,Nongshim RedForce,KT Rolster,5.0,5.0,2026-01-30,LCK,,ok,KT Rolster|Nongshim RedForce,yes
1970-01-01 00:00:00+00:00,LCP|GAM Esports|Ground Zero Gaming|2026-01-30T08:30:00+00:00,2026-01-30T08:30:00+00:00,LCP,BO3,GAM Esports,Ground Zero Gaming,0.449602895802851,0.5503971041971489,0.1835515071242582,0.1354284460329506,BetaCalibratedWrapper,ok,GAM Esports,Ground Zero Gaming,5.0,5.0,2026-01-30,LCP,,ok,GAM Esports|Ground Zero Gaming,no
1970-01-01 00:00:00+00:00,LPL|Oh My God|Ultra Prime|2026-01-30T09:00:00+00:00,2026-01-30T09:00:00+00:00,LPL,BO3,Oh My God,Ultra Prime,0.6880587450130942,0.3119412549869058,0.5,0.5,BetaCalibratedWrapper,ok,Oh My God,Ultra Prime,5.0,5.0,2026-01-30,LPL,,ok,Oh My God|Ultra Prime,no
1970-01-01 00:00:00+00:00,LPL|TOPESPORTS|BILIBILI GAMING DREAMSMART|2026-01-30T11:00:00+00:00,2026-01-30T11:00:00+00:00,LPL,BO3,TOPESPORTS,BILIBILI GAMING DREAMSMART,0.2182246193778131,0.7817753806221869,0.5,0.5,BetaCalibratedWrapper,ok,Top Esports,Bilibili Gaming,5.0,5.0,2026-01-30,LPL,,ok,Bilibili Gaming|Top Esports,yes
1970-01-01 00:00:00+00:00,TCL|S2G Esports|Misa Esports|2026-01-30T14:30:00+00:00,2026-01-30T14:30:00+00:00,TCL,BO3,S2G Esports,Misa Esports,0.6543167422634542,0.3456832577365458,0.5,0.768384501811672,BetaCalibratedWrapper,ok,G2 Esports,Sicar Esports,5.0,5.0,2026-01-30,TCL,ValueError: Roster vide : impossible d'agréger les features.,skipped,G2 Esports|Sicar Esports,no
1970-01-01 00:00:00+00:00,Arabian League|NextGeneration Esports|Dragons Esports|2026-01-30T16:00:00+00:00,2026-01-30T16:00:00+00:00,Arabian League,BO3,NextGeneration Esports,Dragons Esports,0.5,0.5,0.5,0.5,BetaCalibratedWrapper,no_roster:NextGeneration Esports,NextGeneration Esports,Frank Esports,0.0,5.0,2026-01-30,ARABIAN LEAGUE,,skipped,,
1970-01-01 00:00:00+00:00,Hitpoint Masters|TBD|TBD|2026-01-30T16:00:00+00:00,2026-01-30T16:00:00+00:00,Hitpoint Masters,BO3,TBD,TBD,0.5,0.5,0.5,0.5,BetaCalibratedWrapper,no_roster:TBD+TBD,TBD,TBD,0.0,0.0,2026-01-30,HITPOINT MASTERS,,skipped,,
1970-01-01 00:00:00+00:00,Hitpoint Masters|UP2U Meavedron|Observant Force|2026-01-30T16:00:00+00:00,2026-01-30T16:00:00+00:00,Hitpoint Masters,BO3,UP2U Meavedron,Observant Force,0.5,0.5,0.5,0.5,BetaCalibratedWrapper,no_roster:UP2U Meavedron+Observant Force,UP2U Meavedron,Observant Force,0.0,0.0,2026-01-30,HITPOINT MASTERS,,skipped,,
1970-01-01 00:00:00+00:00,LoL Italian Tournament|HMBLE|EKO Esports|2026-01-30T17:00:00+00:00,2026-01-30T17:00:00+00:00,LoL Italian Tournament,BO5,HMBLE,EKO Esports,0.5,0.5,0.5,0.5,BetaCalibratedWrapper,no_roster:HMBLE,HMBLE,KOVA Esports,0.0,3.0,2026-01-30,LOL ITALIAN TOURNAMENT,,skipped,,
1970-01-01 00:00:00+00:00,LoL Italian Tournament|TBD|TBD|2026-01-30T17:00:00+00:00,2026-01-30T17:00:00+00:00,LoL Italian Tournament,BO5,TBD,TBD,0.5,0.5,0.5,0.5,BetaCalibratedWrapper,no_roster:TBD+TBD,TBD,TBD,0.0,0.0,2026-01-30,LOL ITALIAN TOURNAMENT,,skipped,,
1970-01-01 00:00:00+00:00,TCL|PCIFIC Esports|Dark Passage|2026-01-30T17:30:00+00:00,2026-01-30T17:30:00+00:00,TCL,BO3,PCIFIC Esports,Dark Passage,0.5,0.5,0.5,0.5,BetaCalibratedWrapper,no_roster:PCIFIC Esports+Dark Passage,PCIFIC Esports,Dark Passage,0.0,0.0,2026-01-30,TCL,,skipped,,
1970-01-01 00:00:00+00:00,Esports Balkan League|BeFive|Crvena zvezda Esports|2026-01-30T18:00:00+00:00,2026-01-30T18:00:00+00:00,Esports Balkan League,BO3,BeFive,Crvena zvezda Esports,0.5,0.5,0.5,0.5,BetaCalibratedWrapper,no_roster:BeFive+Crvena zvezda Esports,BeFive,Crvena zvezda Esports,0.0,0.0,2026-01-30,ESPORTS BALKAN LEAGUE,,skipped,,
1970-01-01 00:00:00+00:00,Hitpoint Masters|CITA Kaizen|BRUTE|2026-01-30T18:00:00+00:00,2026-01-30T18:00:00+00:00,Hitpoint Masters,BO3,CITA Kaizen,BRUTE,0.5,0.5,0.5,0.5,BetaCalibratedWrapper,no_roster:CITA Kaizen+BRUTE,CITA Kaizen,BRUTE,0.0,0.0,2026-01-30,HITPOINT MASTERS,,skipped,,
1970-01-01 00:00:00+00:00,Hitpoint Masters|TBD|TBD|2026-01-30T18:00:00+00:00,2026-01-30T18:00:00+00:00,Hitpoint Masters,BO3,TBD,TBD,0.5,0.5,0.5,0.5,BetaCalibratedWrapper,no_roster:TBD+TBD,TBD,TBD,0.0,0.0,2026-01-30,HITPOINT MASTERS,,skipped,,
1970-01-01 00:00:00+00:00,Arabian League|FN Esports|Anubis Gaming|2026-01-30T18:30:00+00:00,2026-01-30T18:30:00+00:00,Arabian League,BO3,FN Esports,Anubis Gaming,0.5,0.5,0.5,0.5,BetaCalibratedWrapper,no_roster:Anubis Gaming,LNG Esports,Anubis Gaming,5.0,0.0,2026-01-30,ARABIAN LEAGUE,,skipped,,
1970-01-01 00:00:00+00:00,Esports Balkan League|SPIKE Syndicate|The Secret Club|2026-01-30T20:00:00+00:00,2026-01-30T20:00:00+00:00,Esports Balkan League,BO3,SPIKE Syndicate,The Secret Club,0.5,0.5,0.5,0.5,BetaCalibratedWrapper,no_roster:SPIKE Syndicate+The Secret Club,SPIKE Syndicate,The Secret Club,0.0,0.0,2026-01-30,ESPORTS BALKAN LEAGUE,,skipped,,
1970-01-01 00:00:00+00:00,LCP|Deep Cross Gaming|CTBC Flying Oyster|2026-01-31T06:00:00+00:00,2026-01-31T06:00:00+00:00,LCP,BO3,Deep Cross Gaming,CTBC Flying Oyster,0.2977010967497547,0.7022989032502452,0.9544625817848452,0.6440972304779812,BetaCalibratedWrapper,ok,Deep Cross Gaming,CTBC Flying Oyster,5.0,5.0,2026-01-31,LCP,,ok,CTBC Flying Oyster|Deep Cross Gaming,yes
1970-01-01 00:00:00+00:00,LCP|Relove Deep Cross Gaming|CTBC Flying Oyster|2026-01-31T06:00:00+00:00,2026-01-31T06:00:00+00:00,LCP,BO3,Relove Deep Cross Gaming,CTBC Flying Oyster,0.2933818940179004,0.7066181059820996,0.7130171126718161,0.8612430814635107,BetaCalibratedWrapper,ok,Deep Cross Gaming,CTBC Flying Oyster,5.0,5.0,2026-01-31,LCP,,ok,CTBC Flying Oyster|Deep Cross Gaming,yes
1970-01-01 00:00:00+00:00,LCK|T1|Dplus KIA|2026-01-31T08:00:00+00:00,2026-01-31T08:00:00+00:00,LCK,BO5,T1,Dplus KIA,0.4033245794469842,0.5966754205530158,0.1865477760887448,0.681964288705328,BetaCalibratedWrapper,ok,T1,Dplus KIA,5.0,5.0,2026-01-31,LCK,,ok,Dplus KIA|T1,yes
1970-01-01 00:00:00+00:00,LCP|MVK Esports|Fukuoka SoftBank HAWKS gaming|2026-01-31T08:30:00+00:00,2026-01-31T08:30:00+00:00,LCP,BO3,MVK Esports,Fukuoka SoftBank HAWKS gaming,0.0405404901681411,0.9594595098318588,0.0455374182151548,0.3559027695220188,BetaCalibratedWrapper,ok,V3 Esports,Fukuoka SoftBank HAWKS gaming,5.0,5.0,2026-01-31,LCP,,ok,Fukuoka SoftBank HAWKS gaming|V3 Esports,yes
1970-01-01 00:00:00+00:00,LPL|Beijing JDG Intel Esports|Anyone's Legend|2026-01-31T09:00:00+00:00,2026-01-31T09:00:00+00:00,LPL,BO3,Beijing JDG Intel Esports,Anyone's Legend,0.5,0.5,0.5,0.8043895960173849,BetaCalibratedWrapper,no_roster:Beijing JDG Intel Esports,Beijing JDG Intel Esports,Anyone's Legend,0.0,5.0,2026-01-31,LPL,,skipped,,
1970-01-01 00:00:00+00:00,LPL|Invictus Gaming|BILIBILI GAMING DREAMSMART|2026-01-31T11:00:00+00:00,2026-01-31T11:00:00+00:00,LPL,BO3,Invictus Gaming,BILIBILI GAMING DREAMSMART,0.1986347695948079,0.801365230405192,0.1956104039826151,0.7817753806221869,BetaCalibratedWrapper,ok,Invictus Gaming,Bilibili Gaming,5.0,5.0,2026-01-31,LPL,,ok,Bilibili Gaming|Invictus Gaming,yes
1970-01-01 00:00:00+00:00,Hitpoint Masters|Priority|KIA.eSuba Academy|2026-01-31T12:00:00+00:00,2026-01-31T12:00:00+00:00,Hitpoint Masters,BO1,Priority,KIA.eSuba Academy,0.5,0.5,0.5,0.5,BetaCalibratedWrapper,no_roster:Priority+KIA.eSuba Academy,Priority,KIA.eSuba Academy,0.0,0.0,2026-01-31,HITPOINT MASTERS,,skipped,,
1970-01-01 00:00:00+00:00,Hitpoint Masters|TBD|TBD|2026-01-31T12:00:00+00:00,2026-01-31T12:00:00+00:00,Hitpoint Masters,BO1,TBD,TBD,0.5,0.5,0.5,0.5,BetaCalibratedWrapper,no_roster:TBD+TBD,TBD,TBD,0.0,0.0,2026-01-31,HITPOINT MASTERS,,skipped,,
1970-01-01 00:00:00+00:00,Hitpoint Masters|Andromeda Gaming|Divernex|2026-01-31T13:00:00+00:00,2026-01-31T13:00:00+00:00,Hitpoint Masters,BO1,Andromeda Gaming,Divernex,0.5,0.5,0.5,0.5,BetaCalibratedWrapper,no_roster:Andromeda Gaming+Divernex,Andromeda Gaming,Divernex,0.0,0.0,2026-01-31,HITPOINT MASTERS,,skipped,,
1970-01-01 00:00:00+00:00,Hitpoint Masters|TBD|TBD|2026-01-31T13:00:00+00:00,2026-01-31T13:00:00+00:00,Hitpoint Masters,BO1,TBD,TBD,0.5,0.5,0.5,0.5,BetaCalibratedWrapper,no_roster:TBD+TBD,TBD,TBD,0.0,0.0,2026-01-31,HITPOINT MASTERS,,skipped,,
1970-01-01 00:00:00+00:00,Hitpoint Masters|EXILE Esports|Ethereal Enigmas|2026-01-31T14:00:00+00:00,2026-01-31T14:00:00+00:00,Hitpoint Masters,BO1,EXILE Esports,Ethereal Enigmas,0.5,0.5,0.5,0.5,BetaCalibratedWrapper,no_roster:Ethereal Enigmas,EFIVE Esports,Ethereal Enigmas,5.0,0.0,2026-01-31,HITPOINT MASTERS,,skipped,,
1970-01-01 00:00:00+00:00,Hitpoint Masters|TBD|TBD|2026-01-31T14:00:00+00:00,2026-01-31T14:00:00+00:00,Hitpoint Masters,BO1,TBD,TBD,0.5,0.5,0.5,0.5,BetaCalibratedWrapper,no_roster:TBD+TBD,TBD,TBD,0.0,0.0,2026-01-31,HITPOINT MASTERS,,skipped,,
1970-01-01 00:00:00+00:00,Hitpoint Masters|SPAXFAMILY|Diversion Gaming|2026-01-31T15:00:00+00:00,2026-01-31T15:00:00+00:00,Hitpoint Masters,BO1,SPAXFAMILY,Diversion Gaming,0.5,0.5,0.5,0.5,BetaCalibratedWrapper,no_roster:SPAXFAMILY+Diversion Gaming,SPAXFAMILY,Diversion Gaming,0.0,0.0,2026-01-31,HITPOINT MASTERS,,skipped,,
1970-01-01 00:00:00+00:00,Hitpoint Masters|TBD|TBD|2026-01-31T15:00:00+00:00,2026-01-31T15:00:00+00:00,Hitpoint Masters,BO1,TBD,TBD,0.5,0.5,0.5,0.5,BetaCalibratedWrapper,no_roster:TBD+TBD,TBD,TBD,0.0,0.0,2026-01-31,HITPOINT MASTERS,,skipped,,
1970-01-01 00:00:00+00:00,LEC|Team Heretics|SK Gaming|2026-01-31T15:45:00+00:00,2026-01-31T15:45:00+00:00,LEC,BO1,Team Heretics,SK Gaming,0.5721003585442808,0.4278996414557192,0.3603816544575352,0.536236350931685,BetaCalibratedWrapper,ok,Team Heretics,SK Gaming,5.0,5.0,2026-01-31,LEC,,ok,SK Gaming|Team Heretics,yes
1970-01-01 00:00:00+00:00,CBLOL|Vivo Keyd Stars|RED Canids Kalunga|2026-01-31T16:00:00+00:00,2026-01-31T16:00:00+00:00,CBLOL,BO1,Vivo Keyd Stars,RED Canids Kalunga,0.5,0.5,0.2393609776828804,0.5,BetaCalibratedWrapper,no_roster:RED Canids Kalunga,Vivo Keyd Stars,RED Canids Kalunga,5.0,0.0,2026-01-31,CBLOL,,skipped,,
1970-01-01 00:00:00+00:00,LEC|Team Heretics|SK Gaming|2026-01-31T16:00:00+00:00,2026-01-31T16:00:00+00:00,LEC,BO1,Team Heretics,SK Gaming,0.5685576863307182,0.4314423136692817,0.3986855278655439,0.4435981768015237,BetaCalibratedWrapper,ok,Team Heretics,SK Gaming,5.0,5.0,2026-01-31,LEC,,ok,SK Gaming|Team Heretics,yes
1970-01-01 00:00:00+00:00,LEC|Natus Vincere|GIANTX|2026-01-31T16:30:00+00:00,2026-01-31T16:30:00+00:00,LEC,BO1,Natus Vincere,GIANTX,0.5758512570894219,0.4241487429105781,0.5251100949818113,0.6599033398245795,BetaCalibratedWrapper,ok,Natus Vincere,GiantX,5.0,5.0,2026-01-31,LEC,,ok,GiantX|Natus Vincere,yes
1970-01-01 00:00:00+00:00,LEC|Natus Vincere|GIANTX|2026-01-31T16:45:00+00:00,2026-01-31T16:45:00+00:00,LEC,BO1,Natus Vincere,GIANTX,0.164800115243805,0.835199884756195,0.4869221261928812,0.4921738345399904,BetaCalibratedWrapper,ok,Natus Vincere,GiantX,5.0,5.0,2026-01-31,LEC,,ok,GiantX|Natus Vincere,yes
1970-01-01 00:00:00+00:00,CBLOL|FURIA|Fluxo|2026-01-31T17:00:00+00:00,2026-01-31T17:00:00+00:00,CBLOL,BO1,FURIA,Fluxo,0.5091760767954265,0.4908239232045734,0.5,0.4948158968412745,BetaCalibratedWrapper,ok,FURIA,Fluxo,5.0,5.0,2026-01-31,CBLOL,ValueError: Roster vide : impossible d'agréger les features.,skipped,Fluxo|FURIA,yes
1970-01-01 00:00:00+00:00,LEC|Natus Vincere|GIANTX|2026-01-31T17:00:00+00:00,2026-01-31T17:00:00+00:00,LEC,BO1,Natus Vincere,GIANTX,0.164800115243805,0.835199884756195,0.4869221261928812,0.4921738345399904,BetaCalibratedWrapper,ok,Natus Vincere,GiantX,5.0,5.0,2026-01-31,LEC,,ok,GiantX|Natus Vincere,yes
1970-01-01 00:00:00+00:00,LEC|Shifters|Fnatic|2026-01-31T17:15:00+00:00,2026-01-31T17:15:00+00:00,LEC,BO1,Shifters,Fnatic,0.5657301634126602,0.4342698365873397,0.5209654729967196,0.4450515461077535,BetaCalibratedWrapper,ok,Shifters,Fnatic,5.0,5.0,2026-01-31,LEC,,ok,Fnatic|Shifters,yes
1970-01-01 00:00:00+00:00,LEC|Shifters|Fnatic|2026-01-31T17:30:00+00:00,2026-01-31T17:30:00+00:00,LEC,BO1,Shifters,Fnatic,0.5,0.5,0.5,0.4293313706959343,BetaCalibratedWrapper,no_roster:Shifters,Shifters,Fnatic,0.0,5.0,2026-01-31,LEC,,skipped,,
1970-01-01 00:00:00+00:00,CBLOL|LOS|paiN Gaming|2026-01-31T18:00:00+00:00,2026-01-31T18:00:00+00:00,CBLOL,BO1,LOS,paiN Gaming,0.5,0.5,0.5,0.5,BetaCalibratedWrapper,no_roster:LOS,LOS,paiN Gaming,0.0,5.0,2026-01-31,CBLOL,,skipped,,
1970-01-01 00:00:00+00:00,LEC|Karmine Corp Blue|G2 Esports|2026-01-31T18:00:00+00:00,2026-01-31T18:00:00+00:00,LEC,BO1,Karmine Corp Blue,G2 Esports,0.3337532014432721,0.6662467985567279,0.463763649068315,0.6396183455424648,BetaCalibratedWrapper,ok,Karmine Corp Blue,G2 Esports,5.0,5.0,2026-01-31,LEC,,ok,G2 Esports|Karmine Corp Blue,yes
1970-01-01 00:00:00+00:00,LEC|Shifters|Fnatic|2026-01-31T18:00:00+00:00,2026-01-31T18:00:00+00:00,LEC,BO1,Shifters,Fnatic,0.5,0.5,0.5,0.4293313706959343,BetaCalibratedWrapper,no_roster:Shifters,Shifters,Fnatic,0.0,5.0,2026-01-31,LEC,,skipped,,
1970-01-01 00:00:00+00:00,LEC|Karmine Corp Blue|G2 Esports|2026-01-31T18:15:00+00:00,2026-01-31T18:15:00+00:00,LEC,BO1,Karmine Corp Blue,G2 Esports,0.3930909680543186,0.6069090319456814,0.5564018231984763,0.6013144721344561,BetaCalibratedWrapper,ok,Karmine Corp,G2 Esports,5.0,5.0,2026-01-31,LEC,,ok,G2 Esports|Karmine Corp,yes
1970-01-01 00:00:00+00:00,LEC|Team Vitality|Karmine Corp|2026-01-31T18:45:00+00:00,2026-01-31T18:45:00+00:00,LEC,BO1,Team Vitality,Karmine Corp,0.5714742339560426,0.4285257660439574,0.5549484538922465,0.4748899050181887,BetaCalibratedWrapper,ok,Team Vitality,Karmine Corp,5.0,5.0,2026-01-31,LEC,,ok,Karmine Corp|Team Vitality,yes
1970-01-01 00:00:00+00:00,CBLOL|LEVIATÁN|LOUD|2026-01-31T19:00:00+00:00,2026-01-31T19:00:00+00:00,CBLOL,BO1,LEVIATÁN,LOUD,0.4400968793429809,0.5599031206570191,0.5051841031587254,0.7606390223171196,BetaCalibratedWrapper,ok,Leviatan,LOUD,5.0,5.0,2026-01-31,CBLOL,ValueError: Roster vide : impossible d'agréger les features.,skipped,Leviatan|LOUD,no
1970-01-01 00:00:00+00:00,LEC|Karmine Corp Blue|G2 Esports|2026-01-31T19:00:00+00:00,2026-01-31T19:00:00+00:00,LEC,BO1,Karmine Corp Blue,G2 Esports,0.3930909680543186,0.6069090319456814,0.5564018231984763,0.6013144721344561,BetaCalibratedWrapper,ok,Karmine Corp,G2 Esports,5.0,5.0,2026-01-31,LEC,,ok,G2 Esports|Karmine Corp,yes
1970-01-01 00:00:00+00:00,LEC|Team Vitality|Karmine Corp|2026-01-31T19:00:00+00:00,2026-01-31T19:00:00+00:00,LEC,BO1,Team Vitality,Karmine Corp,0.5457989772809422,0.4542010227190578,0.5706686293040657,0.5130778738071188,BetaCalibratedWrapper,ok,Team Vitality,Karmine Corp,5.0,5.0,2026-01-31,LEC,,ok,Karmine Corp|Team Vitality,yes
1970-01-01 00:00:00+00:00,LEC|Movistar KOI|Los Ratones|2026-01-31T19:30:00+00:00,2026-01-31T19:30:00+00:00,LEC,BO1,Movistar KOI,Los Ratones,0.3880948542311145,0.6119051457688854,0.3400966601754205,0.4790345270032804,BetaCalibratedWrapper,ok,Movistar KOI,Los Ratones,5.0,5.0,2026-01-31,LEC,,ok,Los Ratones|Movistar KOI,yes
1970-01-01 00:00:00+00:00,LEC|Movistar KOI|Los Ratones|2026-01-31T19:45:00+00:00,2026-01-31T19:45:00+00:00,LEC,BO1,Movistar KOI,Los Ratones,0.4965302853266586,0.5034697146733413,0.5078261654600096,0.5,BetaCalibratedWrapper,ok,Movistar KOI,Los Grandes,5.0,5.0,2026-01-31,LEC,ValueError: Roster vide : impossible d'agréger les features.,skipped,Los Grandes|Movistar KOI,yes
1970-01-01 00:00:00+00:00,LEC|Team Vitality|Karmine Corp|2026-01-31T20:00:00+00:00,2026-01-31T20:00:00+00:00,LEC,BO1,Team Vitality,Karmine Corp,0.5457989772809422,0.4542010227190578,0.5706686293040657,0.5130778738071188,BetaCalibratedWrapper,ok,Team Vitality,Karmine Corp,5.0,5.0,2026-01-31,LEC,,ok,Karmine Corp|Team Vitality,yes
1970-01-01 00:00:00+00:00,LCS|Cloud9 Kia|LYON|2026-01-31T21:00:00+00:00,2026-01-31T21:00:00+00:00,LCS,BO3,Cloud9 Kia,LYON,0.7022210988636941,0.2977789011363059,0.5,0.2902309490751293,BetaCalibratedWrapper,ok,Cloud9,LYON,5.0,5.0,2026-01-31,LCS,ValueError: Roster vide : impossible d'agréger les features.,skipped,Cloud9|LYON,no
1970-01-01 00:00:00+00:00,LCS|TBD|TBD|2026-01-31T21:00:00+00:00,2026-01-31T21:00:00+00:00,LCS,BO3,TBD,TBD,0.5,0.5,0.5,0.5,BetaCalibratedWrapper,no_roster:TBD+TBD,TBD,TBD,0.0,0.0,2026-01-31,LCS,,skipped,,
1970-01-01 00:00:00+00:00,LEC|Movistar KOI|Los Ratones|2026-01-31T21:00:00+00:00,2026-01-31T21:00:00+00:00,LEC,BO1,Movistar KOI,Los Ratones,0.4965302853266586,0.5034697146733413,0.5078261654600096,0.5,BetaCalibratedWrapper,ok,Movistar KOI,Los Grandes,5.0,5.0,2026-01-31,LEC,ValueError: Roster vide : impossible d'agréger les features.,skipped,Los Grandes|Movistar KOI,yes
1970-01-01 00:00:00+00:00,LCS|Sentinels|Dignitas|2026-02-01T00:00:00+00:00,2026-02-01T00:00:00+00:00,LCS,BO3,Sentinels,Dignitas,0.5412843647966732,0.4587156352033268,0.5,0.7097690509248706,BetaCalibratedWrapper,ok,Sentinels,Dignitas,5.0,5.0,2026-02-01,LCS,ValueError: Roster vide : impossible d'agréger les features.,skipped,Dignitas|Sentinels,yes
1970-01-01 00:00:00+00:00,LCS|TBD|TBD|2026-02-01T00:00:00+00:00,2026-02-01T00:00:00+00:00,LCS,BO3,TBD,TBD,0.5,0.5,0.5,0.5,BetaCalibratedWrapper,no_roster:TBD+TBD,TBD,TBD,0.0,0.0,2026-02-01,LCS,,skipped,,
1970-01-01 00:00:00+00:00,LCP|Team Secret Whales|GAM Esports|2026-02-01T06:00:00+00:00,2026-02-01T06:00:00+00:00,LCP,BO3,Team Secret Whales,GAM Esports,0.1740953292439907,0.8259046707560093,0.1241037240403879,0.449602895802851,BetaCalibratedWrapper,ok,Team Secret Whales,GAM Esports,5.0,5.0,2026-02-01,LCP,,ok,GAM Esports|Team Secret Whales,yes
1970-01-01 00:00:00+00:00,LCK|Hanwha Life Esports|Gen.G Esports|2026-02-01T08:00:00+00:00,2026-02-01T08:00:00+00:00,LCK,BO5,Hanwha Life Esports,Gen.G Esports,0.2902026307524646,0.7097973692475353,0.5,0.318035711294672,BetaCalibratedWrapper,ok,Hanwha Life Esports,Gen.G,5.0,5.0,2026-02-01,LCK,,ok,Gen.G|Hanwha Life Esports,yes
1970-01-01 00:00:00+00:00,LCP|DetonatioN FocusMe|Ground Zero Gaming|2026-02-01T08:30:00+00:00,2026-02-01T08:30:00+00:00,LCP,BO3,DetonatioN FocusMe,Ground Zero Gaming,0.5828470034384757,0.4171529965615242,0.8758962759596121,0.5503971041971489,BetaCalibratedWrapper,ok,DetonatioN FocusMe,Ground Zero Gaming,5.0,5.0,2026-02-01,LCP,,ok,DetonatioN FocusMe|Ground Zero Gaming,no
1970-01-01 00:00:00+00:00,LPL|Suzhou LNG Ninebot Esports|Hangzhou LGD Gaming|2026-02-01T09:00:00+00:00,2026-02-01T09:00:00+00:00,LPL,BO3,Suzhou LNG Ninebot Esports,Hangzhou LGD Gaming,0.5,0.5,0.5,0.5,BetaCalibratedWrapper,no_roster:Suzhou LNG Ninebot Esports+Hangzhou LGD Gaming,Suzhou LNG Ninebot Esports,Hangzhou LGD Gaming,0.0,0.0,2026-02-01,LPL,,skipped,,
1970-01-01 00:00:00+00:00,LPL|TOPESPORTS|Anyone's Legend|2026-02-01T11:00:00+00:00,2026-02-01T11:00:00+00:00,LPL,BO3,TOPESPORTS,Anyone's Legend,0.3001355185879706,0.6998644814120294,0.2182246193778131,0.5,BetaCalibratedWrapper,ok,Top Esports,Anyone's Legend,5.0,5.0,2026-02-01,LPL,,ok,Anyone's Legend|Top Esports,yes
1970-01-01 00:00:00+00:00,LEC|Shifters|Natus Vincere|2026-02-01T15:45:00+00:00,2026-02-01T15:45:00+00:00,LEC,BO1,Shifters,Natus Vincere,0.5696321450685764,0.4303678549314236,0.5657301634126602,0.5758512570894219,BetaCalibratedWrapper,ok,Shifters,Natus Vincere,5.0,5.0,2026-02-01,LEC,,ok,Natus Vincere|Shifters,yes
1970-01-01 00:00:00+00:00,CBLOL|LOS|RED Canids Kalunga|2026-02-01T16:00:00+00:00,2026-02-01T16:00:00+00:00,CBLOL,BO1,LOS,RED Canids Kalunga,0.5,0.5,0.5,0.5,BetaCalibratedWrapper,no_roster:LOS+RED Canids Kalunga,LOS,RED Canids Kalunga,0.0,0.0,2026-02-01,CBLOL,,skipped,,
1970-01-01 00:00:00+00:00,LEC|Shifters|Natus Vincere|2026-02-01T16:00:00+00:00,2026-02-01T16:00:00+00:00,LEC,BO1,Shifters,Natus Vincere,0.5,0.5,0.5,0.164800115243805,BetaCalibratedWrapper,no_roster:Shifters,Shifters,Natus Vincere,0.0,5.0,2026-02-01,LEC,,skipped,,
1970-01-01 00:00:00+00:00,LEC|Team Heretics|Karmine Corp Blue|2026-02-01T16:30:00+00:00,2026-02-01T16:30:00+00:00,LEC,BO1,Team Heretics,Karmine Corp Blue,0.5557294536839246,0.4442705463160754,0.5721003585442808,0.3337532014432721,BetaCalibratedWrapper,ok,Team Heretics,Karmine Corp Blue,5.0,5.0,2026-02-01,LEC,,ok,Karmine Corp Blue|Team Heretics,yes
1970-01-01 00:00:00+00:00,LEC|Team Heretics|Karmine Corp Blue|2026-02-01T16:45:00+00:00,2026-02-01T16:45:00+00:00,LEC,BO1,Team Heretics,Karmine Corp Blue,0.3798080522948699,0.6201919477051301,0.5685576863307182,0.3930909680543186,BetaCalibratedWrapper,ok,Team Heretics,Karmine Corp,5.0,5.0,2026-02-01,LEC,,ok,Karmine Corp|Team Heretics,yes
1970-01-01 00:00:00+00:00,CBLOL|FURIA|Vivo Keyd Stars|2026-02-01T17:00:00+00:00,2026-02-01T17:00:00+00:00,CBLOL,BO1,FURIA,Vivo Keyd Stars,0.6763953519967678,0.3236046480032322,0.5091760767954265,0.5,BetaCalibratedWrapper,ok,FURIA,Vivo Keyd Stars,5.0,5.0,2026-02-01,CBLOL,ValueError: Roster vide : impossible d'agréger les features.,skipped,FURIA|Vivo Keyd Stars,no
1970-01-01 00:00:00+00:00,LEC|Team Heretics|Karmine Corp Blue|2026-02-01T17:00:00+00:00,2026-02-01T17:00:00+00:00,LEC,BO1,Team Heretics,Karmine Corp Blue,0.3798080522948699,0.6201919477051301,0.5685576863307182,0.3930909680543186,BetaCalibratedWrapper,ok,Team Heretics,Karmine Corp,5.0,5.0,2026-02-01,LEC,,ok,Karmine Corp|Team Heretics,yes
1970-01-01 00:00:00+00:00,LEC|GIANTX|Team Vitality|2026-02-01T17:15:00+00:00,2026-02-01T17:15:00+00:00,LEC,BO1,GIANTX,Team Vitality,0.5,0.5,0.4486181979139596,0.479038935327074,CatBoostClassifier,predict_error,GiantX,Team Vitality,5.0,5.0,2026-02-01,LEC,"CatBoostError: Invalid type for cat_feature[non-default value idx=0,feature_idx=113]=-1.4253860637545586 : cat_features must be integer or string, real number values and NaN values should be converted",skipped,,
1970-01-01 00:00:00+00:00,LEC|Team Vitality|GIANTX|2026-02-01T17:15:00+00:00,2026-02-01T17:15:00+00:00,LEC,BO1,Team Vitality,GIANTX,0.54984408889534,0.45015591110466,0.5714742339560426,0.4241487429105781,BetaCalibratedWrapper,ok,Team Vitality,GiantX,5.0,5.0,2026-02-01,LEC,,ok,GiantX|Team Vitality,yes
1970-01-01 00:00:00+00:00,LEC|Team Vitality|GIANTX|2026-02-01T17:30:00+00:00,2026-02-01T17:30:00+00:00,LEC,BO1,Team Vitality,GIANTX,0.5552630230171944,0.4447369769828055,0.5457989772809422,0.835199884756195,BetaCalibratedWrapper,ok,Team Vitality,GiantX,5.0,5.0,2026-02-01,LEC,,ok,GiantX|Team Vitality,yes
1970-01-01 00:00:00+00:00,CBLOL|paiN Gaming|LEVIATÁN|2026-02-01T18:00:00+00:00,2026-02-01T18:00:00+00:00,CBLOL,BO1,paiN Gaming,LEVIATÁN,0.5407561741416782,0.4592438258583218,0.5,0.4400968793429809,BetaCalibratedWrapper,ok,paiN Gaming,Leviatan,5.0,5.0,2026-02-01,CBLOL,ValueError: Roster vide : impossible d'agréger les features.,skipped,Leviatan|paiN Gaming,yes
1970-01-01 00:00:00+00:00,LEC|SK Gaming|Movistar KOI|2026-02-01T18:00:00+00:00,2026-02-01T18:00:00+00:00,LEC,BO1,SK Gaming,Movistar KOI,0.5290943141291178,0.4709056858708822,0.4278996414557192,0.3880948542311145,BetaCalibratedWrapper,ok,SK Gaming,Movistar KOI,5.0,5.0,2026-02-01,LEC,,ok,Movistar KOI|SK Gaming,yes
1970-01-01 00:00:00+00:00,LEC|Team Vitality|GIANTX|2026-02-01T18:00:00+00:00,2026-02-01T18:00:00+00:00,LEC,BO1,Team Vitality,GIANTX,0.5552630230171944,0.4447369769828055,0.5457989772809422,0.835199884756195,BetaCalibratedWrapper,ok,Team Vitality,GiantX,5.0,5.0,2026-02-01,LEC,,ok,GiantX|Team Vitality,yes
1970-01-01 00:00:00+00:00,LEC|SK Gaming|Movistar KOI|2026-02-01T18:15:00+00:00,2026-02-01T18:15:00+00:00,LEC,BO1,SK Gaming,Movistar KOI,0.3989956581210154,0.6010043418789845,0.4314423136692817,0.4965302853266586,BetaCalibratedWrapper,ok,SK Gaming,Movistar KOI,5.0,5.0,2026-02-01,LEC,,ok,Movistar KOI|SK Gaming,yes
1970-01-01 00:00:00+00:00,LEC|Karmine Corp|Fnatic|2026-02-01T18:45:00+00:00,2026-02-01T18:45:00+00:00,LEC,BO1,Karmine Corp,Fnatic,0.4148927773730785,0.5851072226269215,0.4285257660439574,0.4342698365873397,BetaCalibratedWrapper,ok,Karmine Corp,Fnatic,5.0,5.0,2026-02-01,LEC,,ok,Fnatic|Karmine Corp,yes
1970-01-01 00:00:00+00:00,CBLOL|LOUD|Fluxo|2026-02-01T19:00:00+00:00,2026-02-01T19:00:00+00:00,CBLOL,BO1,LOUD,Fluxo,0.5233019863418011,0.4766980136581988,0.5599031206570191,0.4908239232045734,BetaCalibratedWrapper,ok,LOUD,Fluxo,5.0,5.0,2026-02-01,CBLOL,ValueError: Roster vide : impossible d'agréger les features.,skipped,Fluxo|LOUD,yes
1970-01-01 00:00:00+00:00,LEC|Karmine Corp|Fnatic|2026-02-01T19:00:00+00:00,2026-02-01T19:00:00+00:00,LEC,BO1,Karmine Corp,Fnatic,0.4134324720353837,0.5865675279646163,0.4542010227190578,0.5,BetaCalibratedWrapper,ok,Karmine Corp,Fnatic,5.0,5.0,2026-02-01,LEC,,ok,Fnatic|Karmine Corp,yes
1970-01-01 00:00:00+00:00,LEC|SK Gaming|Movistar KOI|2026-02-01T19:00:00+00:00,2026-02-01T19:00:00+00:00,LEC,BO1,SK Gaming,Movistar KOI,0.3989956581210154,0.6010043418789845,0.4314423136692817,0.4965302853266586,BetaCalibratedWrapper,ok,SK Gaming,Movistar KOI,5.0,5.0,2026-02-01,LEC,,ok,Movistar KOI|SK Gaming,yes
1970-01-01 00:00:00+00:00,LEC|G2 Esports|Los Ratones|2026-02-01T19:30:00+00:00,2026-02-01T19:30:00+00:00,LEC,BO1,G2 Esports,Los Ratones,0.5,0.5,0.5,0.2866705219986402,CatBoostClassifier,predict_error,G2 Esports,Los Ratones,5.0,5.0,2026-02-01,LEC,"CatBoostError: Invalid type for cat_feature[non-default value idx=0,feature_idx=113]=0.1573084592819214 : cat_features must be integer or string, real number values and NaN values should be converted ",skipped,,
1970-01-01 00:00:00+00:00,LEC|Los Ratones|G2 Esports|2026-02-01T19:30:00+00:00,2026-02-01T19:30:00+00:00,LEC,BO1,Los Ratones,G2 Esports,0.4901473276979368,0.5098526723020632,0.6119051457688854,0.6662467985567279,BetaCalibratedWrapper,ok,Los Ratones,G2 Esports,5.0,5.0,2026-02-01,LEC,,ok,G2 Esports|Los Ratones,yes
1970-01-01 00:00:00+00:00,LEC|Los Ratones|G2 Esports|2026-02-01T19:45:00+00:00,2026-02-01T19:45:00+00:00,LEC,BO1,Los Ratones,G2 Esports,0.5179029436098438,0.4820970563901562,0.5034697146733413,0.6069090319456814,BetaCalibratedWrapper,ok,Los Grandes,G2 Esports,5.0,5.0,2026-02-01,LEC,ValueError: Roster vide : impossible d'agréger les features.,skipped,G2 Esports|Los Grandes,yes
1970-01-01 00:00:00+00:00,LEC|Karmine Corp|Fnatic|2026-02-01T20:00:00+00:00,2026-02-01T20:00:00+00:00,LEC,BO1,Karmine Corp,Fnatic,0.4134324720353837,0.5865675279646163,0.4542010227190578,0.5,BetaCalibratedWrapper,ok,Karmine Corp,Fnatic,5.0,5.0,2026-02-01,LEC,,ok,Fnatic|Karmine Corp,yes
1970-01-01 00:00:00+00:00,LCS|FlyQuest|Disguised|2026-02-01T21:00:00+00:00,2026-02-01T21:00:00+00:00,LCS,BO3,FlyQuest,Disguised,0.3345817019521186,0.6654182980478813,0.7264978689095901,0.5,BetaCalibratedWrapper,ok,FlyQuest,Disguised,5.0,5.0,2026-02-01,LCS,ValueError: Roster vide : impossible d'agréger les features.,skipped,Disguised|FlyQuest,yes
1970-01-01 00:00:00+00:00,LCS|TBD|TBD|2026-02-01T21:00:00+00:00,2026-02-01T21:00:00+00:00,LCS,BO3,TBD,TBD,0.5,0.5,0.5,0.5,BetaCalibratedWrapper,no_roster:TBD+TBD,TBD,TBD,0.0,0.0,2026-02-01,LCS,,skipped,,
1970-01-01 00:00:00+00:00,LEC|Los Ratones|G2 Esports|2026-02-01T21:00:00+00:00,2026-02-01T21:00:00+00:00,LEC,BO1,Los Ratones,G2 Esports,0.5179029436098438,0.4820970563901562,0.5034697146733413,0.6069090319456814,BetaCalibratedWrapper,ok,Los Grandes,G2 Esports,5.0,5.0,2026-02-01,LEC,ValueError: Roster vide : impossible d'agréger les features.,skipped,G2 Esports|Los Grandes,yes
1970-01-01 00:00:00+00:00,LCS|Shopify Rebellion|Team Liquid Alienware|2026-02-02T00:00:00+00:00,2026-02-02T00:00:00+00:00,LCS,BO3,Shopify Rebellion,Team Liquid Alienware,0.5,0.5,0.3766487488286789,,BetaCalibratedWrapper,no_roster:Team Liquid Alienware,Shopify Rebellion,Team Liquid Alienware,5.0,0.0,2026-02-02,LCS,,skipped,,
1970-01-01 00:00:00+00:00,LCS|TBD|TBD|2026-02-02T00:00:00+00:00,2026-02-02T00:00:00+00:00,LCS,BO3,TBD,TBD,0.5,0.5,0.5,0.5,BetaCalibratedWrapper,no_roster:TBD+TBD,TBD,TBD,0.0,0.0,2026-02-02,LCS,,skipped,,
1970-01-01 00:00:00+00:00,LCK Challengers|DK Challengers|HLE Challengers|2026-02-02T05:00:00+00:00,2026-02-02T05:00:00+00:00,LCK Challengers,BO3,DK Challengers,HLE Challengers,0.6948405052093319,0.305159494790668,0.5,0.5,BetaCalibratedWrapper,ok,Dplus Kia Challengers,Hanwha Life Esports,5.0,5.0,2026-02-02,LCKC,ValueError: Roster vide : impossible d'agréger les features.,skipped,Dplus Kia Challengers|Hanwha Life Esports,no
1970-01-01 00:00:00+00:00,LCK Challengers|TBD|TBD|2026-02-02T05:00:00+00:00,2026-02-02T05:00:00+00:00,LCK Challengers,BO3,TBD,TBD,0.5,0.5,0.5,0.5,BetaCalibratedWrapper,no_roster:TBD+TBD,TBD,TBD,0.0,0.0,2026-02-02,LCK,,skipped,,
1970-01-01 00:00:00+00:00,LCK Challengers|DRX Challengers|BNK FEARX Youth|2026-02-02T08:00:00+00:00,2026-02-02T08:00:00+00:00,LCK Challengers,BO3,DRX Challengers,BNK FEARX Youth,0.3031993707866549,0.6968006292133451,0.5,0.5,BetaCalibratedWrapper,ok,DRX Challengers,BNK FEARX Youth,5.0,5.0,2026-02-02,LCKC,,ok,BNK FEARX Youth|DRX Challengers,yes
1970-01-01 00:00:00+00:00,LCK Challengers|TBD|TBD|2026-02-02T08:00:00+00:00,2026-02-02T08:00:00+00:00,LCK Challengers,BO3,TBD,TBD,0.5,0.5,0.5,0.5,BetaCalibratedWrapper,no_roster:TBD+TBD,TBD,TBD,0.0,0.0,2026-02-02,LCK,,skipped,,
1970-01-01 00:00:00+00:00,LPL|Oh My God|Hangzhou LGD Gaming|2026-02-02T09:00:00+00:00,2026-02-02T09:00:00+00:00,LPL,BO3,Oh My God,Hangzhou LGD Gaming,0.5,0.5,0.6880587450130942,0.5,BetaCalibratedWrapper,no_roster:Hangzhou LGD Gaming,Oh My God,Hangzhou LGD Gaming,5.0,0.0,2026-02-02,LPL,,skipped,,
1970-01-01 00:00:00+00:00,LPL|WeiboGaming Faw Audi|BILIBILI GAMING DREAMSMART|2026-02-02T11:00:00+00:00,2026-02-02T11:00:00+00:00,LPL,BO3,WeiboGaming Faw Audi,BILIBILI GAMING DREAMSMART,0.5,0.5,0.5,0.801365230405192,BetaCalibratedWrapper,no_roster:WeiboGaming Faw Audi,WeiboGaming Faw Audi,Bilibili Gaming,0.0,5.0,2026-02-02,LPL,,skipped,,
1970-01-01 00:00:00+00:00,LEC|Karmine Corp Blue|Fnatic|2026-02-02T15:45:00+00:00,2026-02-02T15:45:00+00:00,LEC,BO1,Karmine Corp Blue,Fnatic,0.4835829511212861,0.5164170488787139,0.4442705463160754,0.5851072226269215,BetaCalibratedWrapper,ok,Karmine Corp Blue,Fnatic,5.0,5.0,2026-02-02,LEC,,ok,Fnatic|Karmine Corp Blue,yes
1970-01-01 00:00:00+00:00,LEC|Karmine Corp Blue|Fnatic|2026-02-02T16:00:00+00:00,2026-02-02T16:00:00+00:00,LEC,BO1,Karmine Corp Blue,Fnatic,0.4134324720353837,0.5865675279646163,0.6201919477051301,0.5865675279646163,BetaCalibratedWrapper,ok,Karmine Corp,Fnatic,5.0,5.0,2026-02-02,LEC,,ok,Fnatic|Karmine Corp,yes
1970-01-01 00:00:00+00:00,LEC|SK Gaming|GIANTX|2026-02-02T16:30:00+00:00,2026-02-02T16:30:00+00:00,LEC,BO1,SK Gaming,GIANTX,0.4577725966253816,0.5422274033746184,0.5290943141291178,0.45015591110466,BetaCalibratedWrapper,ok,SK Gaming,GiantX,5.0,5.0,2026-02-02,LEC,,ok,GiantX|SK Gaming,yes
1970-01-01 00:00:00+00:00,LEC|SK Gaming|GIANTX|2026-02-02T16:45:00+00:00,2026-02-02T16:45:00+00:00,LEC,BO1,SK Gaming,GIANTX,0.2616337286627163,0.7383662713372837,0.3989956581210154,0.4447369769828055,BetaCalibratedWrapper,ok,SK Gaming,GiantX,5.0,5.0,2026-02-02,LEC,,ok,GiantX|SK Gaming,yes
1970-01-01 00:00:00+00:00,LEC|SK Gaming|GIANTX|2026-02-02T17:00:00+00:00,2026-02-02T17:00:00+00:00,LEC,BO1,SK Gaming,GIANTX,0.2616337286627164,0.7383662713372836,0.3989956581210154,0.4447369769828055,BetaCalibratedWrapper,ok,SK Gaming,GiantX,5.0,5.0,2026-02-02,LEC,,ok,GiantX|SK Gaming,yes
1970-01-01 00:00:00+00:00,LEC|Natus Vincere|Los Ratones|2026-02-02T17:15:00+00:00,2026-02-02T17:15:00+00:00,LEC,BO1,Natus Vincere,Los Ratones,0.5465191383239557,0.4534808616760443,0.4303678549314236,0.4901473276979368,BetaCalibratedWrapper,ok,Natus Vincere,Los Ratones,5.0,5.0,2026-02-02,LEC,,ok,Los Ratones|Natus Vincere,yes
1970-01-01 00:00:00+00:00,LEC|Natus Vincere|Los Ratones|2026-02-02T17:30:00+00:00,2026-02-02T17:30:00+00:00,LEC,BO1,Natus Vincere,Los Ratones,0.5301832449802368,0.4698167550197631,0.5,0.5179029436098438,BetaCalibratedWrapper,ok,Natus Vincere,Los Grandes,5.0,5.0,2026-02-02,LEC,ValueError: Roster vide : impossible d'agréger les features.,skipped,Los Grandes|Natus Vincere,yes
1970-01-01 00:00:00+00:00,LEC|Natus Vincere|Los Ratones|2026-02-02T18:00:00+00:00,2026-02-02T18:00:00+00:00,LEC,BO1,Natus Vincere,Los Ratones,0.5301832449802368,0.4698167550197631,0.5,0.5179029436098438,BetaCalibratedWrapper,ok,Natus Vincere,Los Grandes,5.0,5.0,2026-02-02,LEC,ValueError: Roster vide : impossible d'agréger les features.,skipped,Los Grandes|Natus Vincere,yes
1970-01-01 00:00:00+00:00,LEC|Team Vitality|G2 Esports|2026-02-02T18:00:00+00:00,2026-02-02T18:00:00+00:00,LEC,BO1,Team Vitality,G2 Esports,0.4558732018284768,0.5441267981715232,0.54984408889534,0.5098526723020632,BetaCalibratedWrapper,ok,Team Vitality,G2 Esports,5.0,5.0,2026-02-02,LEC,,ok,G2 Esports|Team Vitality,yes
1970-01-01 00:00:00+00:00,LEC|Team Vitality|G2 Esports|2026-02-02T18:15:00+00:00,2026-02-02T18:15:00+00:00,LEC,BO1,Team Vitality,G2 Esports,0.4778983579396161,0.5221016420603839,0.5552630230171944,0.4820970563901562,BetaCalibratedWrapper,ok,Team Vitality,G2 Esports,5.0,5.0,2026-02-02,LEC,,ok,G2 Esports|Team Vitality,yes
1970-01-01 00:00:00+00:00,LEC|Team Heretics|Movistar KOI|2026-02-02T18:45:00+00:00,2026-02-02T18:45:00+00:00,LEC,BO1,Team Heretics,Movistar KOI,0.5095454193875677,0.4904545806124323,0.5557294536839246,0.4709056858708822,BetaCalibratedWrapper,ok,Team Heretics,Movistar KOI,5.0,5.0,2026-02-02,LEC,,ok,Movistar KOI|Team Heretics,yes
1970-01-01 00:00:00+00:00,LEC|Team Heretics|Movistar KOI|2026-02-02T19:00:00+00:00,2026-02-02T19:00:00+00:00,LEC,BO1,Team Heretics,Movistar KOI,0.5091049678476192,0.4908950321523808,0.3798080522948699,0.6010043418789845,BetaCalibratedWrapper,ok,Team Heretics,Movistar KOI,5.0,5.0,2026-02-02,LEC,,ok,Movistar KOI|Team Heretics,yes
1970-01-01 00:00:00+00:00,LEC|Team Vitality|G2 Esports|2026-02-02T19:00:00+00:00,2026-02-02T19:00:00+00:00,LEC,BO1,Team Vitality,G2 Esports,0.4778983579396161,0.5221016420603839,0.5552630230171944,0.4820970563901562,BetaCalibratedWrapper,ok,Team Vitality,G2 Esports,5.0,5.0,2026-02-02,LEC,,ok,G2 Esports|Team Vitality,yes
1970-01-01 00:00:00+00:00,LEC|Shifters|Karmine Corp|2026-02-02T19:30:00+00:00,2026-02-02T19:30:00+00:00,LEC,BO1,Shifters,Karmine Corp,0.5612297077596344,0.4387702922403655,0.5696321450685764,0.4148927773730785,BetaCalibratedWrapper,ok,Shifters,Karmine Corp,5.0,5.0,2026-02-02,LEC,,ok,Karmine Corp|Shifters,yes
1970-01-01 00:00:00+00:00,LEC|Shifters|Karmine Corp|2026-02-02T19:45:00+00:00,2026-02-02T19:45:00+00:00,LEC,BO1,Shifters,Karmine Corp,0.5,0.5,0.5,0.4134324720353837,BetaCalibratedWrapper,no_roster:Shifters,Shifters,Karmine Corp,0.0,5.0,2026-02-02,LEC,,skipped,,
1970-01-01 00:00:00+00:00,LEC|Team Heretics|Movistar KOI|2026-02-02T20:00:00+00:00,2026-02-02T20:00:00+00:00,LEC,BO1,Team Heretics,Movistar KOI,0.5091049678476193,0.4908950321523807,0.3798080522948699,0.6010043418789845,BetaCalibratedWrapper,ok,Team Heretics,Movistar KOI,5.0,5.0,2026-02-02,LEC,,ok,Movistar KOI|Team Heretics,yes
1970-01-01 00:00:00+00:00,CBLOL|TBD|TBD|2026-02-02T21:00:00+00:00,2026-02-02T21:00:00+00:00,CBLOL,BO3,TBD,TBD,0.5,0.5,0.5,0.5,BetaCalibratedWrapper,no_roster:TBD+TBD,TBD,TBD,0.0,0.0,2026-02-02,CBLOL,,skipped,,
1970-01-01 00:00:00+00:00,LEC|Shifters|Karmine Corp|2026-02-02T21:00:00+00:00,2026-02-02T21:00:00+00:00,LEC,BO1,Shifters,Karmine Corp,0.5,0.5,0.5,0.4134324720353837,BetaCalibratedWrapper,no_roster:Shifters,Shifters,Karmine Corp,0.0,5.0,2026-02-02,LEC,,skipped,,
1970-01-01 00:00:00+00:00,CBLOL|TBD|TBD|2026-02-03T00:00:00+00:00,2026-02-03T00:00:00+00:00,CBLOL,BO3,TBD,TBD,0.5,0.5,0.5,0.5,BetaCalibratedWrapper,no_roster:TBD+TBD,TBD,TBD,0.0,0.0,2026-02-03,CBLOL,,skipped,,
1970-01-01 00:00:00+00:00,LCK Challengers|TBD|T1 Esports Academy|2026-02-03T05:00:00+00:00,2026-02-03T05:00:00+00:00,LCK Challengers,BO3,TBD,T1 Esports Academy,0.5,0.5,0.5,0.5,BetaCalibratedWrapper,no_roster:TBD,TBD,T1,0.0,5.0,2026-02-03,LCKC,,skipped,,
1970-01-01 00:00:00+00:00,LCK Challengers|TBD|TBD|2026-02-03T05:00:00+00:00,2026-02-03T05:00:00+00:00,LCK Challengers,BO3,TBD,TBD,0.5,0.5,0.5,0.5,BetaCalibratedWrapper,no_roster:TBD+TBD,TBD,TBD,0.0,0.0,2026-02-03,LCK,,skipped,,
1970-01-01 00:00:00+00:00,LCK Challengers|TBD|BRO Challengers|2026-02-03T08:00:00+00:00,2026-02-03T08:00:00+00:00,LCK Challengers,BO3,TBD,BRO Challengers,0.5,0.5,0.5,0.5,BetaCalibratedWrapper,no_roster:TBD,TBD,HANJIN BRION Challengers,0.0,5.0,2026-02-03,LCKC,,skipped,,
1970-01-01 00:00:00+00:00,LCK Challengers|TBD|TBD|2026-02-03T08:00:00+00:00,2026-02-03T08:00:00+00:00,LCK Challengers,BO3,TBD,TBD,0.5,0.5,0.5,0.5,BetaCalibratedWrapper,no_roster:TBD+TBD,TBD,TBD,0.0,0.0,2026-02-03,LCK,,skipped,,
1970-01-01 00:00:00+00:00,LPL|Suzhou LNG Ninebot Esports|Ultra Prime|2026-02-03T09:00:00+00:00,2026-02-03T09:00:00+00:00,LPL,BO3,Suzhou LNG Ninebot Esports,Ultra Prime,0.5,0.5,0.5,0.3119412549869058,BetaCalibratedWrapper,no_roster:Suzhou LNG Ninebot Esports,Suzhou LNG Ninebot Esports,Ultra Prime,0.0,5.0,2026-02-03,LPL,,skipped,,
1970-01-01 00:00:00+00:00,LPL|Beijing JDG Intel Esports|Invictus Gaming|2026-02-03T11:00:00+00:00,2026-02-03T11:00:00+00:00,LPL,BO3,Beijing JDG Intel Esports,Invictus Gaming,0.5,0.5,0.5,0.1986347695948079,BetaCalibratedWrapper,no_roster:Beijing JDG Intel Esports,Beijing JDG Intel Esports,Invictus Gaming,0.0,5.0,2026-02-03,LPL,,skipped,,
1970-01-01 00:00:00+00:00,Hellenic Legends League|Team Paradox|Team Insidious|2026-02-03T16:00:00+00:00,2026-02-03T16:00:00+00:00,Hellenic Legends League,BO2,Team Paradox,Team Insidious,0.5,0.5,0.5,0.5,BetaCalibratedWrapper,no_roster:Team Paradox+Team Insidious,Team Paradox,Team Insidious,0.0,0.0,2026-02-03,HELLENIC LEGENDS LEAGUE,,skipped,,
1970-01-01 00:00:00+00:00,Hitpoint Masters|TBD|TBD|2026-02-03T16:00:00+00:00,2026-02-03T16:00:00+00:00,Hitpoint Masters,BO3,TBD,TBD,0.5,0.5,0.5,0.5,BetaCalibratedWrapper,no_roster:TBD+TBD,TBD,TBD,0.0,0.0,2026-02-03,HITPOINT MASTERS,,skipped,,
1970-01-01 00:00:00+00:00,Hellenic Legends League|GOAL esports|Team Phantasma|2026-02-03T18:00:00+00:00,2026-02-03T18:00:00+00:00,Hellenic Legends League,BO2,GOAL esports,Team Phantasma,0.5,0.5,0.5,0.5,BetaCalibratedWrapper,no_roster:Team Phantasma,GAM Esports,Team Phantasma,5.0,0.0,2026-02-03,HELLENIC LEGENDS LEAGUE,,skipped,,
1970-01-01 00:00:00+00:00,Hitpoint Masters|TBD|TBD|2026-02-03T18:00:00+00:00,2026-02-03T18:00:00+00:00,Hitpoint Masters,BO3,TBD,TBD,0.5,0.5,0.5,0.5,BetaCalibratedWrapper,no_roster:TBD+TBD,TBD,TBD,0.0,0.0,2026-02-03,HITPOINT MASTERS,,skipped,,
1970-01-01 00:00:00+00:00,Road of Legends|The Bandits|Frites Esports Club|2026-02-03T18:00:00+00:00,2026-02-03T18:00:00+00:00,Road of Legends,BO3,The Bandits,Frites Esports Club,0.5,0.5,0.5,0.5,BetaCalibratedWrapper,no_roster:The Bandits,The Bandits,Chiefs Esports Club,0.0,5.0,2026-02-03,ROAD OF LEGENDS,,skipped,,
1970-01-01 00:00:00+00:00,Road of Legends|ZennIT|Senshi eSports|2026-02-03T19:00:00+00:00,2026-02-03T19:00:00+00:00,Road of Legends,BO3,ZennIT,Senshi eSports,0.5,0.5,0.5,0.5,BetaCalibratedWrapper,no_roster:ZennIT+Senshi eSports,ZennIT,Senshi eSports,0.0,0.0,2026-02-03,ROAD OF LEGENDS,,skipped,,
1970-01-01 00:00:00+00:00,CBLOL|TBD|TBD|2026-02-03T21:00:00+00:00,2026-02-03T21:00:00+00:00,CBLOL,BO5,TBD,TBD,0.5,0.5,0.5,0.5,BetaCalibratedWrapper,no_roster:TBD+TBD,TBD,TBD,0.0,0.0,2026-02-03,CBLOL,,skipped,,
1970-01-01 00:00:00+00:00,LCK Challengers|TBD|TBD|2026-02-04T08:00:00+00:00,2026-02-04T08:00:00+00:00,LCK Challengers,BO5,TBD,TBD,0.5,0.5,0.5,0.5,BetaCalibratedWrapper,no_roster:TBD+TBD,TBD,TBD,0.0,0.0,2026-02-04,LCK,,skipped,,
1970-01-01 00:00:00+00:00,LPL|SHANGHAI EDWARD GAMING HYCAN|Xi'an Team WE|2026-02-04T09:00:00+00:00,2026-02-04T09:00:00+00:00,LPL,BO3,SHANGHAI EDWARD GAMING HYCAN,Xi'an Team WE,0.5,0.5,0.5,0.5,BetaCalibratedWrapper,no_roster:SHANGHAI EDWARD GAMING HYCAN+Xi'an Team WE,SHANGHAI EDWARD GAMING HYCAN,Xi'an Team WE,0.0,0.0,2026-02-04,LPL,,skipped,,
1970-01-01 00:00:00+00:00,LPL|WeiboGaming Faw Audi|Anyone's Legend|2026-02-04T11:00:00+00:00,2026-02-04T11:00:00+00:00,LPL,BO3,WeiboGaming Faw Audi,Anyone's Legend,0.5,0.5,0.5,0.6998644814120294,BetaCalibratedWrapper,no_roster:WeiboGaming Faw Audi,WeiboGaming Faw Audi,Anyone's Legend,0.0,5.0,2026-02-04,LPL,,skipped,,
1970-01-01 00:00:00+00:00,Hellenic Legends League|ALMO Players|WLGaming|2026-02-04T16:00:00+00:00,2026-02-04T16:00:00+00:00,Hellenic Legends League,BO2,ALMO Players,WLGaming,0.5,0.5,0.5,0.5,BetaCalibratedWrapper,no_roster:ALMO Players+WLGaming,ALMO Players,WLGaming,0.0,0.0,2026-02-04,HELLENIC LEGENDS LEAGUE,,skipped,,
1970-01-01 00:00:00+00:00,Hitpoint Masters|TBD|TBD|2026-02-04T16:00:00+00:00,2026-02-04T16:00:00+00:00,Hitpoint Masters,BO3,TBD,TBD,0.5,0.5,0.5,0.5,BetaCalibratedWrapper,no_roster:TBD+TBD,TBD,TBD,0.0,0.0,2026-02-04,HITPOINT MASTERS,,skipped,,
1970-01-01 00:00:00+00:00,LoL Italian Tournament|P11 Esports|GMBLERS Esports|2026-02-04T17:00:00+00:00,2026-02-04T17:00:00+00:00,LoL Italian Tournament,BO5,P11 Esports,GMBLERS Esports,0.5,0.5,0.5,0.5,BetaCalibratedWrapper,no_roster:GMBLERS Esports,ASP Esports,GMBLERS Esports,5.0,0.0,2026-02-04,LOL ITALIAN TOURNAMENT,,skipped,,
1970-01-01 00:00:00+00:00,LoL Italian Tournament|TBD|GMBLERS Esports|2026-02-04T17:00:00+00:00,2026-02-04T17:00:00+00:00,LoL Italian Tournament,BO5,TBD,GMBLERS Esports,0.5,0.5,0.5,0.5,BetaCalibratedWrapper,no_roster:TBD+GMBLERS Esports,TBD,GMBLERS Esports,0.0,0.0,2026-02-04,LOL ITALIAN TOURNAMENT,,skipped,,
1970-01-01 00:00:00+00:00,LoL Italian Tournament|TBD|TBD|2026-02-04T17:00:00+00:00,2026-02-04T17:00:00+00:00,LoL Italian Tournament,BO5,TBD,TBD,0.5,0.5,0.5,0.5,BetaCalibratedWrapper,no_roster:TBD+TBD,TBD,TBD,0.0,0.0,2026-02-04,LOL ITALIAN TOURNAMENT,,skipped,,
1970-01-01 00:00:00+00:00,Esports Balkan League|Lupus Esports|Crvena zvezda Esports|2026-02-04T18:00:00+00:00,2026-02-04T18:00:00+00:00,Esports Balkan League,BO3,Lupus Esports,Crvena zvezda Esports,0.5,0.5,0.5,0.5,BetaCalibratedWrapper,no_roster:Lupus Esports+Crvena zvezda Esports,Lupus Esports,Crvena zvezda Esports,0.0,0.0,2026-02-04,ESPORTS BALKAN LEAGUE,,skipped,,
1970-01-01 00:00:00+00:00,Hellenic Legends League|HowL Esports|Gamespace M.C.|2026-02-04T18:00:00+00:00,2026-02-04T18:00:00+00:00,Hellenic Legends League,BO2,HowL Esports,Gamespace M.C.,0.5,0.5,0.5,0.5,BetaCalibratedWrapper,no_roster:Gamespace M.C.,Top Esports,Gamespace M.C.,5.0,0.0,2026-02-04,HELLENIC LEGENDS LEAGUE,,skipped,,
1970-01-01 00:00:00+00:00,Hitpoint Masters|TBD|TBD|2026-02-04T18:00:00+00:00,2026-02-04T18:00:00+00:00,Hitpoint Masters,BO3,TBD,TBD,0.5,0.5,0.5,0.5,BetaCalibratedWrapper,no_roster:TBD+TBD,TBD,TBD,0.0,0.0,2026-02-04,HITPOINT MASTERS,,skipped,,
1970-01-01 00:00:00+00:00,Esports Balkan League|SPIKE Syndicate|BeFive|2026-02-04T20:00:00+00:00,2026-02-04T20:00:00+00:00,Esports Balkan League,BO3,SPIKE Syndicate,BeFive,0.5,0.5,0.5,0.5,BetaCalibratedWrapper,no_roster:SPIKE Syndicate+BeFive,SPIKE Syndicate,BeFive,0.0,0.0,2026-02-04,ESPORTS BALKAN LEAGUE,,skipped,,
1970-01-01 00:00:00+00:00,LCP|Fukuoka SoftBank HAWKS gaming|GAM Esports|2026-02-05T06:00:00+00:00,2026-02-05T06:00:00+00:00,LCP,BO3,Fukuoka SoftBank HAWKS gaming,GAM Esports,0.7008726153845711,0.2991273846154288,0.9594595098318588,0.8259046707560093,BetaCalibratedWrapper,ok,Fukuoka SoftBank HAWKS gaming,GAM Esports,5.0,5.0,2026-02-05,LCP,,ok,Fukuoka SoftBank HAWKS gaming|GAM Esports,no
1970-01-01 00:00:00+00:00,LCP|Deep Cross Gaming|DetonatioN FocusMe|2026-02-05T08:30:00+00:00,2026-02-05T08:30:00+00:00,LCP,BO3,Deep Cross Gaming,DetonatioN FocusMe,0.7498715834679917,0.2501284165320083,0.2977010967497547,0.5828470034384757,BetaCalibratedWrapper,ok,Deep Cross Gaming,DetonatioN FocusMe,5.0,5.0,2026-02-05,LCP,,ok,Deep Cross Gaming|DetonatioN FocusMe,no
1970-01-01 00:00:00+00:00,LCP|Relove Deep Cross Gaming|DetonatioN FocusMe|2026-02-05T08:30:00+00:00,2026-02-05T08:30:00+00:00,LCP,BO3,Relove Deep Cross Gaming,DetonatioN FocusMe,0.7595955354840903,0.2404044645159097,0.2933818940179004,0.5774690057536509,BetaCalibratedWrapper,ok,Deep Cross Gaming,DetonatioN FocusMe,5.0,5.0,2026-02-05,LCP,,ok,Deep Cross Gaming|DetonatioN FocusMe,no
1970-01-01 00:00:00+00:00,LPL|THUNDERTALKGAMING|SHENZHEN NINJAS IN PYJAMAS|2026-02-05T09:00:00+00:00,2026-02-05T09:00:00+00:00,LPL,BO3,THUNDERTALKGAMING,SHENZHEN NINJAS IN PYJAMAS,0.1019412668092509,0.898058733190749,0.1019412668092509,0.898058733190749,BetaCalibratedWrapper,ok,ThunderTalk Gaming,Ninjas in Pyjamas,5.0,5.0,2026-02-05,LPL,,ok,Ninjas in Pyjamas|ThunderTalk Gaming,yes
1970-01-01 00:00:00+00:00,LPL|Beijing JDG Intel Esports|TOPESPORTS|2026-02-05T11:00:00+00:00,2026-02-05T11:00:00+00:00,LPL,BO3,Beijing JDG Intel Esports,TOPESPORTS,0.5,0.5,0.5,0.3001355185879706,BetaCalibratedWrapper,no_roster:Beijing JDG Intel Esports,Beijing JDG Intel Esports,Top Esports,0.0,5.0,2026-02-05,LPL,,skipped,,
1970-01-01 00:00:00+00:00,TCL|SU Esports|S2G Esports|2026-02-05T14:30:00+00:00,2026-02-05T14:30:00+00:00,TCL,BO3,SU Esports,S2G Esports,0.0300269747196417,0.9699730252803582,0.5,0.6543167422634542,BetaCalibratedWrapper,ok,V3 Esports,G2 Esports,5.0,5.0,2026-02-05,TCL,ValueError: Roster vide : impossible d'agréger les features.,skipped,G2 Esports|V3 Esports,yes
1970-01-01 00:00:00+00:00,Arabian League|One More Esports|Anubis Gaming|2026-02-05T16:00:00+00:00,2026-02-05T16:00:00+00:00,Arabian League,BO3,One More Esports,Anubis Gaming,0.5,0.5,0.5,0.5,BetaCalibratedWrapper,no_roster:One More Esports+Anubis Gaming,One More Esports,Anubis Gaming,0.0,0.0,2026-02-05,ARABIAN LEAGUE,,skipped,,
1970-01-01 00:00:00+00:00,Hellenic Legends League|ALMO Players|Team Insidious|2026-02-05T16:00:00+00:00,2026-02-05T16:00:00+00:00,Hellenic Legends League,BO2,ALMO Players,Team Insidious,0.5,0.5,0.5,0.5,BetaCalibratedWrapper,no_roster:ALMO Players+Team Insidious,ALMO Players,Team Insidious,0.0,0.0,2026-02-05,HELLENIC LEGENDS LEAGUE,,skipped,,
1970-01-01 00:00:00+00:00,Hitpoint Masters|TBD|TBD|2026-02-05T16:00:00+00:00,2026-02-05T16:00:00+00:00,Hitpoint Masters,BO3,TBD,TBD,0.5,0.5,0.5,0.5,BetaCalibratedWrapper,no_roster:TBD+TBD,TBD,TBD,0.0,0.0,2026-02-05,HITPOINT MASTERS,,skipped,,
1970-01-01 00:00:00+00:00,LoL Italian Tournament|TBD|TBD|2026-02-05T17:00:00+00:00,2026-02-05T17:00:00+00:00,LoL Italian Tournament,BO5,TBD,TBD,0.5,0.5,0.5,0.5,BetaCalibratedWrapper,no_roster:TBD+TBD,TBD,TBD,0.0,0.0,2026-02-05,LOL ITALIAN TOURNAMENT,,skipped,,
1970-01-01 00:00:00+00:00,LoL Italian Tournament|TBD|Zena Esports|2026-02-05T17:00:00+00:00,2026-02-05T17:00:00+00:00,LoL Italian Tournament,BO5,TBD,Zena Esports,0.5,0.5,0.5,0.4392655140716649,BetaCalibratedWrapper,no_roster:TBD,TBD,Zenith Esports,0.0,4.0,2026-02-05,LOL ITALIAN TOURNAMENT,,skipped,,
1970-01-01 00:00:00+00:00,NLC|4 Swines & A Bum|Ruddy Corporation|2026-02-05T17:00:00+00:00,2026-02-05T17:00:00+00:00,NLC,BO1,4 Swines & A Bum,Ruddy Corporation,0.5,0.5,0.5,0.5,BetaCalibratedWrapper,no_roster:4 Swines & A Bum+Ruddy Corporation,4 Swines & A Bum,Ruddy Corporation,0.0,0.0,2026-02-05,NLC,,skipped,,
1970-01-01 00:00:00+00:00,TCL|PCIFIC Esports|Team Phoenix|2026-02-05T17:30:00+00:00,2026-02-05T17:30:00+00:00,TCL,BO3,PCIFIC Esports,Team Phoenix,0.5,0.5,0.5,0.5,BetaCalibratedWrapper,no_roster:PCIFIC Esports+Team Phoenix,PCIFIC Esports,Team Phoenix,0.0,0.0,2026-02-05,TCL,,skipped,,
1970-01-01 00:00:00+00:00,Esports Balkan League|The Secret Club|Partizan Sangal|2026-02-05T18:00:00+00:00,2026-02-05T18:00:00+00:00,Esports Balkan League,BO3,The Secret Club,Partizan Sangal,0.5,0.5,0.5,0.5,BetaCalibratedWrapper,no_roster:The Secret Club+Partizan Sangal,The Secret Club,Partizan Sangal,0.0,0.0,2026-02-05,ESPORTS BALKAN LEAGUE,,skipped,,
1970-01-01 00:00:00+00:00,Hellenic Legends League|WLGaming|Gamespace M.C.|2026-02-05T18:00:00+00:00,2026-02-05T18:00:00+00:00,Hellenic Legends League,BO2,WLGaming,Gamespace M.C.,0.5,0.5,0.5,0.5,BetaCalibratedWrapper,no_roster:WLGaming+Gamespace M.C.,WLGaming,Gamespace M.C.,0.0,0.0,2026-02-05,HELLENIC LEGENDS LEAGUE,,skipped,,
1970-01-01 00:00:00+00:00,Hitpoint Masters|TBD|TBD|2026-02-05T18:00:00+00:00,2026-02-05T18:00:00+00:00,Hitpoint Masters,BO3,TBD,TBD,0.5,0.5,0.5,0.5,BetaCalibratedWrapper,no_roster:TBD+TBD,TBD,TBD,0.0,0.0,2026-02-05,HITPOINT MASTERS,,skipped,,
1970-01-01 00:00:00+00:00,NLC|Arctic Pandas|Bulldog Esports|2026-02-05T18:00:00+00:00,2026-02-05T18:00:00+00:00,NLC,BO1,Arctic Pandas,Bulldog Esports,0.5,0.5,0.5,0.5,BetaCalibratedWrapper,no_roster:Arctic Pandas+Bulldog Esports,Arctic Pandas,Bulldog Esports,0.0,0.0,2026-02-05,NLC,,skipped,,
1970-01-01 00:00:00+00:00,NLC|Arctic Pandas Oy|Bulldog Esports|2026-02-05T18:00:00+00:00,2026-02-05T18:00:00+00:00,NLC,BO1,Arctic Pandas Oy,Bulldog Esports,0.5,0.5,0.5,0.5,BetaCalibratedWrapper,no_roster:Arctic Pandas Oy+Bulldog Esports,Arctic Pandas Oy,Bulldog Esports,0.0,0.0,2026-02-05,NLC,,skipped,,
1970-01-01 00:00:00+00:00,Road of Legends|Dynasty|Once Upon a Team|2026-02-05T18:00:00+00:00,2026-02-05T18:00:00+00:00,Road of Legends,BO3,Dynasty,Once Upon a Team,0.5,0.5,0.5,0.5,BetaCalibratedWrapper,no_roster:Dynasty+Once Upon a Team,Dynasty,Once Upon a Team,0.0,0.0,2026-02-05,ROAD OF LEGENDS,,skipped,,
1970-01-01 00:00:00+00:00,Arabian League|NextGeneration Esports|FN Esports|2026-02-05T18:30:00+00:00,2026-02-05T18:30:00+00:00,Arabian League,BO3,NextGeneration Esports,FN Esports,0.5,0.5,0.5,0.5,BetaCalibratedWrapper,no_roster:NextGeneration Esports,NextGeneration Esports,LNG Esports,0.0,5.0,2026-02-05,ARABIAN LEAGUE,,skipped,,
1970-01-01 00:00:00+00:00,NLC|La BOMBAS|Lundqvist Lightside|2026-02-05T19:00:00+00:00,2026-02-05T19:00:00+00:00,NLC,BO1,La BOMBAS,Lundqvist Lightside,0.5,0.5,0.5,0.5,BetaCalibratedWrapper,no_roster:La BOMBAS+Lundqvist Lightside,La BOMBAS,Lundqvist Lightside,0.0,0.0,2026-02-05,NLC,,skipped,,
1970-01-01 00:00:00+00:00,Road of Legends|Myth Esports|mCon Esports|2026-02-05T19:00:00+00:00,2026-02-05T19:00:00+00:00,Road of Legends,BO3,Myth Esports,mCon Esports,0.5518753495702808,0.4481246504297191,0.5,0.5,BetaCalibratedWrapper,ok,GAM Esports,Top Esports,5.0,5.0,2026-02-05,ROAD OF LEGENDS,ValueError: Roster vide : impossible d'agréger les features.,skipped,GAM Esports|Top Esports,no
1970-01-01 00:00:00+00:00,Esports Balkan League|SPIKE Syndicate|Lupus Esports|2026-02-05T20:00:00+00:00,2026-02-05T20:00:00+00:00,Esports Balkan League,BO3,SPIKE Syndicate,Lupus Esports,0.5,0.5,0.5,0.5,BetaCalibratedWrapper,no_roster:SPIKE Syndicate+Lupus Esports,SPIKE Syndicate,Lupus Esports,0.0,0.0,2026-02-05,ESPORTS BALKAN LEAGUE,,skipped,,
1970-01-01 00:00:00+00:00,NLC|Lund Esports Organization|DMG Esports|2026-02-05T20:00:00+00:00,2026-02-05T20:00:00+00:00,NLC,BO1,Lund Esports Organization,DMG Esports,0.5,0.5,0.5,0.5,BetaCalibratedWrapper,no_roster:Lund Esports Organization,Lund Esports Organization,G2 Esports,0.0,5.0,2026-02-05,NLC,,skipped,,
1970-01-01 00:00:00+00:00,NLC|Deer Gaming|Verdant|2026-02-05T21:00:00+00:00,2026-02-05T21:00:00+00:00,NLC,BO1,Deer Gaming,Verdant,0.5,0.5,0.5,0.5,BetaCalibratedWrapper,no_roster:Verdant,JD Gaming,Verdant,5.0,0.0,2026-02-05,NLC,,skipped,,
1970-01-01 00:00:00+00:00,LCP|Team Secret Whales|MVK Esports|2026-02-06T06:00:00+00:00,2026-02-06T06:00:00+00:00,LCP,BO3,Team Secret Whales,MVK Esports,0.9230445827422232,0.0769554172577767,0.1740953292439907,0.0405404901681411,BetaCalibratedWrapper,ok,Team Secret Whales,V3 Esports,5.0,5.0,2026-02-06,LCP,,ok,Team Secret Whales|V3 Esports,no
1970-01-01 00:00:00+00:00,LPL|WeiboGaming Faw Audi|Invictus Gaming|2026-02-06T07:00:00+00:00,2026-02-06T07:00:00+00:00,LPL,BO3,WeiboGaming Faw Audi,Invictus Gaming,0.5,0.5,0.5,0.5,BetaCalibratedWrapper,no_roster:WeiboGaming Faw Audi,WeiboGaming Faw Audi,Invictus Gaming,0.0,5.0,2026-02-06,LPL,,skipped,,
1970-01-01 00:00:00+00:00,LCK|TBD|TBD|2026-02-06T08:00:00+00:00,2026-02-06T08:00:00+00:00,LCK,BO3,TBD,TBD,0.5,0.5,0.5,0.5,BetaCalibratedWrapper,no_roster:TBD+TBD,TBD,TBD,0.0,0.0,2026-02-06,LCK,,skipped,,
1970-01-01 00:00:00+00:00,LCP|CTBC Flying Oyster|Ground Zero Gaming|2026-02-06T08:30:00+00:00,2026-02-06T08:30:00+00:00,LCP,BO3,CTBC Flying Oyster,Ground Zero Gaming,0.8841240292442382,0.1158759707557618,0.7022989032502452,0.4171529965615242,BetaCalibratedWrapper,ok,CTBC Flying Oyster,Ground Zero Gaming,5.0,5.0,2026-02-06,LCP,,ok,CTBC Flying Oyster|Ground Zero Gaming,no
1970-01-01 00:00:00+00:00,LPL|Anyone's Legend|BILIBILI GAMING DREAMSMART|2026-02-06T09:00:00+00:00,2026-02-06T09:00:00+00:00,LPL,BO3,Anyone's Legend,BILIBILI GAMING DREAMSMART,0.8188414724808568,0.1811585275191432,0.5,0.5,BetaCalibratedWrapper,ok,Anyone's Legend,Bilibili Gaming,5.0,5.0,2026-02-06,LPL,,ok,Anyone's Legend|Bilibili Gaming,no
1970-01-01 00:00:00+00:00,LCK|TBD|TBD|2026-02-06T10:00:00+00:00,2026-02-06T10:00:00+00:00,LCK,BO3,TBD,TBD,0.5,0.5,0.5,0.5,BetaCalibratedWrapper,no_roster:TBD+TBD,TBD,TBD,0.0,0.0,2026-02-06,LCK,,skipped,,
1970-01-01 00:00:00+00:00,TCL|BoostGate Esports|Misa Esports|2026-02-06T14:30:00+00:00,2026-02-06T14:30:00+00:00,TCL,BO3,BoostGate Esports,Misa Esports,0.5,0.5,0.5,0.3456832577365458,BetaCalibratedWrapper,no_roster:BoostGate Esports,BoostGate Esports,Sicar Esports,0.0,5.0,2026-02-06,TCL,,skipped,,
1970-01-01 00:00:00+00:00,Hitpoint Masters|Ethereal Enigmas|UP2U Meavedron|2026-02-06T15:00:00+00:00,2026-02-06T15:00:00+00:00,Hitpoint Masters,BO3,Ethereal Enigmas,UP2U Meavedron,0.5,0.5,0.5,0.5,BetaCalibratedWrapper,no_roster:Ethereal Enigmas+UP2U Meavedron,Ethereal Enigmas,UP2U Meavedron,0.0,0.0,2026-02-06,HITPOINT MASTERS,,skipped,,
1970-01-01 00:00:00+00:00,Hitpoint Masters|TBD|TBD|2026-02-06T15:00:00+00:00,2026-02-06T15:00:00+00:00,Hitpoint Masters,BO3,TBD,TBD,0.5,0.5,0.5,0.5,BetaCalibratedWrapper,no_roster:TBD+TBD,TBD,TBD,0.0,0.0,2026-02-06,HITPOINT MASTERS,,skipped,,
1970-01-01 00:00:00+00:00,Arabian League|Dragons Esports|BAAM Esports|2026-02-06T16:00:00+00:00,2026-02-06T16:00:00+00:00,Arabian League,BO3,Dragons Esports,BAAM Esports,0.93471929717614,0.0652807028238601,0.5,0.5,BetaCalibratedWrapper,ok,Frank Esports,GAM Esports,5.0,5.0,2026-02-06,ARABIAN LEAGUE,ValueError: Roster vide : impossible d'agréger les features.,skipped,Frank Esports|GAM Esports,no
1970-01-01 00:00:00+00:00,Hitpoint Masters|Divernex|SPAXFAMILY|2026-02-06T17:00:00+00:00,2026-02-06T17:00:00+00:00,Hitpoint Masters,BO3,Divernex,SPAXFAMILY,0.5,0.5,0.5,0.5,BetaCalibratedWrapper,no_roster:Divernex+SPAXFAMILY,Divernex,SPAXFAMILY,0.0,0.0,2026-02-06,HITPOINT MASTERS,,skipped,,
1970-01-01 00:00:00+00:00,Hitpoint Masters|TBD|TBD|2026-02-06T17:00:00+00:00,2026-02-06T17:00:00+00:00,Hitpoint Masters,BO3,TBD,TBD,0.5,0.5,0.5,0.5,BetaCalibratedWrapper,no_roster:TBD+TBD,TBD,TBD,0.0,0.0,2026-02-06,HITPOINT MASTERS,,skipped,,
1970-01-01 00:00:00+00:00,La Ligue Française|BK ROG Esports|Solary|2026-02-06T17:00:00+00:00,2026-02-06T17:00:00+00:00,La Ligue Française,BO1,BK ROG Esports,Solary,0.7054711260132333,0.2945288739867667,0.468442454788049,0.5018196041376708,BetaCalibratedWrapper,ok,BK ROG Esports,Solary,5.0,5.0,2026-02-06,LA LIGUE FRANÇAISE,ValueError: Roster vide : impossible d'agréger les features.,skipped,BK ROG Esports|Solary,no
1970-01-01 00:00:00+00:00,LoL Italian Tournament|HMBLE|Colossal Gaming|2026-02-06T17:00:00+00:00,2026-02-06T17:00:00+00:00,LoL Italian Tournament,BO5,HMBLE,Colossal Gaming,0.5,0.5,0.5,0.5,BetaCalibratedWrapper,no_roster:HMBLE+Colossal Gaming,HMBLE,Colossal Gaming,0.0,0.0,2026-02-06,LOL ITALIAN TOURNAMENT,,skipped,,
1970-01-01 00:00:00+00:00,LoL Italian Tournament|TBD|Colossal Gaming|2026-02-06T17:00:00+00:00,2026-02-06T17:00:00+00:00,LoL Italian Tournament,BO5,TBD,Colossal Gaming,0.5,0.5,0.5,0.5,BetaCalibratedWrapper,no_roster:TBD+Colossal Gaming,TBD,Colossal Gaming,0.0,0.0,2026-02-06,LOL ITALIAN TOURNAMENT,,skipped,,
1970-01-01 00:00:00+00:00,LoL Italian Tournament|TBD|TBD|2026-02-06T17:00:00+00:00,2026-02-06T17:00:00+00:00,LoL Italian Tournament,BO5,TBD,TBD,0.5,0.5,0.5,0.5,BetaCalibratedWrapper,no_roster:TBD+TBD,TBD,TBD,0.0,0.0,2026-02-06,LOL ITALIAN TOURNAMENT,,skipped,,
1970-01-01 00:00:00+00:00,TCL|Dark Passage|Bushido Wildcats|2026-02-06T17:30:00+00:00,2026-02-06T17:30:00+00:00,TCL,BO3,Dark Passage,Bushido Wildcats,0.5,0.5,0.5,0.5,BetaCalibratedWrapper,no_roster:Dark Passage+Bushido Wildcats,Dark Passage,Bushido Wildcats,0.0,0.0,2026-02-06,TCL,,skipped,,
1970-01-01 00:00:00+00:00,La Ligue Française|Lille Esport|Vitality.Bee|2026-02-06T18:00:00+00:00,2026-02-06T18:00:00+00:00,La Ligue Française,BO1,Lille Esport,Vitality.Bee,0.6443558630577318,0.3556441369422681,0.5,0.5,BetaCalibratedWrapper,ok,Lille Esport,Vitality.Bee,5.0,5.0,2026-02-06,LA LIGUE FRANÇAISE,ValueError: Roster vide : impossible d'agréger les features.,skipped,Lille Esport|Vitality.Bee,no
1970-01-01 00:00:00+00:00,Arabian League|GNG Amazigh|3BL GALAXY ESPORTS|2026-02-06T18:30:00+00:00,2026-02-06T18:30:00+00:00,Arabian League,BO3,GNG Amazigh,3BL GALAXY ESPORTS,0.5,0.5,0.5,0.5,BetaCalibratedWrapper,no_roster:GNG Amazigh+3BL GALAXY ESPORTS,GNG Amazigh,3BL GALAXY ESPORTS,0.0,0.0,2026-02-06,ARABIAN LEAGUE,,skipped,,
1970-01-01 00:00:00+00:00,Hitpoint Masters|Andromeda Gaming|Priority|2026-02-06T19:00:00+00:00,2026-02-06T19:00:00+00:00,Hitpoint Masters,BO3,Andromeda Gaming,Priority,0.5,0.5,0.5,0.5,BetaCalibratedWrapper,no_roster:Andromeda Gaming+Priority,Andromeda Gaming,Priority,0.0,0.0,2026-02-06,HITPOINT MASTERS,,skipped,,
1970-01-01 00:00:00+00:00,Hitpoint Masters|TBD|TBD|2026-02-06T19:00:00+00:00,2026-02-06T19:00:00+00:00,Hitpoint Masters,BO3,TBD,TBD,0.5,0.5,0.5,0.5,BetaCalibratedWrapper,no_roster:TBD+TBD,TBD,TBD,0.0,0.0,2026-02-06,HITPOINT MASTERS,,skipped,,
1970-01-01 00:00:00+00:00,La Ligue Française|Joblife|Galions|2026-02-06T19:00:00+00:00,2026-02-06T19:00:00+00:00,La Ligue Française,BO1,Joblife,Galions,0.3718523703007804,0.6281476296992196,0.5828554296336623,0.5714155662094655,BetaCalibratedWrapper,ok,Joblife,Galions,5.0,5.0,2026-02-06,LA LIGUE FRANÇAISE,ValueError: Roster vide : impossible d'agréger les features.,skipped,Galions|Joblife,yes
1970-01-01 00:00:00+00:00,La Ligue Française|French Flair|Skillcamp|2026-02-06T20:00:00+00:00,2026-02-06T20:00:00+00:00,La Ligue Française,BO1,French Flair,Skillcamp,0.5929545107694029,0.4070454892305971,0.5377353343563326,0.5,BetaCalibratedWrapper,ok,French Flair,Skillcamp,5.0,5.0,2026-02-06,LA LIGUE FRANÇAISE,ValueError: Roster vide : impossible d'agréger les features.,skipped,French Flair|Skillcamp,no
1970-01-01 00:00:00+00:00,La Ligue Française|ZYB|TLN Pirates|2026-02-06T21:00:00+00:00,2026-02-06T21:00:00+00:00,La Ligue Française,BO1,ZYB,TLN Pirates,0.4145839302200439,0.5854160697799561,0.5,0.5,BetaCalibratedWrapper,ok,ZYB Esport,TLN Pirates,5.0,5.0,2026-02-06,LA LIGUE FRANÇAISE,ValueError: Roster vide : impossible d'agréger les features.,skipped,TLN Pirates|ZYB Esport,yes
1970-01-01 00:00:00+00:00,LCP|GAM Esports|Deep Cross Gaming|2026-02-07T06:00:00+00:00,2026-02-07T06:00:00+00:00,LCP,BO3,GAM Esports,Deep Cross Gaming,0.1936646409526318,0.8063353590473682,0.2991273846154288,0.7498715834679917,BetaCalibratedWrapper,ok,GAM Esports,Deep Cross Gaming,5.0,5.0,2026-02-07,LCP,,ok,Deep Cross Gaming|GAM Esports,yes
1970-01-01 00:00:00+00:00,LCP|GAM Esports|Relove Deep Cross Gaming|2026-02-07T06:00:00+00:00,2026-02-07T06:00:00+00:00,LCP,BO3,GAM Esports,Relove Deep Cross Gaming,0.3487346870424086,0.6512653129575914,0.3174980530023227,0.7595955354840903,BetaCalibratedWrapper,ok,GAM Esports,Deep Cross Gaming,5.0,5.0,2026-02-07,LCP,,ok,Deep Cross Gaming|GAM Esports,yes
1970-01-01 00:00:00+00:00,LCK|DRX|Dplus KIA|2026-02-07T08:00:00+00:00,2026-02-07T08:00:00+00:00,LCK,BO3,DRX,Dplus KIA,0.2891581341068832,0.7108418658931168,0.7424158586164122,0.5,BetaCalibratedWrapper,ok,DRX Challengers,Dplus Kia,5.0,5.0,2026-02-07,LCK,ValueError: Roster vide : impossible d'agréger les features.,skipped,Dplus Kia|DRX Challengers,yes
1970-01-01 00:00:00+00:00,LCK|TBD|TBD|2026-02-07T08:00:00+00:00,2026-02-07T08:00:00+00:00,LCK,BO3,TBD,TBD,0.5,0.5,0.5,0.5,BetaCalibratedWrapper,no_roster:TBD+TBD,TBD,TBD,0.0,0.0,2026-02-07,LCK,,skipped,,
1970-01-01 00:00:00+00:00,LCP|Fukuoka SoftBank HAWKS gaming|DetonatioN FocusMe|2026-02-07T08:30:00+00:00,2026-02-07T08:30:00+00:00,LCP,BO3,Fukuoka SoftBank HAWKS gaming,DetonatioN FocusMe,0.1790737769051666,0.8209262230948333,0.7008726153845711,0.2501284165320083,BetaCalibratedWrapper,ok,Fukuoka SoftBank HAWKS gaming,DetonatioN FocusMe,5.0,5.0,2026-02-07,LCP,,ok,DetonatioN FocusMe|Fukuoka SoftBank HAWKS gaming,yes
1970-01-01 00:00:00+00:00,LCK|TBD|NONGSHIM RED FORCE|2026-02-07T10:00:00+00:00,2026-02-07T10:00:00+00:00,LCK,BO3,TBD,NONGSHIM RED FORCE,0.5,0.5,0.5,0.20384027204961,BetaCalibratedWrapper,no_roster:TBD,TBD,Nongshim RedForce,0.0,5.0,2026-02-07,LCK,,skipped,,
1970-01-01 00:00:00+00:00,LCK|TBD|TBD|2026-02-07T10:00:00+00:00,2026-02-07T10:00:00+00:00,LCK,BO3,TBD,TBD,0.5,0.5,0.5,0.5,BetaCalibratedWrapper,no_roster:TBD+TBD,TBD,TBD,0.0,0.0,2026-02-07,LCK,,skipped,,
1970-01-01 00:00:00+00:00,LEC|Team Heretics|Fnatic|2026-02-07T15:45:00+00:00,2026-02-07T15:45:00+00:00,LEC,BO1,Team Heretics,Fnatic,0.4689623192722181,0.5310376807277819,0.5095454193875677,0.5164170488787139,BetaCalibratedWrapper,ok,Team Heretics,Fnatic,5.0,5.0,2026-02-07,LEC,,ok,Fnatic|Team Heretics,yes
1970-01-01 00:00:00+00:00,CBLOL|FURIA|LEVIATÁN|2026-02-07T16:00:00+00:00,2026-02-07T16:00:00+00:00,CBLOL,BO3,FURIA,LEVIATÁN,0.6807446026877086,0.3192553973122913,0.5,0.5127733095082558,BetaCalibratedWrapper,ok,FURIA,Leviatan,5.0,5.0,2026-02-07,CBLOL,ValueError: Roster vide : impossible d'agréger les features.,skipped,FURIA|Leviatan,no
1970-01-01 00:00:00+00:00,CBLOL|TBD|TBD|2026-02-07T16:00:00+00:00,2026-02-07T16:00:00+00:00,CBLOL,BO3,TBD,TBD,0.5,0.5,0.5,0.5,BetaCalibratedWrapper,no_roster:TBD+TBD,TBD,TBD,0.0,0.0,2026-02-07,CBLOL,,skipped,,
1970-01-01 00:00:00+00:00,LEC|Team Heretics|Fnatic|2026-02-07T16:00:00+00:00,2026-02-07T16:00:00+00:00,LEC,BO1,Team Heretics,Fnatic,0.2255250808633648,0.7744749191366351,0.5091049678476192,0.5865675279646163,BetaCalibratedWrapper,ok,Team Heretics,Fnatic,5.0,5.0,2026-02-07,LEC,,ok,Fnatic|Team Heretics,yes
1970-01-01 00:00:00+00:00,LEC|Shifters|Karmine Corp Blue|2026-02-07T16:30:00+00:00,2026-02-07T16:30:00+00:00,LEC,BO1,Shifters,Karmine Corp Blue,0.5762871297619021,0.4237128702380979,0.5612297077596344,0.4835829511212861,BetaCalibratedWrapper,ok,Shifters,Karmine Corp Blue,5.0,5.0,2026-02-07,LEC,,ok,Karmine Corp Blue|Shifters,yes
1970-01-01 00:00:00+00:00,LEC|Shifters|Karmine Corp Blue|2026-02-07T16:45:00+00:00,2026-02-07T16:45:00+00:00,LEC,BO1,Shifters,Karmine Corp Blue,0.5,0.5,0.5,0.4134324720353837,BetaCalibratedWrapper,no_roster:Shifters,Shifters,Karmine Corp,0.0,5.0,2026-02-07,LEC,,skipped,,
1970-01-01 00:00:00+00:00,LEC|Shifters|Karmine Corp Blue|2026-02-07T17:00:00+00:00,2026-02-07T17:00:00+00:00,LEC,BO1,Shifters,Karmine Corp Blue,0.5,0.5,0.5,0.4134324720353837,BetaCalibratedWrapper,no_roster:Shifters,Shifters,Karmine Corp,0.0,5.0,2026-02-07,LEC,,skipped,,
1970-01-01 00:00:00+00:00,LEC|SK Gaming|Los Ratones|2026-02-07T17:15:00+00:00,2026-02-07T17:15:00+00:00,LEC,BO1,SK Gaming,Los Ratones,0.4351877655294064,0.5648122344705936,0.4577725966253816,0.4534808616760443,BetaCalibratedWrapper,ok,SK Gaming,Los Ratones,5.0,5.0,2026-02-07,LEC,,ok,Los Ratones|SK Gaming,yes
1970-01-01 00:00:00+00:00,LEC|SK Gaming|Los Ratones|2026-02-07T17:30:00+00:00,2026-02-07T17:30:00+00:00,LEC,BO1,SK Gaming,Los Ratones,0.4680350684838364,0.5319649315161635,0.2616337286627163,0.4698167550197631,BetaCalibratedWrapper,ok,SK Gaming,Los Grandes,5.0,5.0,2026-02-07,LEC,ValueError: Roster vide : impossible d'agréger les features.,skipped,Los Grandes|SK Gaming,yes
1970-01-01 00:00:00+00:00,LEC|Natus Vincere|G2 Esports|2026-02-07T18:00:00+00:00,2026-02-07T18:00:00+00:00,LEC,BO1,Natus Vincere,G2 Esports,0.484649616823132,0.515350383176868,0.5465191383239557,0.5441267981715232,BetaCalibratedWrapper,ok,Natus Vincere,G2 Esports,5.0,5.0,2026-02-07,LEC,,ok,G2 Esports|Natus Vincere,yes
1970-01-01 00:00:00+00:00,LEC|SK Gaming|Los Ratones|2026-02-07T18:00:00+00:00,2026-02-07T18:00:00+00:00,LEC,BO1,SK Gaming,Los Ratones,0.4680350684838366,0.5319649315161634,0.2616337286627164,0.4698167550197631,BetaCalibratedWrapper,ok,SK Gaming,Los Grandes,5.0,5.0,2026-02-07,LEC,ValueError: Roster vide : impossible d'agréger les features.,skipped,Los Grandes|SK Gaming,yes
1970-01-01 00:00:00+00:00,LEC|Natus Vincere|G2 Esports|2026-02-07T18:15:00+00:00,2026-02-07T18:15:00+00:00,LEC,BO1,Natus Vincere,G2 Esports,0.1129552241799483,0.8870447758200517,0.5301832449802368,0.5221016420603839,BetaCalibratedWrapper,ok,Natus Vincere,G2 Esports,5.0,5.0,2026-02-07,LEC,,ok,G2 Esports|Natus Vincere,yes
1970-01-01 00:00:00+00:00,LEC|Team Vitality|Movistar KOI|2026-02-07T18:45:00+00:00,2026-02-07T18:45:00+00:00,LEC,BO1,Team Vitality,Movistar KOI,0.5606450812387155,0.4393549187612845,0.4558732018284768,0.4904545806124323,BetaCalibratedWrapper,ok,Team Vitality,Movistar KOI,5.0,5.0,2026-02-07,LEC,,ok,Movistar KOI|Team Vitality,yes
1970-01-01 00:00:00+00:00,CBLOL|LOUD|Vivo Keyd Stars|2026-02-07T19:00:00+00:00,2026-02-07T19:00:00+00:00,CBLOL,BO3,LOUD,Vivo Keyd Stars,0.4199857659326363,0.5800142340673637,0.5,0.1069454831185395,BetaCalibratedWrapper,ok,LOUD,Vivo Keyd Stars,5.0,5.0,2026-02-07,CBLOL,ValueError: Roster vide : impossible d'agréger les features.,skipped,LOUD|Vivo Keyd Stars,no
1970-01-01 00:00:00+00:00,CBLOL|TBD|TBD|2026-02-07T19:00:00+00:00,2026-02-07T19:00:00+00:00,CBLOL,BO3,TBD,TBD,0.5,0.5,0.5,0.5,BetaCalibratedWrapper,no_roster:TBD+TBD,TBD,TBD,0.0,0.0,2026-02-07,CBLOL,,skipped,,
1970-01-01 00:00:00+00:00,LEC|Natus Vincere|G2 Esports|2026-02-07T19:00:00+00:00,2026-02-07T19:00:00+00:00,LEC,BO1,Natus Vincere,G2 Esports,0.1129552241799483,0.8870447758200517,0.5301832449802368,0.5221016420603839,BetaCalibratedWrapper,ok,Natus Vincere,G2 Esports,5.0,5.0,2026-02-07,LEC,,ok,G2 Esports|Natus Vincere,yes
1970-01-01 00:00:00+00:00,LEC|Team Vitality|Movistar KOI|2026-02-07T19:00:00+00:00,2026-02-07T19:00:00+00:00,LEC,BO1,Team Vitality,Movistar KOI,0.5444001458387724,0.4555998541612276,0.4778983579396161,0.4908950321523808,BetaCalibratedWrapper,ok,Team Vitality,Movistar KOI,5.0,5.0,2026-02-07,LEC,,ok,Movistar KOI|Team Vitality,yes
1970-01-01 00:00:00+00:00,LEC|Karmine Corp|GIANTX|2026-02-07T19:30:00+00:00,2026-02-07T19:30:00+00:00,LEC,BO1,Karmine Corp,GIANTX,0.5483354230598644,0.4516645769401356,0.4387702922403655,0.5422274033746184,BetaCalibratedWrapper,ok,Karmine Corp,GiantX,5.0,5.0,2026-02-07,LEC,,ok,GiantX|Karmine Corp,yes
1970-01-01 00:00:00+00:00,LEC|Karmine Corp|GIANTX|2026-02-07T19:45:00+00:00,2026-02-07T19:45:00+00:00,LEC,BO1,Karmine Corp,GIANTX,0.5612358043170238,0.4387641956829762,0.5,0.7383662713372837,BetaCalibratedWrapper,ok,Karmine Corp,GiantX,5.0,5.0,2026-02-07,LEC,,ok,GiantX|Karmine Corp,yes
1970-01-01 00:00:00+00:00,LEC|Team Vitality|Movistar KOI|2026-02-07T20:00:00+00:00,2026-02-07T20:00:00+00:00,LEC,BO1,Team Vitality,Movistar KOI,0.5444001458387724,0.4555998541612276,0.4778983579396161,0.4908950321523807,BetaCalibratedWrapper,ok,Team Vitality,Movistar KOI,5.0,5.0,2026-02-07,LEC,,ok,Movistar KOI|Team Vitality,yes
1970-01-01 00:00:00+00:00,LCS|TBD|TBD|2026-02-07T21:00:00+00:00,2026-02-07T21:00:00+00:00,LCS,BO3,TBD,TBD,0.5,0.5,0.5,0.5,BetaCalibratedWrapper,no_roster:TBD+TBD,TBD,TBD,0.0,0.0,2026-02-07,LCS,,skipped,,
1970-01-01 00:00:00+00:00,LCS|Team Liquid Alienware|Sentinels|2026-02-07T21:00:00+00:00,2026-02-07T21:00:00+00:00,LCS,BO3,Team Liquid Alienware,Sentinels,0.5,0.5,0.5,0.5,BetaCalibratedWrapper,no_roster:Team Liquid Alienware,Team Liquid Alienware,Sentinels,0.0,5.0,2026-02-07,LCS,,skipped,,
1970-01-01 00:00:00+00:00,LEC|Karmine Corp|GIANTX|2026-02-07T21:00:00+00:00,2026-02-07T21:00:00+00:00,LEC,BO1,Karmine Corp,GIANTX,0.5612358043170238,0.4387641956829762,0.5,0.7383662713372836,BetaCalibratedWrapper,ok,Karmine Corp,GiantX,5.0,5.0,2026-02-07,LEC,,ok,GiantX|Karmine Corp,yes
1970-01-01 00:00:00+00:00,LCS|Disguised|LYON|2026-02-08T00:00:00+00:00,2026-02-08T00:00:00+00:00,LCS,BO3,Disguised,LYON,0.4742722515850103,0.5257277484149897,0.5,0.2977789011363059,BetaCalibratedWrapper,ok,Disguised,LYON,5.0,5.0,2026-02-08,LCS,ValueError: Roster vide : impossible d'agréger les features.,skipped,Disguised|LYON,no
1970-01-01 00:00:00+00:00,LCS|TBD|TBD|2026-02-08T00:00:00+00:00,2026-02-08T00:00:00+00:00,LCS,BO3,TBD,TBD,0.5,0.5,0.5,0.5,BetaCalibratedWrapper,no_roster:TBD+TBD,TBD,TBD,0.0,0.0,2026-02-08,LCS,,skipped,,
1970-01-01 00:00:00+00:00,LCP|CTBC Flying Oyster|Team Secret Whales|2026-02-08T06:00:00+00:00,2026-02-08T06:00:00+00:00,LCP,BO3,CTBC Flying Oyster,Team Secret Whales,0.9018674216485189,0.0981325783514811,0.8841240292442382,0.9230445827422232,BetaCalibratedWrapper,ok,CTBC Flying Oyster,Team Secret Whales,5.0,5.0,2026-02-08,LCP,,ok,CTBC Flying Oyster|Team Secret Whales,no
1970-01-01 00:00:00+00:00,LCK|TBD|TBD|2026-02-08T08:00:00+00:00,2026-02-08T08:00:00+00:00,LCK,BO5,TBD,TBD,0.5,0.5,0.5,0.5,BetaCalibratedWrapper,no_roster:TBD+TBD,TBD,TBD,0.0,0.0,2026-02-08,LCK,,skipped,,
1970-01-01 00:00:00+00:00,LCP|Ground Zero Gaming|MVK Esports|2026-02-08T08:30:00+00:00,2026-02-08T08:30:00+00:00,LCP,BO3,Ground Zero Gaming,MVK Esports,0.8732617835421252,0.1267382164578747,0.1158759707557618,0.0769554172577767,BetaCalibratedWrapper,ok,Ground Zero Gaming,V3 Esports,5.0,5.0,2026-02-08,LCP,,ok,Ground Zero Gaming|V3 Esports,no
1970-01-01 00:00:00+00:00,LEC|Team Vitality|Los Ratones|2026-02-08T15:45:00+00:00,2026-02-08T15:45:00+00:00,LEC,BO1,Team Vitality,Los Ratones,0.5371869597864919,0.4628130402135081,0.5606450812387155,0.5648122344705936,BetaCalibratedWrapper,ok,Team Vitality,Los Ratones,5.0,5.0,2026-02-08,LEC,,ok,Los Ratones|Team Vitality,yes
1970-01-01 00:00:00+00:00,CBLOL|TBD|TBD|2026-02-08T16:00:00+00:00,2026-02-08T16:00:00+00:00,CBLOL,BO3,TBD,TBD,0.5,0.5,0.5,0.5,BetaCalibratedWrapper,no_roster:TBD+TBD,TBD,TBD,0.0,0.0,2026-02-08,CBLOL,,skipped,,
1970-01-01 00:00:00+00:00,LEC|Team Vitality|Los Ratones|2026-02-08T16:00:00+00:00,2026-02-08T16:00:00+00:00,LEC,BO1,Team Vitality,Los Ratones,0.5023021382384107,0.4976978617615892,0.5444001458387724,0.5319649315161635,BetaCalibratedWrapper,ok,Team Vitality,Los Grandes,5.0,5.0,2026-02-08,LEC,ValueError: Roster vide : impossible d'agréger les features.,skipped,Los Grandes|Team Vitality,yes
1970-01-01 00:00:00+00:00,LEC|Karmine Corp Blue|GIANTX|2026-02-08T16:30:00+00:00,2026-02-08T16:30:00+00:00,LEC,BO1,Karmine Corp Blue,GIANTX,0.4366301797684419,0.5633698202315581,0.4237128702380979,0.4516645769401356,BetaCalibratedWrapper,ok,Karmine Corp Blue,GiantX,5.0,5.0,2026-02-08,LEC,,ok,GiantX|Karmine Corp Blue,yes
1970-01-01 00:00:00+00:00,LEC|Karmine Corp Blue|GIANTX|2026-02-08T16:45:00+00:00,2026-02-08T16:45:00+00:00,LEC,BO1,Karmine Corp Blue,GIANTX,0.5612358043170238,0.4387641956829762,0.5,0.4387641956829762,BetaCalibratedWrapper,ok,Karmine Corp,GiantX,5.0,5.0,2026-02-08,LEC,,ok,GiantX|Karmine Corp,yes
1970-01-01 00:00:00+00:00,LEC|Karmine Corp Blue|GIANTX|2026-02-08T17:00:00+00:00,2026-02-08T17:00:00+00:00,LEC,BO1,Karmine Corp Blue,GIANTX,0.5612358043170238,0.4387641956829762,0.5,0.4387641956829762,BetaCalibratedWrapper,ok,Karmine Corp,GiantX,5.0,5.0,2026-02-08,LEC,,ok,GiantX|Karmine Corp,yes
1970-01-01 00:00:00+00:00,LEC|SK Gaming|Shifters|2026-02-08T17:15:00+00:00,2026-02-08T17:15:00+00:00,LEC,BO1,SK Gaming,Shifters,0.4094440858444691,0.5905559141555309,0.4351877655294064,0.5762871297619021,BetaCalibratedWrapper,ok,SK Gaming,Shifters,5.0,5.0,2026-02-08,LEC,,ok,Shifters|SK Gaming,yes
1970-01-01 00:00:00+00:00,LEC|SK Gaming|Shifters|2026-02-08T17:30:00+00:00,2026-02-08T17:30:00+00:00,LEC,BO1,SK Gaming,Shifters,0.5,0.5,0.4680350684838364,0.5,BetaCalibratedWrapper,no_roster:Shifters,SK Gaming,Shifters,5.0,0.0,2026-02-08,LEC,,skipped,,
1970-01-01 00:00:00+00:00,LEC|Natus Vincere|Movistar KOI|2026-02-08T18:00:00+00:00,2026-02-08T18:00:00+00:00,LEC,BO1,Natus Vincere,Movistar KOI,0.5769686333849717,0.4230313666150282,0.484649616823132,0.4393549187612845,BetaCalibratedWrapper,ok,Natus Vincere,Movistar KOI,5.0,5.0,2026-02-08,LEC,,ok,Movistar KOI|Natus Vincere,yes
1970-01-01 00:00:00+00:00,LEC|SK Gaming|Shifters|2026-02-08T18:00:00+00:00,2026-02-08T18:00:00+00:00,LEC,BO1,SK Gaming,Shifters,0.5,0.5,0.4680350684838366,0.5,BetaCalibratedWrapper,no_roster:Shifters,SK Gaming,Shifters,5.0,0.0,2026-02-08,LEC,,skipped,,
1970-01-01 00:00:00+00:00,LEC|Natus Vincere|Movistar KOI|2026-02-08T18:15:00+00:00,2026-02-08T18:15:00+00:00,LEC,BO1,Natus Vincere,Movistar KOI,0.2981079993656134,0.7018920006343866,0.1129552241799483,0.4555998541612276,BetaCalibratedWrapper,ok,Natus Vincere,Movistar KOI,5.0,5.0,2026-02-08,LEC,,ok,Movistar KOI|Natus Vincere,yes
1970-01-01 00:00:00+00:00,LEC|Team Heretics|Karmine Corp|2026-02-08T18:45:00+00:00,2026-02-08T18:45:00+00:00,LEC,BO1,Team Heretics,Karmine Corp,0.5218190505167564,0.4781809494832436,0.4689623192722181,0.5483354230598644,BetaCalibratedWrapper,ok,Team Heretics,Karmine Corp,5.0,5.0,2026-02-08,LEC,,ok,Karmine Corp|Team Heretics,yes
1970-01-01 00:00:00+00:00,CBLOL|TBD|TBD|2026-02-08T19:00:00+00:00,2026-02-08T19:00:00+00:00,CBLOL,BO3,TBD,TBD,0.5,0.5,0.5,0.5,BetaCalibratedWrapper,no_roster:TBD+TBD,TBD,TBD,0.0,0.0,2026-02-08,CBLOL,,skipped,,
1970-01-01 00:00:00+00:00,LEC|Natus Vincere|Movistar KOI|2026-02-08T19:00:00+00:00,2026-02-08T19:00:00+00:00,LEC,BO1,Natus Vincere,Movistar KOI,0.2981079993656134,0.7018920006343866,0.1129552241799483,0.4555998541612276,BetaCalibratedWrapper,ok,Natus Vincere,Movistar KOI,5.0,5.0,2026-02-08,LEC,,ok,Movistar KOI|Natus Vincere,yes
1970-01-01 00:00:00+00:00,LEC|Team Heretics|Karmine Corp|2026-02-08T19:00:00+00:00,2026-02-08T19:00:00+00:00,LEC,BO1,Team Heretics,Karmine Corp,0.3798080522948699,0.6201919477051301,0.2255250808633648,0.5612358043170238,BetaCalibratedWrapper,ok,Team Heretics,Karmine Corp,5.0,5.0,2026-02-08,LEC,,ok,Karmine Corp|Team Heretics,yes
1970-01-01 00:00:00+00:00,LEC|Fnatic|G2 Esports|2026-02-08T19:30:00+00:00,2026-02-08T19:30:00+00:00,LEC,BO1,Fnatic,G2 Esports,0.5502942962355815,0.4497057037644185,0.5310376807277819,0.515350383176868,BetaCalibratedWrapper,ok,Fnatic,G2 Esports,5.0,5.0,2026-02-08,LEC,,ok,Fnatic|G2 Esports,no
1970-01-01 00:00:00+00:00,LEC|Fnatic|G2 Esports|2026-02-08T19:45:00+00:00,2026-02-08T19:45:00+00:00,LEC,BO1,Fnatic,G2 Esports,0.4474383521678419,0.5525616478321581,0.7744749191366351,0.8870447758200517,BetaCalibratedWrapper,ok,Fnatic,G2 Esports,5.0,5.0,2026-02-08,LEC,,ok,Fnatic|G2 Esports,no
1970-01-01 00:00:00+00:00,LEC|Team Heretics|Karmine Corp|2026-02-08T20:00:00+00:00,2026-02-08T20:00:00+00:00,LEC,BO1,Team Heretics,Karmine Corp,0.3798080522948699,0.6201919477051301,0.2255250808633648,0.5612358043170238,BetaCalibratedWrapper,ok,Team Heretics,Karmine Corp,5.0,5.0,2026-02-08,LEC,,ok,Karmine Corp|Team Heretics,yes
1970-01-01 00:00:00+00:00,LCS|Dignitas|Shopify Rebellion|2026-02-08T21:00:00+00:00,2026-02-08T21:00:00+00:00,LCS,BO3,Dignitas,Shopify Rebellion,0.4698581448962252,0.5301418551037748,0.7097690509248706,0.3766487488286789,BetaCalibratedWrapper,ok,Dignitas,Shopify Rebellion,5.0,5.0,2026-02-08,LCS,ValueError: Roster vide : impossible d'agréger les features.,skipped,Dignitas|Shopify Rebellion,no
1970-01-01 00:00:00+00:00,LCS|TBD|TBD|2026-02-08T21:00:00+00:00,2026-02-08T21:00:00+00:00,LCS,BO3,TBD,TBD,0.5,0.5,0.5,0.5,BetaCalibratedWrapper,no_roster:TBD+TBD,TBD,TBD,0.0,0.0,2026-02-08,LCS,,skipped,,
1970-01-01 00:00:00+00:00,LEC|Fnatic|G2 Esports|2026-02-08T21:00:00+00:00,2026-02-08T21:00:00+00:00,LEC,BO1,Fnatic,G2 Esports,0.4474383521678419,0.5525616478321581,0.7744749191366351,0.8870447758200517,BetaCalibratedWrapper,ok,Fnatic,G2 Esports,5.0,5.0,2026-02-08,LEC,,ok,Fnatic|G2 Esports,no
1970-01-01 00:00:00+00:00,LCS|Cloud9 Kia|FlyQuest|2026-02-09T00:00:00+00:00,2026-02-09T00:00:00+00:00,LCS,BO3,Cloud9 Kia,FlyQuest,0.535096236622184,0.464903763377816,0.5,0.7264978689095901,BetaCalibratedWrapper,ok,Cloud9,FlyQuest,5.0,5.0,2026-02-09,LCS,ValueError: Roster vide : impossible d'agréger les features.,skipped,Cloud9|FlyQuest,no
1970-01-01 00:00:00+00:00,LCS|TBD|TBD|2026-02-09T00:00:00+00:00,2026-02-09T00:00:00+00:00,LCS,BO3,TBD,TBD,0.5,0.5,0.5,0.5,BetaCalibratedWrapper,no_roster:TBD+TBD,TBD,TBD,0.0,0.0,2026-02-09,LCS,,skipped,,
1970-01-01 00:00:00+00:00,LCS|TBD|TBD|2026-02-09T03:00:00+00:00,2026-02-09T03:00:00+00:00,LCS,BO3,TBD,TBD,0.5,0.5,0.5,0.5,BetaCalibratedWrapper,no_roster:TBD+TBD,TBD,TBD,0.0,0.0,2026-02-09,LCS,,skipped,,
1970-01-01 00:00:00+00:00,LCK Challengers|TBD|NS Challengers|2026-02-09T05:00:00+00:00,2026-02-09T05:00:00+00:00,LCK Challengers,BO5,TBD,NS Challengers,0.5,0.5,0.5,0.5,BetaCalibratedWrapper,no_roster:TBD,TBD,Nongshim Esports Academy,0.0,5.0,2026-02-09,LCKC,,skipped,,
1970-01-01 00:00:00+00:00,LCK Challengers|TBD|TBD|2026-02-09T05:00:00+00:00,2026-02-09T05:00:00+00:00,LCK Challengers,BO5,TBD,TBD,0.5,0.5,0.5,0.5,BetaCalibratedWrapper,no_roster:TBD+TBD,TBD,TBD,0.0,0.0,2026-02-09,LCK,,skipped,,
1970-01-01 00:00:00+00:00,LCK Challengers|TBD|TBD|2026-02-09T08:00:00+00:00,2026-02-09T08:00:00+00:00,LCK Challengers,BO5,TBD,TBD,0.5,0.5,0.5,0.5,BetaCalibratedWrapper,no_roster:TBD+TBD,TBD,TBD,0.0,0.0,2026-02-09,LCK,,skipped,,
1970-01-01 00:00:00+00:00,LPL|TBD|TBD|2026-02-10T06:00:00+00:00,2026-02-10T06:00:00+00:00,LPL,BO5,TBD,TBD,0.5,0.5,0.5,0.5,BetaCalibratedWrapper,no_roster:TBD+TBD,TBD,TBD,0.0,0.0,2026-02-10,LPL,,skipped,,
1970-01-01 00:00:00+00:00,LCK Challengers|TBD|TBD|2026-02-10T08:00:00+00:00,2026-02-10T08:00:00+00:00,LCK Challengers,BO5,TBD,TBD,0.5,0.5,0.5,0.5,BetaCalibratedWrapper,no_roster:TBD+TBD,TBD,TBD,0.0,0.0,2026-02-10,LCK,,skipped,,
1970-01-01 00:00:00+00:00,LPL|TBD|TBD|2026-02-10T09:00:00+00:00,2026-02-10T09:00:00+00:00,LPL,BO5,TBD,TBD,0.5,0.5,0.5,0.5,BetaCalibratedWrapper,no_roster:TBD+TBD,TBD,TBD,0.0,0.0,2026-02-10,LPL,,skipped,,
1970-01-01 00:00:00+00:00,Hellenic Legends League|Team Insidious|Gamespace M.C.|2026-02-10T16:00:00+00:00,2026-02-10T16:00:00+00:00,Hellenic Legends League,BO2,Team Insidious,Gamespace M.C.,0.5,0.5,0.5,0.5,BetaCalibratedWrapper,no_roster:Team Insidious+Gamespace M.C.,Team Insidious,Gamespace M.C.,0.0,0.0,2026-02-10,HELLENIC LEGENDS LEAGUE,,skipped,,
1970-01-01 00:00:00+00:00,Hitpoint Masters|TBD|TBD|2026-02-10T16:00:00+00:00,2026-02-10T16:00:00+00:00,Hitpoint Masters,BO5,TBD,TBD,0.5,0.5,0.5,0.5,BetaCalibratedWrapper,no_roster:TBD+TBD,TBD,TBD,0.0,0.0,2026-02-10,HITPOINT MASTERS,,skipped,,
1970-01-01 00:00:00+00:00,Road of Legends|TBD|TBD|2026-02-10T17:00:00+00:00,2026-02-10T17:00:00+00:00,Road of Legends,BO5,TBD,TBD,0.5,0.5,0.5,0.5,BetaCalibratedWrapper,no_roster:TBD+TBD,TBD,TBD,0.0,0.0,2026-02-10,ROAD OF LEGENDS,,skipped,,
1970-01-01 00:00:00+00:00,Hellenic Legends League|WLGaming|Team Phantasma|2026-02-10T18:00:00+00:00,2026-02-10T18:00:00+00:00,Hellenic Legends League,BO2,WLGaming,Team Phantasma,0.5,0.5,0.5,0.5,BetaCalibratedWrapper,no_roster:WLGaming+Team Phantasma,WLGaming,Team Phantasma,0.0,0.0,2026-02-10,HELLENIC LEGENDS LEAGUE,,skipped,,
1970-01-01 00:00:00+00:00,LPL|TBD|TBD|2026-02-11T06:00:00+00:00,2026-02-11T06:00:00+00:00,LPL,BO5,TBD,TBD,0.5,0.5,0.5,0.5,BetaCalibratedWrapper,no_roster:TBD+TBD,TBD,TBD,0.0,0.0,2026-02-11,LPL,,skipped,,
1970-01-01 00:00:00+00:00,LPL|TBD|TBD|2026-02-11T09:00:00+00:00,2026-02-11T09:00:00+00:00,LPL,BO5,TBD,TBD,0.5,0.5,0.5,0.5,BetaCalibratedWrapper,no_roster:TBD+TBD,TBD,TBD,0.0,0.0,2026-02-11,LPL,,skipped,,
1970-01-01 00:00:00+00:00,Arabian League|TBD|TBD|2026-02-11T16:00:00+00:00,2026-02-11T16:00:00+00:00,Arabian League,BO3,TBD,TBD,0.5,0.5,0.5,0.5,BetaCalibratedWrapper,no_roster:TBD+TBD,TBD,TBD,0.0,0.0,2026-02-11,ARABIAN LEAGUE,,skipped,,
1970-01-01 00:00:00+00:00,Hellenic Legends League|GOAL esports|Team Paradox|2026-02-11T16:00:00+00:00,2026-02-11T16:00:00+00:00,Hellenic Legends League,BO2,GOAL esports,Team Paradox,0.5,0.5,0.5,0.5,BetaCalibratedWrapper,no_roster:Team Paradox,GAM Esports,Team Paradox,5.0,0.0,2026-02-11,HELLENIC LEGENDS LEAGUE,,skipped,,
1970-01-01 00:00:00+00:00,Hitpoint Masters|TBD|TBD|2026-02-11T16:00:00+00:00,2026-02-11T16:00:00+00:00,Hitpoint Masters,BO5,TBD,TBD,0.5,0.5,0.5,0.5,BetaCalibratedWrapper,no_roster:TBD+TBD,TBD,TBD,0.0,0.0,2026-02-11,HITPOINT MASTERS,,skipped,,
1970-01-01 00:00:00+00:00,LoL Italian Tournament|GMBLERS Esports|Deacoy|2026-02-11T17:00:00+00:00,2026-02-11T17:00:00+00:00,LoL Italian Tournament,BO5,GMBLERS Esports,Deacoy,0.5,0.5,0.5,0.5,BetaCalibratedWrapper,no_roster:GMBLERS Esports+Deacoy,GMBLERS Esports,Deacoy,0.0,0.0,2026-02-11,LOL ITALIAN TOURNAMENT,,skipped,,
1970-01-01 00:00:00+00:00,LoL Italian Tournament|TBD|TBD|2026-02-11T17:00:00+00:00,2026-02-11T17:00:00+00:00,LoL Italian Tournament,BO5,TBD,TBD,0.5,0.5,0.5,0.5,BetaCalibratedWrapper,no_roster:TBD+TBD,TBD,TBD,0.0,0.0,2026-02-11,LOL ITALIAN TOURNAMENT,,skipped,,
1970-01-01 00:00:00+00:00,Esports Balkan League|SPIKE Syndicate|Crvena zvezda Esports|2026-02-11T18:00:00+00:00,2026-02-11T18:00:00+00:00,Esports Balkan League,BO3,SPIKE Syndicate,Crvena zvezda Esports,0.5,0.5,0.5,0.5,BetaCalibratedWrapper,no_roster:SPIKE Syndicate+Crvena zvezda Esports,SPIKE Syndicate,Crvena zvezda Esports,0.0,0.0,2026-02-11,ESPORTS BALKAN LEAGUE,,skipped,,
1970-01-01 00:00:00+00:00,Hellenic Legends League|ALMO Players|HowL Esports|2026-02-11T18:00:00+00:00,2026-02-11T18:00:00+00:00,Hellenic Legends League,BO2,ALMO Players,HowL Esports,0.5,0.5,0.5,0.5,BetaCalibratedWrapper,no_roster:ALMO Players,ALMO Players,Top Esports,0.0,5.0,2026-02-11,HELLENIC LEGENDS LEAGUE,,skipped,,
1970-01-01 00:00:00+00:00,Arabian League|TBD|TBD|2026-02-11T18:30:00+00:00,2026-02-11T18:30:00+00:00,Arabian League,BO3,TBD,TBD,0.5,0.5,0.5,0.5,BetaCalibratedWrapper,no_roster:TBD+TBD,TBD,TBD,0.0,0.0,2026-02-11,ARABIAN LEAGUE,,skipped,,
1970-01-01 00:00:00+00:00,LCP|TBD|TBD|2026-02-12T06:00:00+00:00,2026-02-12T06:00:00+00:00,LCP,BO5,TBD,TBD,0.5,0.5,0.5,0.5,BetaCalibratedWrapper,no_roster:TBD+TBD,TBD,TBD,0.0,0.0,2026-02-12,LCP,,skipped,,
1970-01-01 00:00:00+00:00,LPL|TBD|TBD|2026-02-12T06:00:00+00:00,2026-02-12T06:00:00+00:00,LPL,BO5,TBD,TBD,0.5,0.5,0.5,0.5,BetaCalibratedWrapper,no_roster:TBD+TBD,TBD,TBD,0.0,0.0,2026-02-12,LPL,,skipped,,
1970-01-01 00:00:00+00:00,LCK|TBD|BNK FEARX|2026-02-12T08:00:00+00:00,2026-02-12T08:00:00+00:00,LCK,BO5,TBD,BNK FEARX,0.5,0.5,0.5,0.8134522239112552,BetaCalibratedWrapper,no_roster:TBD,TBD,BNK FEARX,0.0,5.0,2026-02-12,LCK,,skipped,,
1970-01-01 00:00:00+00:00,LCK|TBD|TBD|2026-02-12T08:00:00+00:00,2026-02-12T08:00:00+00:00,LCK,BO5,TBD,TBD,0.5,0.5,0.5,0.5,BetaCalibratedWrapper,no_roster:TBD+TBD,TBD,TBD,0.0,0.0,2026-02-12,LCK,,skipped,,
1970-01-01 00:00:00+00:00,LPL|TBD|TBD|2026-02-12T09:00:00+00:00,2026-02-12T09:00:00+00:00,LPL,BO5,TBD,TBD,0.5,0.5,0.5,0.5,BetaCalibratedWrapper,no_roster:TBD+TBD,TBD,TBD,0.0,0.0,2026-02-12,LPL,,skipped,,
1970-01-01 00:00:00+00:00,Arabian League|TBD|TBD|2026-02-12T16:00:00+00:00,2026-02-12T16:00:00+00:00,Arabian League,BO3,TBD,TBD,0.5,0.5,0.5,0.5,BetaCalibratedWrapper,no_roster:TBD+TBD,TBD,TBD,0.0,0.0,2026-02-12,ARABIAN LEAGUE,,skipped,,
1970-01-01 00:00:00+00:00,Hellenic Legends League|Team Paradox|Team Phantasma|2026-02-12T16:00:00+00:00,2026-02-12T16:00:00+00:00,Hellenic Legends League,BO2,Team Paradox,Team Phantasma,0.5,0.5,0.5,0.5,BetaCalibratedWrapper,no_roster:Team Paradox+Team Phantasma,Team Paradox,Team Phantasma,0.0,0.0,2026-02-12,HELLENIC LEGENDS LEAGUE,,skipped,,
1970-01-01 00:00:00+00:00,Hitpoint Masters|TBD|TBD|2026-02-12T16:00:00+00:00,2026-02-12T16:00:00+00:00,Hitpoint Masters,BO5,TBD,TBD,0.5,0.5,0.5,0.5,BetaCalibratedWrapper,no_roster:TBD+TBD,TBD,TBD,0.0,0.0,2026-02-12,HITPOINT MASTERS,,skipped,,
1970-01-01 00:00:00+00:00,LoL Italian Tournament|TBD|EKO Esports|2026-02-12T17:00:00+00:00,2026-02-12T17:00:00+00:00,LoL Italian Tournament,BO5,TBD,EKO Esports,0.5,0.5,0.5,0.5,BetaCalibratedWrapper,no_roster:TBD,TBD,LEO Esports,0.0,5.0,2026-02-12,LOL ITALIAN TOURNAMENT,,skipped,,
1970-01-01 00:00:00+00:00,LoL Italian Tournament|TBD|TBD|2026-02-12T17:00:00+00:00,2026-02-12T17:00:00+00:00,LoL Italian Tournament,BO5,TBD,TBD,0.5,0.5,0.5,0.5,BetaCalibratedWrapper,no_roster:TBD+TBD,TBD,TBD,0.0,0.0,2026-02-12,LOL ITALIAN TOURNAMENT,,skipped,,
1970-01-01 00:00:00+00:00,NLC|Deer Gaming|4 Swines & A Bum|2026-02-12T17:00:00+00:00,2026-02-12T17:00:00+00:00,NLC,BO1,Deer Gaming,4 Swines & A Bum,0.5,0.5,0.5,0.5,BetaCalibratedWrapper,no_roster:4 Swines & A Bum,JD Gaming,4 Swines & A Bum,5.0,0.0,2026-02-12,NLC,,skipped,,
1970-01-01 00:00:00+00:00,Road of Legends|TBD|TBD|2026-02-12T17:00:00+00:00,2026-02-12T17:00:00+00:00,Road of Legends,BO5,TBD,TBD,0.5,0.5,0.5,0.5,BetaCalibratedWrapper,no_roster:TBD+TBD,TBD,TBD,0.0,0.0,2026-02-12,ROAD OF LEGENDS,,skipped,,
1970-01-01 00:00:00+00:00,Esports Balkan League|Lupus Esports|The Secret Club|2026-02-12T18:00:00+00:00,2026-02-12T18:00:00+00:00,Esports Balkan League,BO3,Lupus Esports,The Secret Club,0.5,0.5,0.5,0.5,BetaCalibratedWrapper,no_roster:Lupus Esports+The Secret Club,Lupus Esports,The Secret Club,0.0,0.0,2026-02-12,ESPORTS BALKAN LEAGUE,,skipped,,
1970-01-01 00:00:00+00:00,Hellenic Legends League|GOAL esports|HowL Esports|2026-02-12T18:00:00+00:00,2026-02-12T18:00:00+00:00,Hellenic Legends League,BO2,GOAL esports,HowL Esports,0.4439991785254804,0.5560008214745196,0.5,0.5,BetaCalibratedWrapper,ok,GAM Esports,Top Esports,5.0,5.0,2026-02-12,HELLENIC LEGENDS LEAGUE,ValueError: Roster vide : impossible d'agréger les features.,skipped,GAM Esports|Top Esports,no
1970-01-01 00:00:00+00:00,NLC|Lundqvist Lightside|Bulldog Esports|2026-02-12T18:00:00+00:00,2026-02-12T18:00:00+00:00,NLC,BO1,Lundqvist Lightside,Bulldog Esports,0.5,0.5,0.5,0.5,BetaCalibratedWrapper,no_roster:Lundqvist Lightside+Bulldog Esports,Lundqvist Lightside,Bulldog Esports,0.0,0.0,2026-02-12,NLC,,skipped,,
1970-01-01 00:00:00+00:00,Arabian League|TBD|TBD|2026-02-12T18:30:00+00:00,2026-02-12T18:30:00+00:00,Arabian League,BO3,TBD,TBD,0.5,0.5,0.5,0.5,BetaCalibratedWrapper,no_roster:TBD+TBD,TBD,TBD,0.0,0.0,2026-02-12,ARABIAN LEAGUE,,skipped,,
1970-01-01 00:00:00+00:00,NLC|Arctic Pandas|Lund Esports Organization|2026-02-12T19:00:00+00:00,2026-02-12T19:00:00+00:00,NLC,BO1,Arctic Pandas,Lund Esports Organization,0.5,0.5,0.5,0.5,BetaCalibratedWrapper,no_roster:Arctic Pandas+Lund Esports Organization,Arctic Pandas,Lund Esports Organization,0.0,0.0,2026-02-12,NLC,,skipped,,
1970-01-01 00:00:00+00:00,NLC|Arctic Pandas Oy|Lund Esports Organization|2026-02-12T19:00:00+00:00,2026-02-12T19:00:00+00:00,NLC,BO1,Arctic Pandas Oy,Lund Esports Organization,0.5,0.5,0.5,0.5,BetaCalibratedWrapper,no_roster:Arctic Pandas Oy+Lund Esports Organization,Arctic Pandas Oy,Lund Esports Organization,0.0,0.0,2026-02-12,NLC,,skipped,,
1970-01-01 00:00:00+00:00,Esports Balkan League|BeFive|Partizan Sangal|2026-02-12T20:00:00+00:00,2026-02-12T20:00:00+00:00,Esports Balkan League,BO3,BeFive,Partizan Sangal,0.5,0.5,0.5,0.5,BetaCalibratedWrapper,no_roster:BeFive+Partizan Sangal,BeFive,Partizan Sangal,0.0,0.0,2026-02-12,ESPORTS BALKAN LEAGUE,,skipped,,
1970-01-01 00:00:00+00:00,NLC|La BOMBAS|Verdant|2026-02-12T20:00:00+00:00,2026-02-12T20:00:00+00:00,NLC,BO1,La BOMBAS,Verdant,0.5,0.5,0.5,0.5,BetaCalibratedWrapper,no_roster:La BOMBAS+Verdant,La BOMBAS,Verdant,0.0,0.0,2026-02-12,NLC,,skipped,,
1970-01-01 00:00:00+00:00,NLC|DMG Esports|Ruddy Corporation|2026-02-12T21:00:00+00:00,2026-02-12T21:00:00+00:00,NLC,BO1,DMG Esports,Ruddy Corporation,0.5,0.5,0.5,0.5,BetaCalibratedWrapper,no_roster:Ruddy Corporation,G2 Esports,Ruddy Corporation,5.0,0.0,2026-02-12,NLC,,skipped,,
1970-01-01 00:00:00+00:00,LCP|TBD|TBD|2026-02-13T06:00:00+00:00,2026-02-13T06:00:00+00:00,LCP,BO5,TBD,TBD,0.5,0.5,0.5,0.5,BetaCalibratedWrapper,no_roster:TBD+TBD,TBD,TBD,0.0,0.0,2026-02-13,LCP,,skipped,,
1970-01-01 00:00:00+00:00,LCK|TBD|TBD|2026-02-13T08:00:00+00:00,2026-02-13T08:00:00+00:00,LCK,BO5,TBD,TBD,0.5,0.5,0.5,0.5,BetaCalibratedWrapper,no_roster:TBD+TBD,TBD,TBD,0.0,0.0,2026-02-13,LCK,,skipped,,
1970-01-01 00:00:00+00:00,LES|TBD|TBD|2026-02-13T11:00:00+00:00,2026-02-13T11:00:00+00:00,LES,BO1,TBD,TBD,0.5,0.5,0.5,0.5,BetaCalibratedWrapper,no_roster:TBD+TBD,TBD,TBD,0.0,0.0,2026-02-13,LES,,skipped,,
1970-01-01 00:00:00+00:00,LES|TBD|TBD|2026-02-13T12:00:00+00:00,2026-02-13T12:00:00+00:00,LES,BO1,TBD,TBD,0.5,0.5,0.5,0.5,BetaCalibratedWrapper,no_roster:TBD+TBD,TBD,TBD,0.0,0.0,2026-02-13,LES,,skipped,,
1970-01-01 00:00:00+00:00,LES|TBD|TBD|2026-02-13T13:00:00+00:00,2026-02-13T13:00:00+00:00,LES,BO1,TBD,TBD,0.5,0.5,0.5,0.5,BetaCalibratedWrapper,no_roster:TBD+TBD,TBD,TBD,0.0,0.0,2026-02-13,LES,,skipped,,
1970-01-01 00:00:00+00:00,LES|TBD|TBD|2026-02-13T14:00:00+00:00,2026-02-13T14:00:00+00:00,LES,BO1,TBD,TBD,0.5,0.5,0.5,0.5,BetaCalibratedWrapper,no_roster:TBD+TBD,TBD,TBD,0.0,0.0,2026-02-13,LES,,skipped,,
1970-01-01 00:00:00+00:00,LES|TBD|TBD|2026-02-13T15:00:00+00:00,2026-02-13T15:00:00+00:00,LES,BO3,TBD,TBD,0.5,0.5,0.5,0.5,BetaCalibratedWrapper,no_roster:TBD+TBD,TBD,TBD,0.0,0.0,2026-02-13,LES,,skipped,,
1970-01-01 00:00:00+00:00,Arabian League|TBD|TBD|2026-02-13T16:00:00+00:00,2026-02-13T16:00:00+00:00,Arabian League,BO3,TBD,TBD,0.5,0.5,0.5,0.5,BetaCalibratedWrapper,no_roster:TBD+TBD,TBD,TBD,0.0,0.0,2026-02-13,ARABIAN LEAGUE,,skipped,,
1970-01-01 00:00:00+00:00,Hitpoint Masters|TBD|TBD|2026-02-13T16:00:00+00:00,2026-02-13T16:00:00+00:00,Hitpoint Masters,BO5,TBD,TBD,0.5,0.5,0.5,0.5,BetaCalibratedWrapper,no_roster:TBD+TBD,TBD,TBD,0.0,0.0,2026-02-13,HITPOINT MASTERS,,skipped,,
1970-01-01 00:00:00+00:00,LoL Italian Tournament|TBD|TBD|2026-02-13T17:00:00+00:00,2026-02-13T17:00:00+00:00,LoL Italian Tournament,BO5,TBD,TBD,0.5,0.5,0.5,0.5,BetaCalibratedWrapper,no_roster:TBD+TBD,TBD,TBD,0.0,0.0,2026-02-13,LOL ITALIAN TOURNAMENT,,skipped,,
1970-01-01 00:00:00+00:00,Esports Balkan League|BeFive|The Secret Club|2026-02-13T18:00:00+00:00,2026-02-13T18:00:00+00:00,Esports Balkan League,BO3,BeFive,The Secret Club,0.5,0.5,0.5,0.5,BetaCalibratedWrapper,no_roster:BeFive+The Secret Club,BeFive,The Secret Club,0.0,0.0,2026-02-13,ESPORTS BALKAN LEAGUE,,skipped,,
1970-01-01 00:00:00+00:00,Esports Balkan League|SPIKE Syndicate|BeFive|2026-02-13T18:00:00+00:00,2026-02-13T18:00:00+00:00,Esports Balkan League,BO3,SPIKE Syndicate,BeFive,0.5,0.5,0.5,0.5,BetaCalibratedWrapper,no_roster:SPIKE Syndicate+BeFive,SPIKE Syndicate,BeFive,0.0,0.0,2026-02-13,ESPORTS BALKAN LEAGUE,,skipped,,
1970-01-01 00:00:00+00:00,LES|TBD|TBD|2026-02-13T18:00:00+00:00,2026-02-13T18:00:00+00:00,LES,BO3,TBD,TBD,0.5,0.5,0.5,0.5,BetaCalibratedWrapper,no_roster:TBD+TBD,TBD,TBD,0.0,0.0,2026-02-13,LES,,skipped,,
1970-01-01 00:00:00+00:00,Arabian League|TBD|TBD|2026-02-13T18:30:00+00:00,2026-02-13T18:30:00+00:00,Arabian League,BO3,TBD,TBD,0.5,0.5,0.5,0.5,BetaCalibratedWrapper,no_roster:TBD+TBD,TBD,TBD,0.0,0.0,2026-02-13,ARABIAN LEAGUE,,skipped,,
1970-01-01 00:00:00+00:00,Esports Balkan League|Partizan Sangal|Crvena zvezda Esports|2026-02-13T20:00:00+00:00,2026-02-13T20:00:00+00:00,Esports Balkan League,BO3,Partizan Sangal,Crvena zvezda Esports,0.5,0.5,0.5,0.5,BetaCalibratedWrapper,no_roster:Partizan Sangal+Crvena zvezda Esports,Partizan Sangal,Crvena zvezda Esports,0.0,0.0,2026-02-13,ESPORTS BALKAN LEAGUE,,skipped,,
1970-01-01 00:00:00+00:00,LCP|TBD|TBD|2026-02-14T06:00:00+00:00,2026-02-14T06:00:00+00:00,LCP,BO5,TBD,TBD,0.5,0.5,0.5,0.5,BetaCalibratedWrapper,no_roster:TBD+TBD,TBD,TBD,0.0,0.0,2026-02-14,LCP,,skipped,,
1970-01-01 00:00:00+00:00,LCK|TBD|Gen.G Esports|2026-02-14T08:00:00+00:00,2026-02-14T08:00:00+00:00,LCK,BO5,TBD,Gen.G Esports,0.5,0.5,0.5,0.318035711294672,BetaCalibratedWrapper,no_roster:TBD,TBD,Gen.G,0.0,5.0,2026-02-14,LCK,,skipped,,
1970-01-01 00:00:00+00:00,LCK|TBD|TBD|2026-02-14T08:00:00+00:00,2026-02-14T08:00:00+00:00,LCK,BO5,TBD,TBD,0.5,0.5,0.5,0.5,BetaCalibratedWrapper,no_roster:TBD+TBD,TBD,TBD,0.0,0.0,2026-02-14,LCK,,skipped,,
1970-01-01 00:00:00+00:00,LES|TBD|TBD|2026-02-14T09:00:00+00:00,2026-02-14T09:00:00+00:00,LES,BO3,TBD,TBD,0.5,0.5,0.5,0.5,BetaCalibratedWrapper,no_roster:TBD+TBD,TBD,TBD,0.0,0.0,2026-02-14,LES,,skipped,,
1970-01-01 00:00:00+00:00,LES|TBD|TBD|2026-02-14T12:00:00+00:00,2026-02-14T12:00:00+00:00,LES,BO3,TBD,TBD,0.5,0.5,0.5,0.5,BetaCalibratedWrapper,no_roster:TBD+TBD,TBD,TBD,0.0,0.0,2026-02-14,LES,,skipped,,
1970-01-01 00:00:00+00:00,LES|TBD|TBD|2026-02-14T15:00:00+00:00,2026-02-14T15:00:00+00:00,LES,BO3,TBD,TBD,0.5,0.5,0.5,0.5,BetaCalibratedWrapper,no_roster:TBD+TBD,TBD,TBD,0.0,0.0,2026-02-14,LES,,skipped,,
1970-01-01 00:00:00+00:00,CBLOL|TBD|TBD|2026-02-14T16:00:00+00:00,2026-02-14T16:00:00+00:00,CBLOL,BO5,TBD,TBD,0.5,0.5,0.5,0.5,BetaCalibratedWrapper,no_roster:TBD+TBD,TBD,TBD,0.0,0.0,2026-02-14,CBLOL,,skipped,,
1970-01-01 00:00:00+00:00,LES|TBD|TBD|2026-02-14T18:00:00+00:00,2026-02-14T18:00:00+00:00,LES,BO3,TBD,TBD,0.5,0.5,0.5,0.5,BetaCalibratedWrapper,no_roster:TBD+TBD,TBD,TBD,0.0,0.0,2026-02-14,LES,,skipped,,
1970-01-01 00:00:00+00:00,LCS|TBD|TBD|2026-02-14T21:00:00+00:00,2026-02-14T21:00:00+00:00,LCS,BO5,TBD,TBD,0.5,0.5,0.5,0.5,BetaCalibratedWrapper,no_roster:TBD+TBD,TBD,TBD,0.0,0.0,2026-02-14,LCS,,skipped,,
1970-01-01 00:00:00+00:00,LCP|TBD|TBD|2026-02-15T06:00:00+00:00,2026-02-15T06:00:00+00:00,LCP,BO5,TBD,TBD,0.5,0.5,0.5,0.5,BetaCalibratedWrapper,no_roster:TBD+TBD,TBD,TBD,0.0,0.0,2026-02-15,LCP,,skipped,,
1970-01-01 00:00:00+00:00,LCK|TBD|T1|2026-02-15T08:00:00+00:00,2026-02-15T08:00:00+00:00,LCK,BO5,TBD,T1,0.5,0.5,0.5,0.165150099798009,BetaCalibratedWrapper,no_roster:TBD,TBD,T1,0.0,5.0,2026-02-15,LCK,,skipped,,
1970-01-01 00:00:00+00:00,LCK|TBD|TBD|2026-02-15T08:00:00+00:00,2026-02-15T08:00:00+00:00,LCK,BO5,TBD,TBD,0.5,0.5,0.5,0.5,BetaCalibratedWrapper,no_roster:TBD+TBD,TBD,TBD,0.0,0.0,2026-02-15,LCK,,skipped,,
1970-01-01 00:00:00+00:00,LES|TBD|TBD|2026-02-15T11:00:00+00:00,2026-02-15T11:00:00+00:00,LES,BO3,TBD,TBD,0.5,0.5,0.5,0.5,BetaCalibratedWrapper,no_roster:TBD+TBD,TBD,TBD,0.0,0.0,2026-02-15,LES,,skipped,,
1970-01-01 00:00:00+00:00,Hitpoint Masters|TBD|TBD|2026-02-15T13:00:00+00:00,2026-02-15T13:00:00+00:00,Hitpoint Masters,BO5,TBD,TBD,0.5,0.5,0.5,0.5,BetaCalibratedWrapper,no_roster:TBD+TBD,TBD,TBD,0.0,0.0,2026-02-15,HITPOINT MASTERS,,skipped,,
1970-01-01 00:00:00+00:00,LES|TBD|TBD|2026-02-15T14:00:00+00:00,2026-02-15T14:00:00+00:00,LES,BO3,TBD,TBD,0.5,0.5,0.5,0.5,BetaCalibratedWrapper,no_roster:TBD+TBD,TBD,TBD,0.0,0.0,2026-02-15,LES,,skipped,,
1970-01-01 00:00:00+00:00,CBLOL|TBD|TBD|2026-02-15T16:00:00+00:00,2026-02-15T16:00:00+00:00,CBLOL,BO5,TBD,TBD,0.5,0.5,0.5,0.5,BetaCalibratedWrapper,no_roster:TBD+TBD,TBD,TBD,0.0,0.0,2026-02-15,CBLOL,,skipped,,
1970-01-01 00:00:00+00:00,Hitpoint Masters|TBD|TBD|2026-02-15T17:00:00+00:00,2026-02-15T17:00:00+00:00,Hitpoint Masters,BO5,TBD,TBD,0.5,0.5,0.5,0.5,BetaCalibratedWrapper,no_roster:TBD+TBD,TBD,TBD,0.0,0.0,2026-02-15,HITPOINT MASTERS,,skipped,,
1970-01-01 00:00:00+00:00,LES|TBD|TBD|2026-02-15T17:00:00+00:00,2026-02-15T17:00:00+00:00,LES,BO3,TBD,TBD,0.5,0.5,0.5,0.5,BetaCalibratedWrapper,no_roster:TBD+TBD,TBD,TBD,0.0,0.0,2026-02-15,LES,,skipped,,
1970-01-01 00:00:00+00:00,LCS|TBD|TBD|2026-02-15T21:00:00+00:00,2026-02-15T21:00:00+00:00,LCS,BO5,TBD,TBD,0.5,0.5,0.5,0.5,BetaCalibratedWrapper,no_roster:TBD+TBD,TBD,TBD,0.0,0.0,2026-02-15,LCS,,skipped,,
1970-01-01 00:00:00+00:00,LEC|Team Heretics|G2 Esports|2026-02-17T15:45:00+00:00,2026-02-17T15:45:00+00:00,LEC,BO3,Team Heretics,G2 Esports,0.395146799114858,0.6048532008851419,0.520961064672926,0.5,BetaCalibratedWrapper,ok,Team Heretics,G2 Esports,5.0,5.0,2026-02-17,LEC,,ok,G2 Esports|Team Heretics,yes
1970-01-01 00:00:00+00:00,Road of Legends|TBD|TBD|2026-02-17T17:00:00+00:00,2026-02-17T17:00:00+00:00,Road of Legends,BO5,TBD,TBD,0.5,0.5,0.5,0.5,BetaCalibratedWrapper,no_roster:TBD+TBD,TBD,TBD,0.0,0.0,2026-02-17,ROAD OF LEGENDS,,skipped,,
1970-01-01 00:00:00+00:00,Road of Legends|The Bandits|Senshi eSports|2026-02-17T17:00:00+00:00,2026-02-17T17:00:00+00:00,Road of Legends,BO5,The Bandits,Senshi eSports,0.5,0.5,0.5,0.5,BetaCalibratedWrapper,no_roster:The Bandits,The Bandits,Zenshi Gaming,0.0,5.0,2026-02-17,ROAD OF LEGENDS,,skipped,,
1970-01-01 00:00:00+00:00,LEC|Karmine Corp|GIANTX|2026-02-17T17:30:00+00:00,2026-02-17T17:30:00+00:00,LEC,BO3,Karmine Corp,GIANTX,0.717404083142152,0.282595916857848,0.5564018231984763,0.5299993571259984,BetaCalibratedWrapper,ok,Karmine Corp,GiantX,5.0,5.0,2026-02-17,LEC,,ok,GiantX|Karmine Corp,yes
1970-01-01 00:00:00+00:00,Rift Legends|DOCISK|LODIS|2026-02-18T15:00:00+00:00,2026-02-18T15:00:00+00:00,Rift Legends,BO2,DOCISK,LODIS,0.3736704822014091,0.6263295177985908,,,BetaCalibratedWrapper,ok,DOCISK,LODIS,5.0,5.0,2026-02-18,RIFT LEGENDS,ValueError: Roster vide : impossible d'agréger les features.,skipped,DOCISK|LODIS,no
1970-01-01 00:00:00+00:00,Arabian League|TBD|TBD|2026-02-18T16:00:00+00:00,2026-02-18T16:00:00+00:00,Arabian League,BO3,TBD,TBD,0.5,0.5,0.5,0.5,BetaCalibratedWrapper,no_roster:TBD+TBD,TBD,TBD,0.0,0.0,2026-02-18,ARABIAN LEAGUE,,skipped,,
1970-01-01 00:00:00+00:00,Hellenic Legends League|ALMO Players|WLGaming|2026-02-18T16:00:00+00:00,2026-02-18T16:00:00+00:00,Hellenic Legends League,BO2,ALMO Players,WLGaming,0.5,0.5,0.5,0.5,BetaCalibratedWrapper,no_roster:ALMO Players+WLGaming,ALMO Players,WLGaming,0.0,0.0,2026-02-18,HELLENIC LEGENDS LEAGUE,,skipped,,
1970-01-01 00:00:00+00:00,Hitpoint Masters|EXILE Esports|UP2U Meavedron|2026-02-18T16:00:00+00:00,2026-02-18T16:00:00+00:00,Hitpoint Masters,BO5,EXILE Esports,UP2U Meavedron,0.5,0.5,0.5,0.5,BetaCalibratedWrapper,no_roster:UP2U Meavedron,LEO Esports,UP2U Meavedron,5.0,0.0,2026-02-18,HITPOINT MASTERS,,skipped,,
1970-01-01 00:00:00+00:00,Hitpoint Masters|TBD|TBD|2026-02-18T16:00:00+00:00,2026-02-18T16:00:00+00:00,Hitpoint Masters,BO5,TBD,TBD,0.5,0.5,0.5,0.5,BetaCalibratedWrapper,no_roster:TBD+TBD,TBD,TBD,0.0,0.0,2026-02-18,HITPOINT MASTERS,,skipped,,
1970-01-01 00:00:00+00:00,Esports Balkan League|Partizan Sangal|TQ DURPA KASLQ|2026-02-18T17:00:00+00:00,2026-02-18T17:00:00+00:00,Esports Balkan League,BO3,Partizan Sangal,TQ DURPA KASLQ,0.5,0.5,0.5,,BetaCalibratedWrapper,no_roster:Partizan Sangal+TQ DURPA KASLQ,Partizan Sangal,TQ DURPA KASLQ,0.0,0.0,2026-02-18,ESPORTS BALKAN LEAGUE,,skipped,,
1970-01-01 00:00:00+00:00,Esports Balkan League|TBD|TBD|2026-02-18T17:00:00+00:00,2026-02-18T17:00:00+00:00,Esports Balkan League,BO3,TBD,TBD,0.5,0.5,0.5,0.5,BetaCalibratedWrapper,no_roster:TBD+TBD,TBD,TBD,0.0,0.0,2026-02-18,ESPORTS BALKAN LEAGUE,,skipped,,
1970-01-01 00:00:00+00:00,La Ligue Française|BK ROG Esports|Galions|2026-02-18T17:00:00+00:00,2026-02-18T17:00:00+00:00,La Ligue Française,BO1,BK ROG Esports,Galions,0.3972142399543095,0.6027857600456905,0.468442454788049,0.5714155662094655,BetaCalibratedWrapper,ok,BK ROG Esports,Galions,5.0,5.0,2026-02-18,LA LIGUE FRANÇAISE,ValueError: Roster vide : impossible d'agréger les features.,skipped,BK ROG Esports|Galions,no
1970-01-01 00:00:00+00:00,Prime League|TeamOrangeGaming|Eintracht Spandau|2026-02-18T17:00:00+00:00,2026-02-18T17:00:00+00:00,Prime League,BO1,TeamOrangeGaming,Eintracht Spandau,0.5888947032256013,0.4111052967743986,,,BetaCalibratedWrapper,ok,TeamOrangeGaming,Eintracht Spandau,5.0,5.0,2026-02-18,PRIME LEAGUE,ValueError: Roster vide : impossible d'agréger les features.,skipped,Eintracht Spandau|TeamOrangeGaming,yes
1970-01-01 00:00:00+00:00,Rift Legends|Orbit Anonymo|LODIS|2026-02-18T17:00:00+00:00,2026-02-18T17:00:00+00:00,Rift Legends,BO2,Orbit Anonymo,LODIS,0.4183002905133746,0.5816997094866254,,0.6263295177985908,BetaCalibratedWrapper,ok,Orbit Anonymo Esports,LODIS,5.0,5.0,2026-02-18,RIFT LEGENDS,ValueError: Roster vide : impossible d'agréger les features.,skipped,LODIS|Orbit Anonymo Esports,yes
1970-01-01 00:00:00+00:00,Esports Balkan League|TBD|TBD|2026-02-18T18:00:00+00:00,2026-02-18T18:00:00+00:00,Esports Balkan League,BO3,TBD,TBD,0.5,0.5,0.5,0.5,BetaCalibratedWrapper,no_roster:TBD+TBD,TBD,TBD,0.0,0.0,2026-02-18,ESPORTS BALKAN LEAGUE,,skipped,,
1970-01-01 00:00:00+00:00,Hellenic Legends League|HowL Esports|Gamespace M.C.|2026-02-18T18:00:00+00:00,2026-02-18T18:00:00+00:00,Hellenic Legends League,BO2,HowL Esports,Gamespace M.C.,0.5,0.5,0.5,0.5,BetaCalibratedWrapper,no_roster:Gamespace M.C.,ULF Esports,Gamespace M.C.,5.0,0.0,2026-02-18,HELLENIC LEGENDS LEAGUE,,skipped,,
1970-01-01 00:00:00+00:00,La Ligue Française|TLN Pirates|Vitality.Bee|2026-02-18T18:00:00+00:00,2026-02-18T18:00:00+00:00,La Ligue Française,BO1,TLN Pirates,Vitality.Bee,0.6535518745517044,0.3464481254482956,0.5854160697799561,0.5,BetaCalibratedWrapper,ok,TLN Pirates,Vitality.Bee,5.0,5.0,2026-02-18,LA LIGUE FRANÇAISE,ValueError: Roster vide : impossible d'agréger les features.,skipped,TLN Pirates|Vitality.Bee,no
1970-01-01 00:00:00+00:00,Prime League|Rossmann Centaurs|G2 NORD|2026-02-18T18:00:00+00:00,2026-02-18T18:00:00+00:00,Prime League,BO1,Rossmann Centaurs,G2 NORD,0.2211927359663251,0.7788072640336748,,,BetaCalibratedWrapper,ok,ROSSMANN Centaurs,G2 NORD,5.0,5.0,2026-02-18,PRIME LEAGUE,ValueError: Roster vide : impossible d'agréger les features.,skipped,G2 NORD|ROSSMANN Centaurs,yes
1970-01-01 00:00:00+00:00,Arabian League|TBD|TBD|2026-02-18T18:30:00+00:00,2026-02-18T18:30:00+00:00,Arabian League,BO3,TBD,TBD,0.5,0.5,0.5,0.5,BetaCalibratedWrapper,no_roster:TBD+TBD,TBD,TBD,0.0,0.0,2026-02-18,ARABIAN LEAGUE,,skipped,,
1970-01-01 00:00:00+00:00,Arabian League|3BL GALAXY ESPORTS|Anubis Gaming|2026-02-18T19:00:00+00:00,2026-02-18T19:00:00+00:00,Arabian League,BO3,3BL GALAXY ESPORTS,Anubis Gaming,0.5026787005754444,0.4973212994245556,0.5,0.5,BetaCalibratedWrapper,ok,3BL Esports,Anubis Gaming,5.0,5.0,2026-02-18,ARABIAN LEAGUE,ValueError: Roster vide : impossible d'agréger les features.,skipped,3BL Esports|Anubis Gaming,no
1970-01-01 00:00:00+00:00,Arabian League|GNG Amazigh|BAAM Esports|2026-02-18T19:00:00+00:00,2026-02-18T19:00:00+00:00,Arabian League,BO3,GNG Amazigh,BAAM Esports,0.5680521366557487,0.4319478633442513,0.5,0.6664959760889598,BetaCalibratedWrapper,ok,GnG Amazigh,BAAM Esports,5.0,5.0,2026-02-18,ARABIAN LEAGUE,ValueError: Roster vide : impossible d'agréger les features.,skipped,BAAM Esports|GnG Amazigh,yes
1970-01-01 00:00:00+00:00,Esports Balkan League|TBD|TBD|2026-02-18T19:00:00+00:00,2026-02-18T19:00:00+00:00,Esports Balkan League,BO3,TBD,TBD,0.5,0.5,0.5,0.5,BetaCalibratedWrapper,no_roster:TBD+TBD,TBD,TBD,0.0,0.0,2026-02-18,ESPORTS BALKAN LEAGUE,,skipped,,
1970-01-01 00:00:00+00:00,Esports Balkan League|The Secret Club|Lenovo Legion Honvéd|2026-02-18T19:00:00+00:00,2026-02-18T19:00:00+00:00,Esports Balkan League,BO3,The Secret Club,Lenovo Legion Honvéd,0.5,0.5,0.5,,BetaCalibratedWrapper,no_roster:The Secret Club+Lenovo Legion Honvéd,The Secret Club,Lenovo Legion Honvéd,0.0,0.0,2026-02-18,ESPORTS BALKAN LEAGUE,,skipped,,
1970-01-01 00:00:00+00:00,La Ligue Française|Joblife|Lille Esport|2026-02-18T19:00:00+00:00,2026-02-18T19:00:00+00:00,La Ligue Française,BO1,Joblife,Lille Esport,0.679932063091399,0.320067936908601,0.5828554296336623,0.4651032022031223,BetaCalibratedWrapper,ok,Joblife,Lille Esport,5.0,5.0,2026-02-18,LA LIGUE FRANÇAISE,ValueError: Roster vide : impossible d'agréger les features.,skipped,Joblife|Lille Esport,no
1970-01-01 00:00:00+00:00,Liga Portuguesa|Cuban Raft Raiders|GTZ Esports|2026-02-18T19:00:00+00:00,2026-02-18T19:00:00+00:00,Liga Portuguesa,BO1,Cuban Raft Raiders,GTZ Esports,0.5,0.5,,,BetaCalibratedWrapper,no_roster:Cuban Raft Raiders,Cuban Raft Raiders,GTZ Esports,0.0,5.0,2026-02-18,LIGA PORTUGUESA,,skipped,,
1970-01-01 00:00:00+00:00,Liga Portuguesa|TBD|TBD|2026-02-18T19:00:00+00:00,2026-02-18T19:00:00+00:00,Liga Portuguesa,BO3,TBD,TBD,0.5,0.5,0.5,0.5,BetaCalibratedWrapper,no_roster:TBD+TBD,TBD,TBD,0.0,0.0,2026-02-18,LIGA PORTUGUESA,,skipped,,
1970-01-01 00:00:00+00:00,Prime League|Kaufland Hangry Knights|Eintracht Spandau|2026-02-18T19:00:00+00:00,2026-02-18T19:00:00+00:00,Prime League,BO1,Kaufland Hangry Knights,Eintracht Spandau,0.5176356511675022,0.4823643488324978,,0.4111052967743986,BetaCalibratedWrapper,ok,Kaufland Hangry Knights,Eintracht Spandau,5.0,5.0,2026-02-18,PRIME LEAGUE,ValueError: Roster vide : impossible d'agréger les features.,skipped,Eintracht Spandau|Kaufland Hangry Knights,yes
1970-01-01 00:00:00+00:00,Rift Legends|DOCISK|Orbit Anonymo|2026-02-18T19:00:00+00:00,2026-02-18T19:00:00+00:00,Rift Legends,BO2,DOCISK,Orbit Anonymo,0.3998461885308212,0.6001538114691787,0.3736704822014091,0.4183002905133746,BetaCalibratedWrapper,ok,DOCISK,Orbit Anonymo Esports,5.0,5.0,2026-02-18,RIFT LEGENDS,ValueError: Roster vide : impossible d'agréger les features.,skipped,DOCISK|Orbit Anonymo Esports,no
1970-01-01 00:00:00+00:00,Esports Balkan League|TBD|TBD|2026-02-18T20:00:00+00:00,2026-02-18T20:00:00+00:00,Esports Balkan League,BO3,TBD,TBD,0.5,0.5,0.5,0.5,BetaCalibratedWrapper,no_roster:TBD+TBD,TBD,TBD,0.0,0.0,2026-02-18,ESPORTS BALKAN LEAGUE,,skipped,,
1970-01-01 00:00:00+00:00,La Ligue Française|Solary|French Flair|2026-02-18T20:00:00+00:00,2026-02-18T20:00:00+00:00,La Ligue Française,BO1,Solary,French Flair,0.5481790726337743,0.4518209273662257,0.5018196041376708,0.5377353343563326,BetaCalibratedWrapper,ok,Solary,French Flair,5.0,5.0,2026-02-18,LA LIGUE FRANÇAISE,ValueError: Roster vide : impossible d'agréger les features.,skipped,French Flair|Solary,yes
1970-01-01 00:00:00+00:00,Liga Portuguesa|Vantex|Cães de Agua|2026-02-18T20:00:00+00:00,2026-02-18T20:00:00+00:00,Liga Portuguesa,BO1,Vantex,Cães de Agua,0.5,0.5,,,BetaCalibratedWrapper,no_roster:Vantex+Cães de Agua,Vantex,Cães de Agua,0.0,0.0,2026-02-18,LIGA PORTUGUESA,,skipped,,
1970-01-01 00:00:00+00:00,Prime League|G2 NORD|TeamOrangeGaming|2026-02-18T20:00:00+00:00,2026-02-18T20:00:00+00:00,Prime League,BO1,G2 NORD,TeamOrangeGaming,0.4371167084079237,0.5628832915920763,0.7788072640336748,0.5888947032256013,BetaCalibratedWrapper,ok,G2 NORD,TeamOrangeGaming,5.0,5.0,2026-02-18,PRIME LEAGUE,ValueError: Roster vide : impossible d'agréger les features.,skipped,G2 NORD|TeamOrangeGaming,no
1970-01-01 00:00:00+00:00,La Ligue Française|Skillcamp|ZYB|2026-02-18T21:00:00+00:00,2026-02-18T21:00:00+00:00,La Ligue Française,BO1,Skillcamp,ZYB,0.7001027676511796,0.2998972323488204,0.5,0.5,BetaCalibratedWrapper,ok,Skillcamp,ZYB Esport,5.0,5.0,2026-02-18,LA LIGUE FRANÇAISE,ValueError: Roster vide : impossible d'agréger les features.,skipped,Skillcamp|ZYB Esport,no
1970-01-01 00:00:00+00:00,Liga Portuguesa|TBD|TBD|2026-02-18T21:00:00+00:00,2026-02-18T21:00:00+00:00,Liga Portuguesa,BO1,TBD,TBD,0.5,0.5,0.5,0.5,BetaCalibratedWrapper,no_roster:TBD+TBD,TBD,TBD,0.0,0.0,2026-02-18,LIGA PORTUGUESA,,skipped,,
1970-01-01 00:00:00+00:00,Prime League|Kaufland Hangry Knights|Rossmann Centaurs|2026-02-18T21:00:00+00:00,2026-02-18T21:00:00+00:00,Prime League,BO1,Kaufland Hangry Knights,Rossmann Centaurs,0.7225497446664229,0.2774502553335771,0.5176356511675022,0.2211927359663251,BetaCalibratedWrapper,ok,Kaufland Hangry Knights,ROSSMANN Centaurs,5.0,5.0,2026-02-18,PRIME LEAGUE,ValueError: Roster vide : impossible d'agréger les features.,skipped,Kaufland Hangry Knights|ROSSMANN Centaurs,no
1970-01-01 00:00:00+00:00,Liga Portuguesa|TBD|TBD|2026-02-18T22:00:00+00:00,2026-02-18T22:00:00+00:00,Liga Portuguesa,BO3,TBD,TBD,0.5,0.5,0.5,0.5,BetaCalibratedWrapper,no_roster:TBD+TBD,TBD,TBD,0.0,0.0,2026-02-18,LIGA PORTUGUESA,,skipped,,
1970-01-01 00:00:00+00:00,Liga Portuguesa|TBD|TBD|2026-02-18T23:00:00+00:00,2026-02-18T23:00:00+00:00,Liga Portuguesa,BO1,TBD,TBD,0.5,0.5,0.5,0.5,BetaCalibratedWrapper,no_roster:TBD+TBD,TBD,TBD,0.0,0.0,2026-02-18,LIGA PORTUGUESA,,skipped,,
1970-01-01 00:00:00+00:00,LCK|DN SOOPers|DRX|2026-02-19T08:00:00+00:00,2026-02-19T08:00:00+00:00,LCK,BO5,DN SOOPers,DRX,0.4607954778101035,0.5392045221898965,0.5,0.7424158586164122,BetaCalibratedWrapper,ok,DN SOOPers,DRX Challengers,5.0,5.0,2026-02-19,LCK,ValueError: Roster vide : impossible d'agréger les features.,skipped,DN SOOPers|DRX Challengers,no
1970-01-01 00:00:00+00:00,LCK|TBD|TBD|2026-02-19T08:00:00+00:00,2026-02-19T08:00:00+00:00,LCK,BO5,TBD,TBD,0.5,0.5,0.5,0.5,BetaCalibratedWrapper,no_roster:TBD+TBD,TBD,TBD,0.0,0.0,2026-02-19,LCK,,skipped,,
1970-01-01 00:00:00+00:00,Rift Legends|Onion Team|Barcząca Esports|2026-02-19T15:00:00+00:00,2026-02-19T15:00:00+00:00,Rift Legends,BO2,Onion Team,Barcząca Esports,0.5680408727761705,0.4319591272238294,,,BetaCalibratedWrapper,ok,Onion Team,Barcząca Esports,5.0,5.0,2026-02-19,RIFT LEGENDS,ValueError: Roster vide : impossible d'agréger les features.,skipped,Barcząca Esports|Onion Team,yes
1970-01-01 00:00:00+00:00,TCL|Misa Esports|S2G Esports|2026-02-19T15:00:00+00:00,2026-02-19T15:00:00+00:00,TCL,BO5,Misa Esports,S2G Esports,0.5874872783682339,0.4125127216317661,0.768384501811672,0.9699730252803582,BetaCalibratedWrapper,ok,Misa Esports,S2G Esports,5.0,5.0,2026-02-19,TCL,,ok,Misa Esports|S2G Esports,no
1970-01-01 00:00:00+00:00,Arabian League|TBD|TBD|2026-02-19T16:00:00+00:00,2026-02-19T16:00:00+00:00,Arabian League,BO3,TBD,TBD,0.5,0.5,0.5,0.5,BetaCalibratedWrapper,no_roster:TBD+TBD,TBD,TBD,0.0,0.0,2026-02-19,ARABIAN LEAGUE,,skipped,,
1970-01-01 00:00:00+00:00,Hellenic Legends League|ALMO Players|Team Insidious|2026-02-19T16:00:00+00:00,2026-02-19T16:00:00+00:00,Hellenic Legends League,BO2,ALMO Players,Team Insidious,0.5,0.5,0.5,0.5,BetaCalibratedWrapper,no_roster:ALMO Players+Team Insidious,ALMO Players,Team Insidious,0.0,0.0,2026-02-19,HELLENIC LEGENDS LEAGUE,,skipped,,
1970-01-01 00:00:00+00:00,Hitpoint Masters|Priority|SPAXFAMILY|2026-02-19T16:00:00+00:00,2026-02-19T16:00:00+00:00,Hitpoint Masters,BO5,Priority,SPAXFAMILY,0.5,0.5,0.5,0.5,BetaCalibratedWrapper,no_roster:Priority+SPAXFAMILY,Priority,SPAXFAMILY,0.0,0.0,2026-02-19,HITPOINT MASTERS,,skipped,,
1970-01-01 00:00:00+00:00,Hitpoint Masters|TBD|TBD|2026-02-19T16:00:00+00:00,2026-02-19T16:00:00+00:00,Hitpoint Masters,BO5,TBD,TBD,0.5,0.5,0.5,0.5,BetaCalibratedWrapper,no_roster:TBD+TBD,TBD,TBD,0.0,0.0,2026-02-19,HITPOINT MASTERS,,skipped,,
1970-01-01 00:00:00+00:00,Esports Balkan League|Lupus Esports|REDPack Esports|2026-02-19T17:00:00+00:00,2026-02-19T17:00:00+00:00,Esports Balkan League,BO3,Lupus Esports,REDPack Esports,0.5,0.5,0.5,,BetaCalibratedWrapper,no_roster:Lupus Esports+REDPack Esports,Lupus Esports,REDPack Esports,0.0,0.0,2026-02-19,ESPORTS BALKAN LEAGUE,,skipped,,
1970-01-01 00:00:00+00:00,Esports Balkan League|TBD|TBD|2026-02-19T17:00:00+00:00,2026-02-19T17:00:00+00:00,Esports Balkan League,BO3,TBD,TBD,0.5,0.5,0.5,0.5,BetaCalibratedWrapper,no_roster:TBD+TBD,TBD,TBD,0.0,0.0,2026-02-19,ESPORTS BALKAN LEAGUE,,skipped,,
1970-01-01 00:00:00+00:00,La Ligue Française|BK ROG Esports|TLN Pirates|2026-02-19T17:00:00+00:00,2026-02-19T17:00:00+00:00,La Ligue Française,BO1,BK ROG Esports,TLN Pirates,0.6349295978547417,0.3650704021452583,0.3972142399543095,0.6535518745517044,BetaCalibratedWrapper,ok,BK ROG Esports,TLN Pirates,5.0,5.0,2026-02-19,LA LIGUE FRANÇAISE,ValueError: Roster vide : impossible d'agréger les features.,skipped,BK ROG Esports|TLN Pirates,no
1970-01-01 00:00:00+00:00,NLC|4 Swines & A Bum|La BOMBAS|2026-02-19T17:00:00+00:00,2026-02-19T17:00:00+00:00,NLC,BO1,4 Swines & A Bum,La BOMBAS,0.5,0.5,0.5,0.5,BetaCalibratedWrapper,no_roster:4 Swines & A Bum+La BOMBAS,4 Swines & A Bum,La BOMBAS,0.0,0.0,2026-02-19,NLC,,skipped,,
1970-01-01 00:00:00+00:00,Prime League|Eintracht Frankfurt|Berlin International Gaming|2026-02-19T17:00:00+00:00,2026-02-19T17:00:00+00:00,Prime League,BO1,Eintracht Frankfurt,Berlin International Gaming,0.4413583511738325,0.5586416488261675,,,BetaCalibratedWrapper,ok,Eintracht Frankfurt,Berlin International Gaming,5.0,5.0,2026-02-19,PRIME LEAGUE,ValueError: Roster vide : impossible d'agréger les features.,skipped,Berlin International Gaming|Eintracht Frankfurt,yes
1970-01-01 00:00:00+00:00,Rift Legends|Barcząca Esports|Forsaken|2026-02-19T17:00:00+00:00,2026-02-19T17:00:00+00:00,Rift Legends,BO2,Barcząca Esports,Forsaken,0.3730652207967014,0.6269347792032987,0.4319591272238294,,BetaCalibratedWrapper,ok,Barcząca Esports,Forsaken,5.0,5.0,2026-02-19,RIFT LEGENDS,ValueError: Roster vide : impossible d'agréger les features.,skipped,Barcząca Esports|Forsaken,no
1970-01-01 00:00:00+00:00,Road of Legends|TBD|Frites Esports Club|2026-02-19T17:00:00+00:00,2026-02-19T17:00:00+00:00,Road of Legends,BO5,TBD,Frites Esports Club,0.5,0.5,0.5,0.5,BetaCalibratedWrapper,no_roster:TBD,TBD,Chiefs Esports Club,0.0,5.0,2026-02-19,ROAD OF LEGENDS,,skipped,,
1970-01-01 00:00:00+00:00,Road of Legends|TBD|TBD|2026-02-19T17:00:00+00:00,2026-02-19T17:00:00+00:00,Road of Legends,BO5,TBD,TBD,0.5,0.5,0.5,0.5,BetaCalibratedWrapper,no_roster:TBD+TBD,TBD,TBD,0.0,0.0,2026-02-19,ROAD OF LEGENDS,,skipped,,
1970-01-01 00:00:00+00:00,Road of Legends|The Bandits|Frites Esports Club|2026-02-19T17:00:00+00:00,2026-02-19T17:00:00+00:00,Road of Legends,BO5,The Bandits,Frites Esports Club,0.5,0.5,0.5,0.5,BetaCalibratedWrapper,no_roster:The Bandits,The Bandits,Chiefs Esports Club,0.0,5.0,2026-02-19,ROAD OF LEGENDS,,skipped,,
1970-01-01 00:00:00+00:00,Esports Balkan League|TBD|TBD|2026-02-19T18:00:00+00:00,2026-02-19T18:00:00+00:00,Esports Balkan League,BO3,TBD,TBD,0.5,0.5,0.5,0.5,BetaCalibratedWrapper,no_roster:TBD+TBD,TBD,TBD,0.0,0.0,2026-02-19,ESPORTS BALKAN LEAGUE,,skipped,,
1970-01-01 00:00:00+00:00,Hellenic Legends League|WLGaming|Gamespace M.C.|2026-02-19T18:00:00+00:00,2026-02-19T18:00:00+00:00,Hellenic Legends League,BO2,WLGaming,Gamespace M.C.,0.5,0.5,0.5,0.5,BetaCalibratedWrapper,no_roster:WLGaming+Gamespace M.C.,WLGaming,Gamespace M.C.,0.0,0.0,2026-02-19,HELLENIC LEGENDS LEAGUE,,skipped,,
1970-01-01 00:00:00+00:00,La Ligue Française|Vitality.Bee|ZYB|2026-02-19T18:00:00+00:00,2026-02-19T18:00:00+00:00,La Ligue Française,BO1,Vitality.Bee,ZYB,0.507696622429362,0.492303377570638,0.3464481254482956,0.2998972323488204,BetaCalibratedWrapper,ok,Vitality.Bee,ZYB Esport,5.0,5.0,2026-02-19,LA LIGUE FRANÇAISE,ValueError: Roster vide : impossible d'agréger les features.,skipped,Vitality.Bee|ZYB Esport,no
1970-01-01 00:00:00+00:00,NLC|Lund Esports Organization|Bulldog Esports|2026-02-19T18:00:00+00:00,2026-02-19T18:00:00+00:00,NLC,BO1,Lund Esports Organization,Bulldog Esports,0.5,0.5,0.5,0.5,BetaCalibratedWrapper,no_roster:Lund Esports Organization+Bulldog Esports,Lund Esports Organization,Bulldog Esports,0.0,0.0,2026-02-19,NLC,,skipped,,
1970-01-01 00:00:00+00:00,Prime League|A One Man Army|Unicorns of Love Sexy Edition|2026-02-19T18:00:00+00:00,2026-02-19T18:00:00+00:00,Prime League,BO1,A One Man Army,Unicorns of Love Sexy Edition,0.4679635802257541,0.5320364197742459,,0.5,BetaCalibratedWrapper,ok,A One Man Army Prime,Unicorns of Love Sexy Edition,5.0,5.0,2026-02-19,PRIME LEAGUE,ValueError: Roster vide : impossible d'agréger les features.,skipped,A One Man Army Prime|Unicorns of Love Sexy Edition,no
1970-01-01 00:00:00+00:00,Arabian League|TBD|TBD|2026-02-19T18:30:00+00:00,2026-02-19T18:30:00+00:00,Arabian League,BO3,TBD,TBD,0.5,0.5,0.5,0.5,BetaCalibratedWrapper,no_roster:TBD+TBD,TBD,TBD,0.0,0.0,2026-02-19,ARABIAN LEAGUE,,skipped,,
1970-01-01 00:00:00+00:00,Arabian League|Dragons Esports|BAAM Esports|2026-02-19T19:00:00+00:00,2026-02-19T19:00:00+00:00,Arabian League,BO3,Dragons Esports,BAAM Esports,0.721573383105291,0.27842661689470904,0.5,0.5,BetaCalibratedWrapper,ok,Dragons Esports,BAAM Esports,5.0,5.0,2026-02-19,ARABIAN LEAGUE,ValueError: Roster vide : impossible d'agréger les features.,skipped,BAAM Esports|Dragons Esports,yes
1970-01-01 00:00:00+00:00,Arabian League|FN Esports|Anubis Gaming|2026-02-19T19:00:00+00:00,2026-02-19T19:00:00+00:00,Arabian League,BO3,FN Esports,Anubis Gaming,0.7792230870078642,0.22077691299213575,0.5,0.5,BetaCalibratedWrapper,ok,FN Esports,Anubis Gaming,5.0,5.0,2026-02-19,ARABIAN LEAGUE,ValueError: Roster vide : impossible d'agréger les features.,skipped,Anubis Gaming|FN Esports,yes
1970-01-01 00:00:00+00:00,Arabian League|TBD|Dragons Esports|2026-02-19T19:00:00+00:00,2026-02-19T19:00:00+00:00,Arabian League,BO3,TBD,Dragons Esports,0.5,0.5,0.5,0.5,BetaCalibratedWrapper,no_roster:TBD,TBD,Dragons Esports,0.0,5.0,2026-02-19,ARABIAN LEAGUE,,skipped,,
1970-01-01 00:00:00+00:00,Arabian League|TBD|FN Esports|2026-02-19T19:00:00+00:00,2026-02-19T19:00:00+00:00,Arabian League,BO3,TBD,FN Esports,0.5,0.5,0.5,0.5,BetaCalibratedWrapper,no_roster:TBD,TBD,FN Esports,0.0,5.0,2026-02-19,ARABIAN LEAGUE,,skipped,,
1970-01-01 00:00:00+00:00,Esports Balkan League|BeFive|Croatian Flair|2026-02-19T19:00:00+00:00,2026-02-19T19:00:00+00:00,Esports Balkan League,BO3,BeFive,Croatian Flair,0.5,0.5,0.5,,BetaCalibratedWrapper,no_roster:BeFive+Croatian Flair,BeFive,Croatian Flair,0.0,0.0,2026-02-19,ESPORTS BALKAN LEAGUE,,skipped,,
1970-01-01 00:00:00+00:00,Esports Balkan League|TBD|TBD|2026-02-19T19:00:00+00:00,2026-02-19T19:00:00+00:00,Esports Balkan League,BO3,TBD,TBD,0.5,0.5,0.5,0.5,BetaCalibratedWrapper,no_roster:TBD+TBD,TBD,TBD,0.0,0.0,2026-02-19,ESPORTS BALKAN LEAGUE,,skipped,,
1970-01-01 00:00:00+00:00,La Ligue Française|Solary|Lille Esport|2026-02-19T19:00:00+00:00,2026-02-19T19:00:00+00:00,La Ligue Française,BO1,Solary,Lille Esport,0.7925774912409105,0.2074225087590895,0.5481790726337743,0.320067936908601,BetaCalibratedWrapper,ok,Solary,Lille Esport,5.0,5.0,2026-02-19,LA LIGUE FRANÇAISE,ValueError: Roster vide : impossible d'agréger les features.,skipped,Lille Esport|Solary,yes
1970-01-01 00:00:00+00:00,Liga Portuguesa|GD Esports|Keypulse Esports|2026-02-19T19:00:00+00:00,2026-02-19T19:00:00+00:00,Liga Portuguesa,BO1,GD Esports,Keypulse Esports,0.6753481576104886,0.3246518423895114,,,BetaCalibratedWrapper,ok,G2 Esports,Keypulse Esports,5.0,5.0,2026-02-19,LIGA PORTUGUESA,ValueError: Roster vide : impossible d'agréger les features.,skipped,G2 Esports|Keypulse Esports,no
1970-01-01 00:00:00+00:00,Liga Portuguesa|TBD|TBD|2026-02-19T19:00:00+00:00,2026-02-19T19:00:00+00:00,Liga Portuguesa,BO3,TBD,TBD,0.5,0.5,0.5,0.5,BetaCalibratedWrapper,no_roster:TBD+TBD,TBD,TBD,0.0,0.0,2026-02-19,LIGA PORTUGUESA,,skipped,,
1970-01-01 00:00:00+00:00,NLC|Deer Gaming|DMG Esports|2026-02-19T19:00:00+00:00,2026-02-19T19:00:00+00:00,NLC,BO1,Deer Gaming,DMG Esports,0.4168721676887529,0.5831278323112471,0.5,0.5,BetaCalibratedWrapper,ok,JD Gaming,G2 Esports,5.0,5.0,2026-02-19,NLC,ValueError: Roster vide : impossible d'agréger les features.,skipped,G2 Esports|JD Gaming,yes
1970-01-01 00:00:00+00:00,Prime League|Eintracht Frankfurt|E Wie Einfach E-Sports|2026-02-19T19:00:00+00:00,2026-02-19T19:00:00+00:00,Prime League,BO1,Eintracht Frankfurt,E Wie Einfach E-Sports,0.5180445235087028,0.4819554764912972,0.4413583511738325,,BetaCalibratedWrapper,ok,Eintracht Frankfurt,E WIE EINFACH E-SPORTS,5.0,5.0,2026-02-19,PRIME LEAGUE,ValueError: Roster vide : impossible d'agréger les features.,skipped,E WIE EINFACH E-SPORTS|Eintracht Frankfurt,yes
1970-01-01 00:00:00+00:00,Rift Legends|Onion Team|Forsaken|2026-02-19T19:00:00+00:00,2026-02-19T19:00:00+00:00,Rift Legends,BO2,Onion Team,Forsaken,0.4597328157728809,0.5402671842271191,0.5680408727761705,0.6269347792032987,BetaCalibratedWrapper,ok,Onion Team,Forsaken,5.0,5.0,2026-02-19,RIFT LEGENDS,ValueError: Roster vide : impossible d'agréger les features.,skipped,Forsaken|Onion Team,yes
1970-01-01 00:00:00+00:00,Esports Balkan League|TBD|TBD|2026-02-19T20:00:00+00:00,2026-02-19T20:00:00+00:00,Esports Balkan League,BO3,TBD,TBD,0.5,0.5,0.5,0.5,BetaCalibratedWrapper,no_roster:TBD+TBD,TBD,TBD,0.0,0.0,2026-02-19,ESPORTS BALKAN LEAGUE,,skipped,,
1970-01-01 00:00:00+00:00,La Ligue Française|Galions|French Flair|2026-02-19T20:00:00+00:00,2026-02-19T20:00:00+00:00,La Ligue Française,BO1,Galions,French Flair,0.5802400498734711,0.4197599501265289,0.6027857600456905,0.4518209273662257,BetaCalibratedWrapper,ok,Galions,French Flair,5.0,5.0,2026-02-19,LA LIGUE FRANÇAISE,ValueError: Roster vide : impossible d'agréger les features.,skipped,French Flair|Galions,yes
1970-01-01 00:00:00+00:00,Liga Portuguesa|ZeroZone Gaming|Francesinhas|2026-02-19T20:00:00+00:00,2026-02-19T20:00:00+00:00,Liga Portuguesa,BO1,ZeroZone Gaming,Francesinhas,0.5,0.5,,,BetaCalibratedWrapper,no_roster:Francesinhas,ZeroZone Gaming,Francesinhas,5.0,0.0,2026-02-19,LIGA PORTUGUESA,,skipped,,
1970-01-01 00:00:00+00:00,NLC|Arctic Pandas|Ruddy Corporation|2026-02-19T20:00:00+00:00,2026-02-19T20:00:00+00:00,NLC,BO1,Arctic Pandas,Ruddy Corporation,0.5,0.5,0.5,0.5,BetaCalibratedWrapper,no_roster:Arctic Pandas+Ruddy Corporation,Arctic Pandas,Ruddy Corporation,0.0,0.0,2026-02-19,NLC,,skipped,,
1970-01-01 00:00:00+00:00,NLC|Arctic Pandas Oy|Ruddy Corporation|2026-02-19T20:00:00+00:00,2026-02-19T20:00:00+00:00,NLC,BO1,Arctic Pandas Oy,Ruddy Corporation,0.5,0.5,0.5,0.5,BetaCalibratedWrapper,no_roster:Arctic Pandas Oy+Ruddy Corporation,Arctic Pandas Oy,Ruddy Corporation,0.0,0.0,2026-02-19,NLC,,skipped,,
1970-01-01 00:00:00+00:00,Prime League|A One Man Army|Berlin International Gaming|2026-02-19T20:00:00+00:00,2026-02-19T20:00:00+00:00,Prime League,BO1,A One Man Army,Berlin International Gaming,0.4122158072956867,0.5877841927043133,0.4679635802257541,0.5586416488261675,BetaCalibratedWrapper,ok,A One Man Army Prime,Berlin International Gaming,5.0,5.0,2026-02-19,PRIME LEAGUE,ValueError: Roster vide : impossible d'agréger les features.,skipped,A One Man Army Prime|Berlin International Gaming,no
1970-01-01 00:00:00+00:00,La Ligue Française|Joblife|Skillcamp|2026-02-19T21:00:00+00:00,2026-02-19T21:00:00+00:00,La Ligue Française,BO1,Joblife,Skillcamp,0.583347874935386,0.416652125064614,0.679932063091399,0.7001027676511796,BetaCalibratedWrapper,ok,Joblife,Skillcamp,5.0,5.0,2026-02-19,LA LIGUE FRANÇAISE,ValueError: Roster vide : impossible d'agréger les features.,skipped,Joblife|Skillcamp,no
1970-01-01 00:00:00+00:00,Liga Portuguesa|TBD|TBD|2026-02-19T21:00:00+00:00,2026-02-19T21:00:00+00:00,Liga Portuguesa,BO1,TBD,TBD,0.5,0.5,0.5,0.5,BetaCalibratedWrapper,no_roster:TBD+TBD,TBD,TBD,0.0,0.0,2026-02-19,LIGA PORTUGUESA,,skipped,,
1970-01-01 00:00:00+00:00,NLC|Lundqvist Lightside|Verdant|2026-02-19T21:00:00+00:00,2026-02-19T21:00:00+00:00,NLC,BO1,Lundqvist Lightside,Verdant,0.5,0.5,0.5,0.5,BetaCalibratedWrapper,no_roster:Lundqvist Lightside+Verdant,Lundqvist Lightside,Verdant,0.0,0.0,2026-02-19,NLC,,skipped,,
1970-01-01 00:00:00+00:00,Prime League|Unicorns of Love Sexy Edition|E Wie Einfach E-Sports|2026-02-19T21:00:00+00:00,2026-02-19T21:00:00+00:00,Prime League,BO1,Unicorns of Love Sexy Edition,E Wie Einfach E-Sports,0.5641012992084107,0.4358987007915893,0.5320364197742459,0.4819554764912972,BetaCalibratedWrapper,ok,Unicorns of Love Sexy Edition,E WIE EINFACH E-SPORTS,5.0,5.0,2026-02-19,PRIME LEAGUE,ValueError: Roster vide : impossible d'agréger les features.,skipped,E WIE EINFACH E-SPORTS|Unicorns of Love Sexy Edition,yes
1970-01-01 00:00:00+00:00,Liga Portuguesa|TBD|TBD|2026-02-19T22:00:00+00:00,2026-02-19T22:00:00+00:00,Liga Portuguesa,BO3,TBD,TBD,0.5,0.5,0.5,0.5,BetaCalibratedWrapper,no_roster:TBD+TBD,TBD,TBD,0.0,0.0,2026-02-19,LIGA PORTUGUESA,,skipped,,
1970-01-01 00:00:00+00:00,Liga Portuguesa|TBD|TBD|2026-02-19T23:00:00+00:00,2026-02-19T23:00:00+00:00,Liga Portuguesa,BO1,TBD,TBD,0.5,0.5,0.5,0.5,BetaCalibratedWrapper,no_roster:TBD+TBD,TBD,TBD,0.0,0.0,2026-02-19,LIGA PORTUGUESA,,skipped,,
1970-01-01 00:00:00+00:00,LCK|TBD|TBD|2026-02-20T08:00:00+00:00,2026-02-20T08:00:00+00:00,LCK,BO5,TBD,TBD,0.5,0.5,0.5,0.5,BetaCalibratedWrapper,no_roster:TBD+TBD,TBD,TBD,0.0,0.0,2026-02-20,LCK,,skipped,,
1970-01-01 00:00:00+00:00,TCL|Bushido Wildcats|SU Esports|2026-02-20T15:00:00+00:00,2026-02-20T15:00:00+00:00,TCL,BO5,Bushido Wildcats,SU Esports,0.5943858717370881,0.4056141282629119,0.5,0.5,BetaCalibratedWrapper,ok,Bushido Wildcats,SU Esports,5.0,5.0,2026-02-20,TCL,,ok,Bushido Wildcats|SU Esports,no
1970-01-01 00:00:00+00:00,LEC|Movistar KOI|Natus Vincere|2026-02-20T15:45:00+00:00,2026-02-20T15:45:00+00:00,LEC,BO3,Movistar KOI,Natus Vincere,0.5867177591243663,0.4132822408756337,0.5680800187736652,0.5570439064315338,BetaCalibratedWrapper,ok,Movistar KOI,Natus Vincere,5.0,5.0,2026-02-20,LEC,,ok,Movistar KOI|Natus Vincere,no
1970-01-01 00:00:00+00:00,LEC|Natus Vincere|Movistar KOI|2026-02-20T15:45:00+00:00,2026-02-20T15:45:00+00:00,LEC,BO3,Natus Vincere,Movistar KOI,0.43437464646893864,0.5656253535310614,0.5570439064315338,0.5680800187736652,BetaCalibratedWrapper,ok,Natus Vincere,Movistar KOI,5.0,5.0,2026-02-20,LEC,,ok,Movistar KOI|Natus Vincere,yes
1970-01-01 00:00:00+00:00,LEC|TBD|TBD|2026-02-20T15:45:00+00:00,2026-02-20T15:45:00+00:00,LEC,BO3,TBD,TBD,0.5,0.5,0.5,0.5,BetaCalibratedWrapper,no_roster:TBD+TBD,TBD,TBD,0.0,0.0,2026-02-20,LEC,,skipped,,
1970-01-01 00:00:00+00:00,Arabian League|TBD|TBD|2026-02-20T16:00:00+00:00,2026-02-20T16:00:00+00:00,Arabian League,BO3,TBD,TBD,0.5,0.5,0.5,0.5,BetaCalibratedWrapper,no_roster:TBD+TBD,TBD,TBD,0.0,0.0,2026-02-20,ARABIAN LEAGUE,,skipped,,
1970-01-01 00:00:00+00:00,LEC|G2 Esports|Karmine Corp|2026-02-20T17:30:00+00:00,2026-02-20T17:30:00+00:00,LEC,BO3,G2 Esports,Karmine Corp,0.5733896841471664,0.4266103158528336,0.6069090319456814,0.544483438074884,BetaCalibratedWrapper,ok,G2 Esports,Karmine Corp,5.0,5.0,2026-02-20,LEC,,ok,G2 Esports|Karmine Corp,no
1970-01-01 00:00:00+00:00,LEC|Karmine Corp|G2 Esports|2026-02-20T17:30:00+00:00,2026-02-20T17:30:00+00:00,LEC,BO3,Karmine Corp,G2 Esports,0.4759940117623469,0.5240059882376531,0.5130778738071188,0.6396183455424648,BetaCalibratedWrapper,ok,Karmine Corp,G2 Esports,5.0,5.0,2026-02-20,LEC,,ok,G2 Esports|Karmine Corp,yes
1970-01-01 00:00:00+00:00,LEC|Movistar KOI|Natus Vincere|2026-02-20T17:30:00+00:00,2026-02-20T17:30:00+00:00,LEC,BO3,Movistar KOI,Natus Vincere,0.4469579844612865,0.5530420155387135,0.5680800187736652,0.5570439064315338,BetaCalibratedWrapper,ok,Movistar KOI,Natus Vincere,5.0,5.0,2026-02-20,LEC,,ok,Movistar KOI|Natus Vincere,no
1970-01-01 00:00:00+00:00,Arabian League|TBD|3BL GALAXY ESPORTS|2026-02-20T19:00:00+00:00,2026-02-20T19:00:00+00:00,Arabian League,BO3,TBD,3BL GALAXY ESPORTS,0.5,0.5,0.5,0.5,BetaCalibratedWrapper,no_roster:TBD,TBD,3BL Esports,0.0,5.0,2026-02-20,ARABIAN LEAGUE,,skipped,,
1970-01-01 00:00:00+00:00,Arabian League|TBD|GNG Amazigh|2026-02-20T19:00:00+00:00,2026-02-20T19:00:00+00:00,Arabian League,BO3,TBD,GNG Amazigh,0.5,0.5,0.5,0.5,BetaCalibratedWrapper,no_roster:TBD,TBD,GnG Amazigh,0.0,5.0,2026-02-20,ARABIAN LEAGUE,,skipped,,
1970-01-01 00:00:00+00:00,Arabian League|TBD|TBD|2026-02-20T19:00:00+00:00,2026-02-20T19:00:00+00:00,Arabian League,BO3,TBD,TBD,0.5,0.5,0.5,0.5,BetaCalibratedWrapper,no_roster:TBD+TBD,TBD,TBD,0.0,0.0,2026-02-20,ARABIAN LEAGUE,,skipped,,
1970-01-01 00:00:00+00:00,LCS|TBD|TBD|2026-02-20T21:00:00+00:00,2026-02-20T21:00:00+00:00,LCS,BO5,TBD,TBD,0.5,0.5,0.5,0.5,BetaCalibratedWrapper,no_roster:TBD+TBD,TBD,TBD,0.0,0.0,2026-02-20,LCS,,skipped,,
1970-01-01 00:00:00+00:00,LCS|Team Liquid Alienware|Disguised|2026-02-20T21:00:00+00:00,2026-02-20T21:00:00+00:00,LCS,BO5,Team Liquid Alienware,Disguised,0.5,0.5,0.5,0.5,BetaCalibratedWrapper,no_roster:Team Liquid Alienware,Team Liquid Alienware,Disguised,0.0,5.0,2026-02-20,LCS,,skipped,,
1970-01-01 00:00:00+00:00,LCK|Gen.G Esports|BNK FEARX|2026-02-21T08:00:00+00:00,2026-02-21T08:00:00+00:00,LCK,BO5,Gen.G Esports,BNK FEARX,0.8106861037167608,0.1893138962832392,0.318035711294672,0.8134522239112552,BetaCalibratedWrapper,ok,Gen.G,BNK FEARX,5.0,5.0,2026-02-21,LCK,,ok,BNK FEARX|Gen.G,yes
1970-01-01 00:00:00+00:00,LCK|TBD|TBD|2026-02-21T08:00:00+00:00,2026-02-21T08:00:00+00:00,LCK,BO5,TBD,TBD,0.5,0.5,0.5,0.5,BetaCalibratedWrapper,no_roster:TBD+TBD,TBD,TBD,0.0,0.0,2026-02-21,LCK,,skipped,,
1970-01-01 00:00:00+00:00,LJL|NOVEX|UWinks|2026-02-21T08:00:00+00:00,2026-02-21T08:00:00+00:00,LJL,BO1,NOVEX,UWinks,0.575057696545161,0.4249423034548389,,,BetaCalibratedWrapper,ok,NOVEX,Uwinks,5.0,5.0,2026-02-21,LJL,ValueError: Roster vide : impossible d'agréger les features.,skipped,NOVEX|Uwinks,no
1970-01-01 00:00:00+00:00,LJL|L Guide Gaming|Fast8|2026-02-21T09:00:00+00:00,2026-02-21T09:00:00+00:00,LJL,BO1,L Guide Gaming,Fast8,0.5779009916963467,0.4220990083036533,,,BetaCalibratedWrapper,ok,L Guide Gaming,Fast8,5.0,5.0,2026-02-21,LJL,ValueError: Roster vide : impossible d'agréger les features.,skipped,Fast8|L Guide Gaming,yes
1970-01-01 00:00:00+00:00,LJL|Rising Gaming|Clocks|2026-02-21T10:00:00+00:00,2026-02-21T10:00:00+00:00,LJL,BO1,Rising Gaming,Clocks,0.6446172193334588,0.3553827806665411,,,BetaCalibratedWrapper,ok,Rising Gaming,Clocks,5.0,5.0,2026-02-21,LJL,ValueError: Roster vide : impossible d'agréger les features.,skipped,Clocks|Rising Gaming,yes
1970-01-01 00:00:00+00:00,LJL|VARREL YOUTH|New Meta|2026-02-21T11:00:00+00:00,2026-02-21T11:00:00+00:00,LJL,BO1,VARREL YOUTH,New Meta,0.2336340114477129,0.7663659885522871,,,BetaCalibratedWrapper,ok,VARREL YOUTH,New Meta,5.0,5.0,2026-02-21,LJL,ValueError: Roster vide : impossible d'agréger les features.,skipped,New Meta|VARREL YOUTH,yes
1970-01-01 00:00:00+00:00,LJL|DFM Academy|Inferno Drive Tokyo|2026-02-21T12:00:00+00:00,2026-02-21T12:00:00+00:00,LJL,BO1,DFM Academy,Inferno Drive Tokyo,0.5,0.5,,,BetaCalibratedWrapper,no_roster:DFM Academy,DFM Academy,Inferno Drive Tokyo,0.0,5.0,2026-02-21,LJL,,skipped,,
1970-01-01 00:00:00+00:00,LJL|Yang Yang Gaming|FENNEL|2026-02-21T13:00:00+00:00,2026-02-21T13:00:00+00:00,LJL,BO1,Yang Yang Gaming,FENNEL,0.5,0.5,,,BetaCalibratedWrapper,no_roster:FENNEL,Yang Yang Gaming,FENNEL,5.0,0.0,2026-02-21,LJL,,skipped,,
1970-01-01 00:00:00+00:00,LEC|TBD|TBD|2026-02-21T15:45:00+00:00,2026-02-21T15:45:00+00:00,LEC,BO3,TBD,TBD,0.5,0.5,0.5,0.5,BetaCalibratedWrapper,no_roster:TBD+TBD,TBD,TBD,0.0,0.0,2026-02-21,LEC,,skipped,,
1970-01-01 00:00:00+00:00,LEC|Team Heretics|GIANTX|2026-02-21T15:45:00+00:00,2026-02-21T15:45:00+00:00,LEC,BO3,Team Heretics,GIANTX,0.3826417609659625,0.6173582390340375,0.520961064672926,0.5299993571259984,BetaCalibratedWrapper,ok,Team Heretics,GiantX,5.0,5.0,2026-02-21,LEC,,ok,GiantX|Team Heretics,yes
1970-01-01 00:00:00+00:00,CBLOL|LOUD|RED Canids Kalunga|2026-02-21T16:00:00+00:00,2026-02-21T16:00:00+00:00,CBLOL,BO5,LOUD,RED Canids Kalunga,0.2557180407179928,0.7442819592820071,0.5,0.5,BetaCalibratedWrapper,ok,LOUD,RED Canids,5.0,5.0,2026-02-21,CBLOL,ValueError: Roster vide : impossible d'agréger les features.,skipped,LOUD|RED Canids,no
1970-01-01 00:00:00+00:00,CBLOL|TBD|TBD|2026-02-21T16:00:00+00:00,2026-02-21T16:00:00+00:00,CBLOL,BO5,TBD,TBD,0.5,0.5,0.5,0.5,BetaCalibratedWrapper,no_roster:TBD+TBD,TBD,TBD,0.0,0.0,2026-02-21,CBLOL,,skipped,,
1970-01-01 00:00:00+00:00,LEC|Team Vitality|Fnatic|2026-02-21T17:30:00+00:00,2026-02-21T17:30:00+00:00,LEC,BO3,Team Vitality,Fnatic,0.5759732268408821,0.4240267731591178,0.5,0.6005789027204105,BetaCalibratedWrapper,ok,Team Vitality,Fnatic,5.0,5.0,2026-02-21,LEC,,ok,Fnatic|Team Vitality,yes
1970-01-01 00:00:00+00:00,LCS|LYON|FlyQuest|2026-02-21T21:00:00+00:00,2026-02-21T21:00:00+00:00,LCS,BO5,LYON,FlyQuest,0.4536670754574348,0.5463329245425652,0.2977789011363059,0.7264978689095901,BetaCalibratedWrapper,ok,LYON,FlyQuest,5.0,5.0,2026-02-21,LCS,ValueError: Roster vide : impossible d'agréger les features.,skipped,FlyQuest|LYON,yes
1970-01-01 00:00:00+00:00,LCS|TBD|TBD|2026-02-21T21:00:00+00:00,2026-02-21T21:00:00+00:00,LCS,BO5,TBD,TBD,0.5,0.5,0.5,0.5,BetaCalibratedWrapper,no_roster:TBD+TBD,TBD,TBD,0.0,0.0,2026-02-21,LCS,,skipped,,
1970-01-01 00:00:00+00:00,LCK|TBD|TBD|2026-02-22T08:00:00+00:00,2026-02-22T08:00:00+00:00,LCK,BO5,TBD,TBD,0.5,0.5,0.5,0.5,BetaCalibratedWrapper,no_roster:TBD+TBD,TBD,TBD,0.0,0.0,2026-02-22,LCK,,skipped,,
1970-01-01 00:00:00+00:00,LJL|VARREL YOUTH|L Guide Gaming|2026-02-22T08:00:00+00:00,2026-02-22T08:00:00+00:00,LJL,BO1,VARREL YOUTH,L Guide Gaming,0.2372278495704889,0.7627721504295111,0.2336340114477129,0.5779009916963467,BetaCalibratedWrapper,ok,VARREL YOUTH,L Guide Gaming,5.0,5.0,2026-02-22,LJL,ValueError: Roster vide : impossible d'agréger les features.,skipped,L Guide Gaming|VARREL YOUTH,yes
1970-01-01 00:00:00+00:00,LJL|Yang Yang Gaming|UWinks|2026-02-22T09:00:00+00:00,2026-02-22T09:00:00+00:00,LJL,BO1,Yang Yang Gaming,UWinks,0.222955898482705,0.777044101517295,0.5,0.4249423034548389,BetaCalibratedWrapper,ok,Yang Yang Gaming,Uwinks,5.0,5.0,2026-02-22,LJL,ValueError: Roster vide : impossible d'agréger les features.,skipped,Uwinks|Yang Yang Gaming,yes
1970-01-01 00:00:00+00:00,LJL|DFM Academy|New Meta|2026-02-22T10:00:00+00:00,2026-02-22T10:00:00+00:00,LJL,BO1,DFM Academy,New Meta,0.5,0.5,0.5,0.7663659885522871,BetaCalibratedWrapper,no_roster:DFM Academy,DFM Academy,New Meta,0.0,5.0,2026-02-22,LJL,,skipped,,
1970-01-01 00:00:00+00:00,LJL|FENNEL|Clocks|2026-02-22T11:00:00+00:00,2026-02-22T11:00:00+00:00,LJL,BO1,FENNEL,Clocks,0.5,0.5,0.5,0.3553827806665411,BetaCalibratedWrapper,no_roster:FENNEL,FENNEL,Clocks,0.0,5.0,2026-02-22,LJL,,skipped,,
1970-01-01 00:00:00+00:00,LJL|Inferno Drive Tokyo|Fast8|2026-02-22T12:00:00+00:00,2026-02-22T12:00:00+00:00,LJL,BO1,Inferno Drive Tokyo,Fast8,0.6142857707076155,0.3857142292923845,0.5,0.4220990083036533,BetaCalibratedWrapper,ok,Inferno Drive Tokyo,Fast8,5.0,5.0,2026-02-22,LJL,ValueError: Roster vide : impossible d'agréger les features.,skipped,Fast8|Inferno Drive Tokyo,yes
1970-01-01 00:00:00+00:00,LJL|NOVEX|Rising Gaming|2026-02-22T13:00:00+00:00,2026-02-22T13:00:00+00:00,LJL,BO1,NOVEX,Rising Gaming,0.5108153847311209,0.4891846152688791,0.575057696545161,0.6446172193334588,BetaCalibratedWrapper,ok,NOVEX,Rising Gaming,5.0,5.0,2026-02-22,LJL,ValueError: Roster vide : impossible d'agréger les features.,skipped,NOVEX|Rising Gaming,no
1970-01-01 00:00:00+00:00,LEC|TBD|TBD|2026-02-22T15:45:00+00:00,2026-02-22T15:45:00+00:00,LEC,BO3,TBD,TBD,0.5,0.5,0.5,0.5,BetaCalibratedWrapper,no_roster:TBD+TBD,TBD,TBD,0.0,0.0,2026-02-22,LEC,,skipped,,
1970-01-01 00:00:00+00:00,CBLOL|LOS|FURIA|2026-02-22T16:00:00+00:00,2026-02-22T16:00:00+00:00,CBLOL,BO5,LOS,FURIA,0.5,0.5,0.5,0.5,BetaCalibratedWrapper,no_roster:LOS,LOS,FURIA,0.0,5.0,2026-02-22,CBLOL,,skipped,,
1970-01-01 00:00:00+00:00,CBLOL|TBD|TBD|2026-02-22T16:00:00+00:00,2026-02-22T16:00:00+00:00,CBLOL,BO5,TBD,TBD,0.5,0.5,0.5,0.5,BetaCalibratedWrapper,no_roster:TBD+TBD,TBD,TBD,0.0,0.0,2026-02-22,CBLOL,,skipped,,
1970-01-01 00:00:00+00:00,LEC|TBD|TBD|2026-02-22T17:30:00+00:00,2026-02-22T17:30:00+00:00,LEC,BO3,TBD,TBD,0.5,0.5,0.5,0.5,BetaCalibratedWrapper,no_roster:TBD+TBD,TBD,TBD,0.0,0.0,2026-02-22,LEC,,skipped,,
1970-01-01 00:00:00+00:00,LCS|Cloud9 Kia|Sentinels|2026-02-22T21:00:00+00:00,2026-02-22T21:00:00+00:00,LCS,BO5,Cloud9 Kia,Sentinels,0.6086334467423208,0.3913665532576792,0.5,0.5,BetaCalibratedWrapper,ok,Cloud9,Sentinels,5.0,5.0,2026-02-22,LCS,ValueError: Roster vide : impossible d'agréger les features.,skipped,Cloud9|Sentinels,no
1970-01-01 00:00:00+00:00,LCS|TBD|TBD|2026-02-22T21:00:00+00:00,2026-02-22T21:00:00+00:00,LCS,BO5,TBD,TBD,0.5,0.5,0.5,0.5,BetaCalibratedWrapper,no_roster:TBD+TBD,TBD,TBD,0.0,0.0,2026-02-22,LCS,,skipped,,
1970-01-01 00:00:00+00:00,LCK Challengers|TBD|TBD|2026-02-23T05:00:00+00:00,2026-02-23T05:00:00+00:00,LCK Challengers,BO5,TBD,TBD,0.5,0.5,0.5,0.5,BetaCalibratedWrapper,no_roster:TBD+TBD,TBD,TBD,0.0,0.0,2026-02-23,LCK,,skipped,,
1970-01-01 00:00:00+00:00,LCK Challengers|TBD|kt Challengers|2026-02-23T05:00:00+00:00,2026-02-23T05:00:00+00:00,LCK Challengers,BO5,TBD,kt Challengers,0.5,0.5,0.5,0.5,BetaCalibratedWrapper,no_roster:TBD,TBD,KT Rolster Challengers,0.0,5.0,2026-02-23,LCKC,,skipped,,
1970-01-01 00:00:00+00:00,LCK Challengers|kt Challengers|T1 Esports Academy|2026-02-23T05:00:00+00:00,2026-02-23T05:00:00+00:00,LCK Challengers,BO5,kt Challengers,T1 Esports Academy,0.5385230268839056,0.4614769731160943,0.5,0.5,BetaCalibratedWrapper,ok,KT Rolster Challengers,T1,5.0,5.0,2026-02-23,LCKC,ValueError: Roster vide : impossible d'agréger les features.,skipped,KT Rolster Challengers|T1,no
1970-01-01 00:00:00+00:00,LCK Challengers|DNS Challengers|NS Challengers|2026-02-23T08:00:00+00:00,2026-02-23T08:00:00+00:00,LCK Challengers,BO5,DNS Challengers,NS Challengers,0.4465589222957978,0.5534410777042021,0.5,0.5,BetaCalibratedWrapper,ok,DN SOOPers Challengers,Nongshim Esports Academy,5.0,5.0,2026-02-23,LCKC,,ok,DN SOOPers Challengers|Nongshim Esports Academy,no
1970-01-01 00:00:00+00:00,LCK Challengers|TBD|DNS Challengers|2026-02-23T08:00:00+00:00,2026-02-23T08:00:00+00:00,LCK Challengers,BO5,TBD,DNS Challengers,0.5,0.5,0.5,0.5,BetaCalibratedWrapper,no_roster:TBD,TBD,DN SOOPers Challengers,0.0,5.0,2026-02-23,LCKC,,skipped,,
1970-01-01 00:00:00+00:00,LCK Challengers|TBD|TBD|2026-02-23T08:00:00+00:00,2026-02-23T08:00:00+00:00,LCK Challengers,BO5,TBD,TBD,0.5,0.5,0.5,0.5,BetaCalibratedWrapper,no_roster:TBD+TBD,TBD,TBD,0.0,0.0,2026-02-23,LCK,,skipped,,
1970-01-01 00:00:00+00:00,LJL|Yang Yang Gaming|Rising Gaming|2026-02-23T08:00:00+00:00,2026-02-23T08:00:00+00:00,LJL,BO1,Yang Yang Gaming,Rising Gaming,0.1108904400315122,0.8891095599684877,0.222955898482705,0.4891846152688791,BetaCalibratedWrapper,ok,Yang Yang Gaming,Rising Gaming,5.0,5.0,2026-02-23,LJL,ValueError: Roster vide : impossible d'agréger les features.,skipped,Rising Gaming|Yang Yang Gaming,yes
1970-01-01 00:00:00+00:00,LJL|VARREL YOUTH|Fast8|2026-02-23T09:00:00+00:00,2026-02-23T09:00:00+00:00,LJL,BO1,VARREL YOUTH,Fast8,0.3004400745823211,0.6995599254176789,0.2372278495704889,0.3857142292923845,BetaCalibratedWrapper,ok,VARREL YOUTH,Fast8,5.0,5.0,2026-02-23,LJL,ValueError: Roster vide : impossible d'agréger les features.,skipped,Fast8|VARREL YOUTH,yes
1970-01-01 00:00:00+00:00,LJL|FENNEL|UWinks|2026-02-23T10:00:00+00:00,2026-02-23T10:00:00+00:00,LJL,BO1,FENNEL,UWinks,0.5,0.5,0.5,0.777044101517295,BetaCalibratedWrapper,no_roster:FENNEL,FENNEL,Uwinks,0.0,5.0,2026-02-23,LJL,,skipped,,
1970-01-01 00:00:00+00:00,LJL|DFM Academy|L Guide Gaming|2026-02-23T11:00:00+00:00,2026-02-23T11:00:00+00:00,LJL,BO1,DFM Academy,L Guide Gaming,0.5,0.5,0.5,0.7627721504295111,BetaCalibratedWrapper,no_roster:DFM Academy,DFM Academy,L Guide Gaming,0.0,5.0,2026-02-23,LJL,,skipped,,
1970-01-01 00:00:00+00:00,LJL|NOVEX|Clocks|2026-02-23T12:00:00+00:00,2026-02-23T12:00:00+00:00,LJL,BO1,NOVEX,Clocks,0.6259774255290043,0.3740225744709957,0.5108153847311209,0.5,BetaCalibratedWrapper,ok,NOVEX,Clocks,5.0,5.0,2026-02-23,LJL,ValueError: Roster vide : impossible d'agréger les features.,skipped,Clocks|NOVEX,yes
1970-01-01 00:00:00+00:00,LJL|New Meta|Inferno Drive Tokyo|2026-02-23T13:00:00+00:00,2026-02-23T13:00:00+00:00,LJL,BO1,New Meta,Inferno Drive Tokyo,0.3302268526202701,0.6697731473797299,0.5,0.6142857707076155,BetaCalibratedWrapper,ok,New Meta,Inferno Drive Tokyo,5.0,5.0,2026-02-23,LJL,ValueError: Roster vide : impossible d'agréger les features.,skipped,Inferno Drive Tokyo|New Meta,yes
1970-01-01 00:00:00+00:00,LEC|TBD|TBD|2026-02-23T15:45:00+00:00,2026-02-23T15:45:00+00:00,LEC,BO5,TBD,TBD,0.5,0.5,0.5,0.5,BetaCalibratedWrapper,no_roster:TBD+TBD,TBD,TBD,0.0,0.0,2026-02-23,LEC,,skipped,,
1970-01-01 00:00:00+00:00,CBLOL|TBD|TBD|2026-02-23T16:00:00+00:00,2026-02-23T16:00:00+00:00,CBLOL,BO5,TBD,TBD,0.5,0.5,0.5,0.5,BetaCalibratedWrapper,no_roster:TBD+TBD,TBD,TBD,0.0,0.0,2026-02-23,CBLOL,,skipped,,
1970-01-01 00:00:00+00:00,LPL|Beijing JDG Intel Esports|TOPESPORTS|2026-02-24T06:00:00+00:00,2026-02-24T06:00:00+00:00,LPL,BO5,Beijing JDG Intel Esports,TOPESPORTS,0.5455259478665326,0.4544740521334673,0.5,0.0784301744718535,BetaCalibratedWrapper,ok,JD Gaming,Top Esports,5.0,5.0,2026-02-24,LPL,,ok,JD Gaming|Top Esports,no
1970-01-01 00:00:00+00:00,LPL|TBD|TBD|2026-02-24T06:00:00+00:00,2026-02-24T06:00:00+00:00,LPL,BO5,TBD,TBD,0.5,0.5,0.5,0.5,BetaCalibratedWrapper,no_roster:TBD+TBD,TBD,TBD,0.0,0.0,2026-02-24,LPL,,skipped,,
1970-01-01 00:00:00+00:00,LCK Challengers|TBD|DRX Challengers|2026-02-24T08:00:00+00:00,2026-02-24T08:00:00+00:00,LCK Challengers,BO5,TBD,DRX Challengers,0.5,0.5,0.5,0.5,BetaCalibratedWrapper,no_roster:TBD,TBD,DRX Challengers,0.0,5.0,2026-02-24,LCKC,,skipped,,
1970-01-01 00:00:00+00:00,LCK Challengers|TBD|TBD|2026-02-24T08:00:00+00:00,2026-02-24T08:00:00+00:00,LCK Challengers,BO5,TBD,TBD,0.5,0.5,0.5,0.5,BetaCalibratedWrapper,no_roster:TBD+TBD,TBD,TBD,0.0,0.0,2026-02-24,LCK,,skipped,,
1970-01-01 00:00:00+00:00,LPL|Anyone's Legend|Xi'an Team WE|2026-02-24T09:00:00+00:00,2026-02-24T09:00:00+00:00,LPL,BO5,Anyone's Legend,Xi'an Team WE,0.7524985183475242,0.2475014816524757,0.6998644814120294,0.5,BetaCalibratedWrapper,ok,Anyone's Legend,Team WE,5.0,5.0,2026-02-24,LPL,,ok,Anyone's Legend|Team WE,no
1970-01-01 00:00:00+00:00,LPL|TBD|TBD|2026-02-24T09:00:00+00:00,2026-02-24T09:00:00+00:00,LPL,BO5,TBD,TBD,0.5,0.5,0.5,0.5,BetaCalibratedWrapper,no_roster:TBD+TBD,TBD,TBD,0.0,0.0,2026-02-24,LPL,,skipped,,
1970-01-01 00:00:00+00:00,Arabian League|TBD|TBD|2026-02-24T16:00:00+00:00,2026-02-24T16:00:00+00:00,Arabian League,BO5,TBD,TBD,0.5,0.5,0.5,0.5,BetaCalibratedWrapper,no_roster:TBD+TBD,TBD,TBD,0.0,0.0,2026-02-24,ARABIAN LEAGUE,,skipped,,
1970-01-01 00:00:00+00:00,Hitpoint Masters|TBD|TBD|2026-02-24T16:00:00+00:00,2026-02-24T16:00:00+00:00,Hitpoint Masters,BO5,TBD,TBD,0.5,0.5,0.5,0.5,BetaCalibratedWrapper,no_roster:TBD+TBD,TBD,TBD,0.0,0.0,2026-02-24,HITPOINT MASTERS,,skipped,,
1970-01-01 00:00:00+00:00,Hitpoint Masters|TBD|eSuba|2026-02-24T16:00:00+00:00,2026-02-24T16:00:00+00:00,Hitpoint Masters,BO5,TBD,eSuba,0.5,0.5,0.5,0.5,BetaCalibratedWrapper,no_roster:TBD+eSuba,TBD,eSuba,0.0,0.0,2026-02-24,HITPOINT MASTERS,,skipped,,
1970-01-01 00:00:00+00:00,Rift Legends|TBD|TBD|2026-02-24T16:00:00+00:00,2026-02-24T16:00:00+00:00,Rift Legends,BO5,TBD,TBD,0.5,0.5,0.5,0.5,BetaCalibratedWrapper,no_roster:TBD+TBD,TBD,TBD,0.0,0.0,2026-02-24,RIFT LEGENDS,,skipped,,
1970-01-01 00:00:00+00:00,Arabian League|TBD|TBD|2026-02-24T19:00:00+00:00,2026-02-24T19:00:00+00:00,Arabian League,BO5,TBD,TBD,0.5,0.5,0.5,0.5,BetaCalibratedWrapper,no_roster:TBD+TBD,TBD,TBD,0.0,0.0,2026-02-24,ARABIAN LEAGUE,,skipped,,
1970-01-01 00:00:00+00:00,LPL|TBD|TBD|2026-02-25T06:00:00+00:00,2026-02-25T06:00:00+00:00,LPL,BO5,TBD,TBD,0.5,0.5,0.5,0.5,BetaCalibratedWrapper,no_roster:TBD+TBD,TBD,TBD,0.0,0.0,2026-02-25,LPL,,skipped,,
1970-01-01 00:00:00+00:00,LPL|WeiboGaming Faw Audi|Invictus Gaming|2026-02-25T06:00:00+00:00,2026-02-25T06:00:00+00:00,LPL,BO5,WeiboGaming Faw Audi,Invictus Gaming,0.6149235254483469,0.385076474551653,0.5,0.5,BetaCalibratedWrapper,ok,Weibo Gaming,Invictus Gaming,5.0,5.0,2026-02-25,LPL,,ok,Invictus Gaming|Weibo Gaming,yes
1970-01-01 00:00:00+00:00,LCK Challengers|TBD|TBD|2026-02-25T08:00:00+00:00,2026-02-25T08:00:00+00:00,LCK Challengers,BO5,TBD,TBD,0.5,0.5,0.5,0.5,BetaCalibratedWrapper,no_roster:TBD+TBD,TBD,TBD,0.0,0.0,2026-02-25,LCK,,skipped,,
1970-01-01 00:00:00+00:00,LPL|BILIBILI GAMING DREAMSMART|SHENZHEN NINJAS IN PYJAMAS|2026-02-25T09:00:00+00:00,2026-02-25T09:00:00+00:00,LPL,BO5,BILIBILI GAMING DREAMSMART,SHENZHEN NINJAS IN PYJAMAS,0.7275660166508082,0.2724339833491918,0.5,0.5,BetaCalibratedWrapper,ok,Bilibili Gaming,Ninjas in Pyjamas,5.0,5.0,2026-02-25,LPL,,ok,Bilibili Gaming|Ninjas in Pyjamas,no
1970-01-01 00:00:00+00:00,LPL|TBD|TBD|2026-02-25T09:00:00+00:00,2026-02-25T09:00:00+00:00,LPL,BO5,TBD,TBD,0.5,0.5,0.5,0.5,BetaCalibratedWrapper,no_roster:TBD+TBD,TBD,TBD,0.0,0.0,2026-02-25,LPL,,skipped,,
1970-01-01 00:00:00+00:00,Arabian League|TBD|TBD|2026-02-25T16:00:00+00:00,2026-02-25T16:00:00+00:00,Arabian League,BO5,TBD,TBD,0.5,0.5,0.5,0.5,BetaCalibratedWrapper,no_roster:TBD+TBD,TBD,TBD,0.0,0.0,2026-02-25,ARABIAN LEAGUE,,skipped,,
1970-01-01 00:00:00+00:00,Hellenic Legends League|TBD|TBD|2026-02-25T16:00:00+00:00,2026-02-25T16:00:00+00:00,Hellenic Legends League,BO5,TBD,TBD,0.5,0.5,0.5,0.5,BetaCalibratedWrapper,no_roster:TBD+TBD,TBD,TBD,0.0,0.0,2026-02-25,HELLENIC LEGENDS LEAGUE,,skipped,,
1970-01-01 00:00:00+00:00,Hitpoint Masters|CITA Kaizen|EXILE Esports|2026-02-25T16:00:00+00:00,2026-02-25T16:00:00+00:00,Hitpoint Masters,BO5,CITA Kaizen,EXILE Esports,0.5,0.5,0.5,0.5,BetaCalibratedWrapper,no_roster:CITA Kaizen,CITA Kaizen,LEO Esports,0.0,5.0,2026-02-25,HITPOINT MASTERS,,skipped,,
1970-01-01 00:00:00+00:00,Hitpoint Masters|TBD|CITA Kaizen|2026-02-25T16:00:00+00:00,2026-02-25T16:00:00+00:00,Hitpoint Masters,BO5,TBD,CITA Kaizen,0.5,0.5,0.5,0.5,BetaCalibratedWrapper,no_roster:TBD+CITA Kaizen,TBD,CITA Kaizen,0.0,0.0,2026-02-25,HITPOINT MASTERS,,skipped,,
1970-01-01 00:00:00+00:00,Hitpoint Masters|TBD|TBD|2026-02-25T16:00:00+00:00,2026-02-25T16:00:00+00:00,Hitpoint Masters,BO5,TBD,TBD,0.5,0.5,0.5,0.5,BetaCalibratedWrapper,no_roster:TBD+TBD,TBD,TBD,0.0,0.0,2026-02-25,HITPOINT MASTERS,,skipped,,
1970-01-01 00:00:00+00:00,Rift Legends|TBD|TBD|2026-02-25T16:00:00+00:00,2026-02-25T16:00:00+00:00,Rift Legends,BO5,TBD,TBD,0.5,0.5,0.5,0.5,BetaCalibratedWrapper,no_roster:TBD+TBD,TBD,TBD,0.0,0.0,2026-02-25,RIFT LEGENDS,,skipped,,
1970-01-01 00:00:00+00:00,Esports Balkan League|TBD|TBD|2026-02-25T17:00:00+00:00,2026-02-25T17:00:00+00:00,Esports Balkan League,BO3,TBD,TBD,0.5,0.5,0.5,0.5,BetaCalibratedWrapper,no_roster:TBD+TBD,TBD,TBD,0.0,0.0,2026-02-25,ESPORTS BALKAN LEAGUE,,skipped,,
1970-01-01 00:00:00+00:00,Esports Balkan League|The Secret Club|TQ DURPA KASLQ|2026-02-25T17:00:00+00:00,2026-02-25T17:00:00+00:00,Esports Balkan League,BO3,The Secret Club,TQ DURPA KASLQ,0.5,0.5,0.5,0.5,BetaCalibratedWrapper,no_roster:The Secret Club+TQ DURPA KASLQ,The Secret Club,TQ DURPA KASLQ,0.0,0.0,2026-02-25,ESPORTS BALKAN LEAGUE,,skipped,,
1970-01-01 00:00:00+00:00,NLC|4 Swines & A Bum|Lund Esports Organization|2026-02-25T17:00:00+00:00,2026-02-25T17:00:00+00:00,NLC,BO1,4 Swines & A Bum,Lund Esports Organization,0.5,0.5,0.5,0.5,BetaCalibratedWrapper,no_roster:4 Swines & A Bum+Lund Esports Organization,4 Swines & A Bum,Lund Esports Organization,0.0,0.0,2026-02-25,NLC,,skipped,,
1970-01-01 00:00:00+00:00,Prime League|TBD|TBD|2026-02-25T17:00:00+00:00,2026-02-25T17:00:00+00:00,Prime League,BO5,TBD,TBD,0.5,0.5,0.5,0.5,BetaCalibratedWrapper,no_roster:TBD+TBD,TBD,TBD,0.0,0.0,2026-02-25,PRIME LEAGUE,,skipped,,
1970-01-01 00:00:00+00:00,Esports Balkan League|TBD|TBD|2026-02-25T18:00:00+00:00,2026-02-25T18:00:00+00:00,Esports Balkan League,BO3,TBD,TBD,0.5,0.5,0.5,0.5,BetaCalibratedWrapper,no_roster:TBD+TBD,TBD,TBD,0.0,0.0,2026-02-25,ESPORTS BALKAN LEAGUE,,skipped,,
1970-01-01 00:00:00+00:00,NLC|La BOMBAS|Bulldog Esports|2026-02-25T18:00:00+00:00,2026-02-25T18:00:00+00:00,NLC,BO1,La BOMBAS,Bulldog Esports,0.5,0.5,0.5,0.5,BetaCalibratedWrapper,no_roster:La BOMBAS+Bulldog Esports,La BOMBAS,Bulldog Esports,0.0,0.0,2026-02-25,NLC,,skipped,,
1970-01-01 00:00:00+00:00,Arabian League|TBD|TBD|2026-02-25T19:00:00+00:00,2026-02-25T19:00:00+00:00,Arabian League,BO5,TBD,TBD,0.5,0.5,0.5,0.5,BetaCalibratedWrapper,no_roster:TBD+TBD,TBD,TBD,0.0,0.0,2026-02-25,ARABIAN LEAGUE,,skipped,,
1970-01-01 00:00:00+00:00,Esports Balkan League|TBD|TBD|2026-02-25T19:00:00+00:00,2026-02-25T19:00:00+00:00,Esports Balkan League,BO3,TBD,TBD,0.5,0.5,0.5,0.5,BetaCalibratedWrapper,no_roster:TBD+TBD,TBD,TBD,0.0,0.0,2026-02-25,ESPORTS BALKAN LEAGUE,,skipped,,
1970-01-01 00:00:00+00:00,Liga Portuguesa|TBD|TBD|2026-02-25T19:00:00+00:00,2026-02-25T19:00:00+00:00,Liga Portuguesa,BO5,TBD,TBD,0.5,0.5,0.5,0.5,BetaCalibratedWrapper,no_roster:TBD+TBD,TBD,TBD,0.0,0.0,2026-02-25,LIGA PORTUGUESA,,skipped,,
1970-01-01 00:00:00+00:00,NLC|Ruddy Corporation|Verdant|2026-02-25T19:00:00+00:00,2026-02-25T19:00:00+00:00,NLC,BO1,Ruddy Corporation,Verdant,0.5,0.5,0.5,0.5,BetaCalibratedWrapper,no_roster:Ruddy Corporation+Verdant,Ruddy Corporation,Verdant,0.0,0.0,2026-02-25,NLC,,skipped,,
1970-01-01 00:00:00+00:00,Prime League|TBD|TBD|2026-02-25T19:30:00+00:00,2026-02-25T19:30:00+00:00,Prime League,BO3,TBD,TBD,0.5,0.5,0.5,0.5,BetaCalibratedWrapper,no_roster:TBD+TBD,TBD,TBD,0.0,0.0,2026-02-25,PRIME LEAGUE,,skipped,,
1970-01-01 00:00:00+00:00,Esports Balkan League|TBD|TBD|2026-02-25T20:00:00+00:00,2026-02-25T20:00:00+00:00,Esports Balkan League,BO3,TBD,TBD,0.5,0.5,0.5,0.5,BetaCalibratedWrapper,no_roster:TBD+TBD,TBD,TBD,0.0,0.0,2026-02-25,ESPORTS BALKAN LEAGUE,,skipped,,
1970-01-01 00:00:00+00:00,NLC|Deer Gaming|Lundqvist Lightside|2026-02-25T20:00:00+00:00,2026-02-25T20:00:00+00:00,NLC,BO1,Deer Gaming,Lundqvist Lightside,0.5,0.5,0.4168721676887529,0.5,BetaCalibratedWrapper,no_roster:Lundqvist Lightside,JD Gaming,Lundqvist Lightside,5.0,0.0,2026-02-25,NLC,,skipped,,
1970-01-01 00:00:00+00:00,NLC|Arctic Pandas|DMG Esports|2026-02-25T21:00:00+00:00,2026-02-25T21:00:00+00:00,NLC,BO1,Arctic Pandas,DMG Esports,0.5,0.5,0.5,0.5831278323112471,BetaCalibratedWrapper,no_roster:Arctic Pandas,Arctic Pandas,G2 Esports,0.0,5.0,2026-02-25,NLC,,skipped,,
1970-01-01 00:00:00+00:00,NLC|Arctic Pandas Oy|DMG Esports|2026-02-25T21:00:00+00:00,2026-02-25T21:00:00+00:00,NLC,BO1,Arctic Pandas Oy,DMG Esports,0.5,0.5,0.5,0.5831278323112471,BetaCalibratedWrapper,no_roster:Arctic Pandas Oy,Arctic Pandas Oy,G2 Esports,0.0,5.0,2026-02-25,NLC,,skipped,,
1970-01-01 00:00:00+00:00,Liga Portuguesa|TBD|TBD|2026-02-25T22:00:00+00:00,2026-02-25T22:00:00+00:00,Liga Portuguesa,BO3,TBD,TBD,0.5,0.5,0.5,0.5,BetaCalibratedWrapper,no_roster:TBD+TBD,TBD,TBD,0.0,0.0,2026-02-25,LIGA PORTUGUESA,,skipped,,
1970-01-01 00:00:00+00:00,LCP|TBD|TBD|2026-02-26T06:00:00+00:00,2026-02-26T06:00:00+00:00,LCP,BO5,TBD,TBD,0.5,0.5,0.5,0.5,BetaCalibratedWrapper,no_roster:TBD+TBD,TBD,TBD,0.0,0.0,2026-02-26,LCP,,skipped,,
1970-01-01 00:00:00+00:00,LCP|Team Secret Whales|Relove Deep Cross Gaming|2026-02-26T06:00:00+00:00,2026-02-26T06:00:00+00:00,LCP,BO5,Team Secret Whales,Relove Deep Cross Gaming,0.2831390363750107,0.7168609636249893,0.2612869787629887,0.5835467734415408,BetaCalibratedWrapper,ok,Team Secret Whales,Deep Cross Gaming,5.0,5.0,2026-02-26,LCP,,ok,Deep Cross Gaming|Team Secret Whales,yes
1970-01-01 00:00:00+00:00,LCK Challengers|TBD|TBD|2026-02-26T08:00:00+00:00,2026-02-26T08:00:00+00:00,LCK Challengers,BO5,TBD,TBD,0.5,0.5,0.5,0.5,BetaCalibratedWrapper,no_roster:TBD+TBD,TBD,TBD,0.0,0.0,2026-02-26,LCK,,skipped,,
1970-01-01 00:00:00+00:00,LPL|TBD|TBD|2026-02-26T09:00:00+00:00,2026-02-26T09:00:00+00:00,LPL,BO5,TBD,TBD,0.5,0.5,0.5,0.5,BetaCalibratedWrapper,no_roster:TBD+TBD,TBD,TBD,0.0,0.0,2026-02-26,LPL,,skipped,,
1970-01-01 00:00:00+00:00,TCL|TBD|TBD|2026-02-26T15:00:00+00:00,2026-02-26T15:00:00+00:00,TCL,BO5,TBD,TBD,0.5,0.5,0.5,0.5,BetaCalibratedWrapper,no_roster:TBD+TBD,TBD,TBD,0.0,0.0,2026-02-26,TCL,,skipped,,
1970-01-01 00:00:00+00:00,Arabian League|TBD|TBD|2026-02-26T16:00:00+00:00,2026-02-26T16:00:00+00:00,Arabian League,BO5,TBD,TBD,0.5,0.5,0.5,0.5,BetaCalibratedWrapper,no_roster:TBD+TBD,TBD,TBD,0.0,0.0,2026-02-26,ARABIAN LEAGUE,,skipped,,
1970-01-01 00:00:00+00:00,Hellenic Legends League|TBD|TBD|2026-02-26T16:00:00+00:00,2026-02-26T16:00:00+00:00,Hellenic Legends League,BO5,TBD,TBD,0.5,0.5,0.5,0.5,BetaCalibratedWrapper,no_roster:TBD+TBD,TBD,TBD,0.0,0.0,2026-02-26,HELLENIC LEGENDS LEAGUE,,skipped,,
1970-01-01 00:00:00+00:00,Hitpoint Masters|NightBirds|BRUTE|2026-02-26T16:00:00+00:00,2026-02-26T16:00:00+00:00,Hitpoint Masters,BO5,NightBirds,BRUTE,0.5,0.5,0.5,0.5,BetaCalibratedWrapper,no_roster:NightBirds+BRUTE,NightBirds,BRUTE,0.0,0.0,2026-02-26,HITPOINT MASTERS,,skipped,,
1970-01-01 00:00:00+00:00,Hitpoint Masters|TBD|TBD|2026-02-26T16:00:00+00:00,2026-02-26T16:00:00+00:00,Hitpoint Masters,BO5,TBD,TBD,0.5,0.5,0.5,0.5,BetaCalibratedWrapper,no_roster:TBD+TBD,TBD,TBD,0.0,0.0,2026-02-26,HITPOINT MASTERS,,skipped,,
1970-01-01 00:00:00+00:00,Rift Legends|TBD|TBD|2026-02-26T16:00:00+00:00,2026-02-26T16:00:00+00:00,Rift Legends,BO5,TBD,TBD,0.5,0.5,0.5,0.5,BetaCalibratedWrapper,no_roster:TBD+TBD,TBD,TBD,0.0,0.0,2026-02-26,RIFT LEGENDS,,skipped,,
1970-01-01 00:00:00+00:00,Esports Balkan League|Lenovo Legion Honvéd|Partizan Sangal|2026-02-26T17:00:00+00:00,2026-02-26T17:00:00+00:00,Esports Balkan League,BO3,Lenovo Legion Honvéd,Partizan Sangal,0.5,0.5,0.5,0.5,BetaCalibratedWrapper,no_roster:Lenovo Legion Honvéd+Partizan Sangal,Lenovo Legion Honvéd,Partizan Sangal,0.0,0.0,2026-02-26,ESPORTS BALKAN LEAGUE,,skipped,,
1970-01-01 00:00:00+00:00,Esports Balkan League|TBD|TBD|2026-02-26T17:00:00+00:00,2026-02-26T17:00:00+00:00,Esports Balkan League,BO3,TBD,TBD,0.5,0.5,0.5,0.5,BetaCalibratedWrapper,no_roster:TBD+TBD,TBD,TBD,0.0,0.0,2026-02-26,ESPORTS BALKAN LEAGUE,,skipped,,
1970-01-01 00:00:00+00:00,NLC|4 Swines & A Bum|Lundqvist Lightside|2026-02-26T17:00:00+00:00,2026-02-26T17:00:00+00:00,NLC,BO1,4 Swines & A Bum,Lundqvist Lightside,0.5,0.5,0.5,0.5,BetaCalibratedWrapper,no_roster:4 Swines & A Bum+Lundqvist Lightside,4 Swines & A Bum,Lundqvist Lightside,0.0,0.0,2026-02-26,NLC,,skipped,,
1970-01-01 00:00:00+00:00,Prime League|TBD|TBD|2026-02-26T17:00:00+00:00,2026-02-26T17:00:00+00:00,Prime League,BO5,TBD,TBD,0.5,0.5,0.5,0.5,BetaCalibratedWrapper,no_roster:TBD+TBD,TBD,TBD,0.0,0.0,2026-02-26,PRIME LEAGUE,,skipped,,
1970-01-01 00:00:00+00:00,Esports Balkan League|TBD|TBD|2026-02-26T18:00:00+00:00,2026-02-26T18:00:00+00:00,Esports Balkan League,BO3,TBD,TBD,0.5,0.5,0.5,0.5,BetaCalibratedWrapper,no_roster:TBD+TBD,TBD,TBD,0.0,0.0,2026-02-26,ESPORTS BALKAN LEAGUE,,skipped,,
1970-01-01 00:00:00+00:00,NLC|Verdant|Bulldog Esports|2026-02-26T18:00:00+00:00,2026-02-26T18:00:00+00:00,NLC,BO1,Verdant,Bulldog Esports,0.5,0.5,0.5,0.5,BetaCalibratedWrapper,no_roster:Verdant+Bulldog Esports,Verdant,Bulldog Esports,0.0,0.0,2026-02-26,NLC,,skipped,,
1970-01-01 00:00:00+00:00,Arabian League|TBD|TBD|2026-02-26T19:00:00+00:00,2026-02-26T19:00:00+00:00,Arabian League,BO5,TBD,TBD,0.5,0.5,0.5,0.5,BetaCalibratedWrapper,no_roster:TBD+TBD,TBD,TBD,0.0,0.0,2026-02-26,ARABIAN LEAGUE,,skipped,,
1970-01-01 00:00:00+00:00,Esports Balkan League|TBD|TBD|2026-02-26T19:00:00+00:00,2026-02-26T19:00:00+00:00,Esports Balkan League,BO3,TBD,TBD,0.5,0.5,0.5,0.5,BetaCalibratedWrapper,no_roster:TBD+TBD,TBD,TBD,0.0,0.0,2026-02-26,ESPORTS BALKAN LEAGUE,,skipped,,
1970-01-01 00:00:00+00:00,Liga Portuguesa|TBD|TBD|2026-02-26T19:00:00+00:00,2026-02-26T19:00:00+00:00,Liga Portuguesa,BO5,TBD,TBD,0.5,0.5,0.5,0.5,BetaCalibratedWrapper,no_roster:TBD+TBD,TBD,TBD,0.0,0.0,2026-02-26,LIGA PORTUGUESA,,skipped,,
1970-01-01 00:00:00+00:00,NLC|La BOMBAS|DMG Esports|2026-02-26T19:00:00+00:00,2026-02-26T19:00:00+00:00,NLC,BO1,La BOMBAS,DMG Esports,0.5,0.5,0.5,0.5,BetaCalibratedWrapper,no_roster:La BOMBAS,La BOMBAS,G2 Esports,0.0,5.0,2026-02-26,NLC,,skipped,,
1970-01-01 00:00:00+00:00,Prime League|TBD|TBD|2026-02-26T19:30:00+00:00,2026-02-26T19:30:00+00:00,Prime League,BO3,TBD,TBD,0.5,0.5,0.5,0.5,BetaCalibratedWrapper,no_roster:TBD+TBD,TBD,TBD,0.0,0.0,2026-02-26,PRIME LEAGUE,,skipped,,
1970-01-01 00:00:00+00:00,Esports Balkan League|TBD|TBD|2026-02-26T20:00:00+00:00,2026-02-26T20:00:00+00:00,Esports Balkan League,BO3,TBD,TBD,0.5,0.5,0.5,0.5,BetaCalibratedWrapper,no_roster:TBD+TBD,TBD,TBD,0.0,0.0,2026-02-26,ESPORTS BALKAN LEAGUE,,skipped,,
1970-01-01 00:00:00+00:00,NLC|Lund Esports Organization|Ruddy Corporation|2026-02-26T20:00:00+00:00,2026-02-26T20:00:00+00:00,NLC,BO1,Lund Esports Organization,Ruddy Corporation,0.5,0.5,0.5,0.5,BetaCalibratedWrapper,no_roster:Lund Esports Organization+Ruddy Corporation,Lund Esports Organization,Ruddy Corporation,0.0,0.0,2026-02-26,NLC,,skipped,,
1970-01-01 00:00:00+00:00,NLC|Deer Gaming|Arctic Pandas|2026-02-26T21:00:00+00:00,2026-02-26T21:00:00+00:00,NLC,BO1,Deer Gaming,Arctic Pandas,0.5,0.5,0.5,0.5,BetaCalibratedWrapper,no_roster:Arctic Pandas,JD Gaming,Arctic Pandas,5.0,0.0,2026-02-26,NLC,,skipped,,
1970-01-01 00:00:00+00:00,NLC|Deer Gaming|Arctic Pandas Oy|2026-02-26T21:00:00+00:00,2026-02-26T21:00:00+00:00,NLC,BO1,Deer Gaming,Arctic Pandas Oy,0.5,0.5,0.5,0.5,BetaCalibratedWrapper,no_roster:Arctic Pandas Oy,JD Gaming,Arctic Pandas Oy,5.0,0.0,2026-02-26,NLC,,skipped,,
1970-01-01 00:00:00+00:00,Liga Portuguesa|TBD|TBD|2026-02-26T22:00:00+00:00,2026-02-26T22:00:00+00:00,Liga Portuguesa,BO3,TBD,TBD,0.5,0.5,0.5,0.5,BetaCalibratedWrapper,no_roster:TBD+TBD,TBD,TBD,0.0,0.0,2026-02-26,LIGA PORTUGUESA,,skipped,,
1970-01-01 00:00:00+00:00,LCP|Fukuoka SoftBank HAWKS gaming|Ground Zero Gaming|2026-02-27T06:00:00+00:00,2026-02-27T06:00:00+00:00,LCP,BO5,Fukuoka SoftBank HAWKS gaming,Ground Zero Gaming,0.3587590213634467,0.6412409786365533,0.3559027695220188,0.1354284460329506,BetaCalibratedWrapper,ok,Fukuoka SoftBank HAWKS gaming,Ground Zero Gaming,5.0,5.0,2026-02-27,LCP,,ok,Fukuoka SoftBank HAWKS gaming|Ground Zero Gaming,no
1970-01-01 00:00:00+00:00,LCP|TBD|TBD|2026-02-27T06:00:00+00:00,2026-02-27T06:00:00+00:00,LCP,BO5,TBD,TBD,0.5,0.5,0.5,0.5,BetaCalibratedWrapper,no_roster:TBD+TBD,TBD,TBD,0.0,0.0,2026-02-27,LCP,,skipped,,
1970-01-01 00:00:00+00:00,LCK|TBD|TBD|2026-02-27T08:00:00+00:00,2026-02-27T08:00:00+00:00,LCK,BO5,TBD,TBD,0.5,0.5,0.5,0.5,BetaCalibratedWrapper,no_roster:TBD+TBD,TBD,TBD,0.0,0.0,2026-02-27,LCK,,skipped,,
1970-01-01 00:00:00+00:00,LPL|TBD|TBD|2026-02-27T09:00:00+00:00,2026-02-27T09:00:00+00:00,LPL,BO5,TBD,TBD,0.5,0.5,0.5,0.5,BetaCalibratedWrapper,no_roster:TBD+TBD,TBD,TBD,0.0,0.0,2026-02-27,LPL,,skipped,,
1970-01-01 00:00:00+00:00,LEC|TBD|TBD|2026-02-27T16:00:00+00:00,2026-02-27T16:00:00+00:00,LEC,BO5,TBD,TBD,0.5,0.5,0.5,0.5,BetaCalibratedWrapper,no_roster:TBD+TBD,TBD,TBD,0.0,0.0,2026-02-27,LEC,,skipped,,
1970-01-01 00:00:00+00:00,LCS|TBD|TBD|2026-02-27T21:00:00+00:00,2026-02-27T21:00:00+00:00,LCS,BO5,TBD,TBD,0.5,0.5,0.5,0.5,BetaCalibratedWrapper,no_roster:TBD+TBD,TBD,TBD,0.0,0.0,2026-02-27,LCS,,skipped,,
1970-01-01 00:00:00+00:00,LCP|TBD|TBD|2026-02-28T06:00:00+00:00,2026-02-28T06:00:00+00:00,LCP,BO5,TBD,TBD,0.5,0.5,0.5,0.5,BetaCalibratedWrapper,no_roster:TBD+TBD,TBD,TBD,0.0,0.0,2026-02-28,LCP,,skipped,,
1970-01-01 00:00:00+00:00,LCK|TBD|TBD|2026-02-28T08:00:00+00:00,2026-02-28T08:00:00+00:00,LCK,BO5,TBD,TBD,0.5,0.5,0.5,0.5,BetaCalibratedWrapper,no_roster:TBD+TBD,TBD,TBD,0.0,0.0,2026-02-28,LCK,,skipped,,
1970-01-01 00:00:00+00:00,LPL|TBD|TBD|2026-02-28T09:00:00+00:00,2026-02-28T09:00:00+00:00,LPL,BO5,TBD,TBD,0.5,0.5,0.5,0.5,BetaCalibratedWrapper,no_roster:TBD+TBD,TBD,TBD,0.0,0.0,2026-02-28,LPL,,skipped,,
1970-01-01 00:00:00+00:00,Hellenic Legends League|TBD|TBD|2026-02-28T11:00:00+00:00,2026-02-28T11:00:00+00:00,Hellenic Legends League,BO5,TBD,TBD,0.5,0.5,0.5,0.5,BetaCalibratedWrapper,no_roster:TBD+TBD,TBD,TBD,0.0,0.0,2026-02-28,HELLENIC LEGENDS LEAGUE,,skipped,,
1970-01-01 00:00:00+00:00,CBLOL|TBD|TBD|2026-02-28T16:00:00+00:00,2026-02-28T16:00:00+00:00,CBLOL,BO5,TBD,TBD,0.5,0.5,0.5,0.5,BetaCalibratedWrapper,no_roster:TBD+TBD,TBD,TBD,0.0,0.0,2026-02-28,CBLOL,,skipped,,
1970-01-01 00:00:00+00:00,LEC|TBD|TBD|2026-02-28T16:00:00+00:00,2026-02-28T16:00:00+00:00,LEC,BO5,TBD,TBD,0.5,0.5,0.5,0.5,BetaCalibratedWrapper,no_roster:TBD+TBD,TBD,TBD,0.0,0.0,2026-02-28,LEC,,skipped,,
1970-01-01 00:00:00+00:00,LoL Italian Tournament|Colossal Gaming|HMBLE|2026-02-28T17:00:00+00:00,2026-02-28T17:00:00+00:00,LoL Italian Tournament,BO5,Colossal Gaming,HMBLE,0.5,0.5,0.5,0.5,BetaCalibratedWrapper,no_roster:Colossal Gaming+HMBLE,Colossal Gaming,HMBLE,0.0,0.0,2026-02-28,LOL ITALIAN TOURNAMENT,,skipped,,
1970-01-01 00:00:00+00:00,LoL Italian Tournament|TBD|TBD|2026-02-28T17:00:00+00:00,2026-02-28T17:00:00+00:00,LoL Italian Tournament,BO5,TBD,TBD,0.5,0.5,0.5,0.5,BetaCalibratedWrapper,no_roster:TBD+TBD,TBD,TBD,0.0,0.0,2026-02-28,LOL ITALIAN TOURNAMENT,,skipped,,
1970-01-01 00:00:00+00:00,LCS|TBD|TBD|2026-02-28T21:00:00+00:00,2026-02-28T21:00:00+00:00,LCS,BO5,TBD,TBD,0.5,0.5,0.5,0.5,BetaCalibratedWrapper,no_roster:TBD+TBD,TBD,TBD,0.0,0.0,2026-02-28,LCS,,skipped,,
1970-01-01 00:00:00+00:00,LCP|TBD|TBD|2026-03-01T06:00:00+00:00,2026-03-01T06:00:00+00:00,LCP,BO5,TBD,TBD,0.5,0.5,0.5,0.5,BetaCalibratedWrapper,no_roster:TBD+TBD,TBD,TBD,0.0,0.0,2026-03-01,LCP,,skipped,,
1970-01-01 00:00:00+00:00,LCK|TBD|TBD|2026-03-01T08:00:00+00:00,2026-03-01T08:00:00+00:00,LCK,BO5,TBD,TBD,0.5,0.5,0.5,0.5,BetaCalibratedWrapper,no_roster:TBD+TBD,TBD,TBD,0.0,0.0,2026-03-01,LCK,,skipped,,
1970-01-01 00:00:00+00:00,LPL|TBD|TBD|2026-03-01T09:00:00+00:00,2026-03-01T09:00:00+00:00,LPL,BO5,TBD,TBD,0.5,0.5,0.5,0.5,BetaCalibratedWrapper,no_roster:TBD+TBD,TBD,TBD,0.0,0.0,2026-03-01,LPL,,skipped,,
1970-01-01 00:00:00+00:00,CBLOL|TBD|TBD|2026-03-01T16:00:00+00:00,2026-03-01T16:00:00+00:00,CBLOL,BO5,TBD,TBD,0.5,0.5,0.5,0.5,BetaCalibratedWrapper,no_roster:TBD+TBD,TBD,TBD,0.0,0.0,2026-03-01,CBLOL,,skipped,,
1970-01-01 00:00:00+00:00,LEC|TBD|TBD|2026-03-01T16:00:00+00:00,2026-03-01T16:00:00+00:00,LEC,BO5,TBD,TBD,0.5,0.5,0.5,0.5,BetaCalibratedWrapper,no_roster:TBD+TBD,TBD,TBD,0.0,0.0,2026-03-01,LEC,,skipped,,
1970-01-01 00:00:00+00:00,LCS|TBD|TBD|2026-03-01T21:00:00+00:00,2026-03-01T21:00:00+00:00,LCS,BO5,TBD,TBD,0.5,0.5,0.5,0.5,BetaCalibratedWrapper,no_roster:TBD+TBD,TBD,TBD,0.0,0.0,2026-03-01,LCS,,skipped,,
1970-01-01 00:00:00+00:00,LCK Challengers|TBD|TBD|2026-03-02T08:00:00+00:00,2026-03-02T08:00:00+00:00,LCK Challengers,BO5,TBD,TBD,0.5,0.5,0.5,0.5,BetaCalibratedWrapper,no_roster:TBD+TBD,TBD,TBD,0.0,0.0,2026-03-02,LCK,,skipped,,
1970-01-01 00:00:00+00:00,LJL|DFM Academy|VARREL YOUTH|2026-03-02T08:00:00+00:00,2026-03-02T08:00:00+00:00,LJL,BO1,DFM Academy,VARREL YOUTH,0.5,0.5,0.5,0.3004400745823211,BetaCalibratedWrapper,no_roster:DFM Academy,DFM Academy,VARREL YOUTH,0.0,5.0,2026-03-02,LJL,,skipped,,
1970-01-01 00:00:00+00:00,LJL|FENNEL|NOVEX|2026-03-02T09:00:00+00:00,2026-03-02T09:00:00+00:00,LJL,BO1,FENNEL,NOVEX,0.5,0.5,0.5,0.6259774255290043,BetaCalibratedWrapper,no_roster:FENNEL,FENNEL,NOVEX,0.0,5.0,2026-03-02,LJL,,skipped,,
1970-01-01 00:00:00+00:00,LPL|TBD|TBD|2026-03-02T09:00:00+00:00,2026-03-02T09:00:00+00:00,LPL,BO5,TBD,TBD,0.5,0.5,0.5,0.5,BetaCalibratedWrapper,no_roster:TBD+TBD,TBD,TBD,0.0,0.0,2026-03-02,LPL,,skipped,,
1970-01-01 00:00:00+00:00,LJL|New Meta|Fast8|2026-03-02T10:00:00+00:00,2026-03-02T10:00:00+00:00,LJL,BO1,New Meta,Fast8,0.4763868802417363,0.5236131197582636,0.3302268526202701,0.6995599254176789,BetaCalibratedWrapper,ok,New Meta,Fast8,5.0,5.0,2026-03-02,LJL,ValueError: Roster vide : impossible d'agréger les features.,skipped,Fast8|New Meta,yes
1970-01-01 00:00:00+00:00,LJL|UWinks|Rising Gaming|2026-03-02T11:00:00+00:00,2026-03-02T11:00:00+00:00,LJL,BO1,UWinks,Rising Gaming,0.4081653166719027,0.5918346833280973,0.5,0.8891095599684877,BetaCalibratedWrapper,ok,Uwinks,Rising Gaming,5.0,5.0,2026-03-02,LJL,ValueError: Roster vide : impossible d'agréger les features.,skipped,Rising Gaming|Uwinks,yes
1970-01-01 00:00:00+00:00,LJL|Inferno Drive Tokyo|L Guide Gaming|2026-03-02T12:00:00+00:00,2026-03-02T12:00:00+00:00,LJL,BO1,Inferno Drive Tokyo,L Guide Gaming,0.6040811689816552,0.3959188310183448,0.6697731473797299,0.5,BetaCalibratedWrapper,ok,Inferno Drive Tokyo,L Guide Gaming,5.0,5.0,2026-03-02,LJL,ValueError: Roster vide : impossible d'agréger les features.,skipped,Inferno Drive Tokyo|L Guide Gaming,no
1970-01-01 00:00:00+00:00,LJL|Yang Yang Gaming|Clocks|2026-03-02T13:00:00+00:00,2026-03-02T13:00:00+00:00,LJL,BO1,Yang Yang Gaming,Clocks,0.2700517151032549,0.7299482848967451,0.1108904400315122,0.3740225744709957,BetaCalibratedWrapper,ok,Yang Yang Gaming,Clocks,5.0,5.0,2026-03-02,LJL,ValueError: Roster vide : impossible d'agréger les features.,skipped,Clocks|Yang Yang Gaming,yes
1970-01-01 00:00:00+00:00,LCK Challengers|TBD|TBD|2026-03-03T08:00:00+00:00,2026-03-03T08:00:00+00:00,LCK Challengers,BO5,TBD,TBD,0.5,0.5,0.5,0.5,BetaCalibratedWrapper,no_roster:TBD+TBD,TBD,TBD,0.0,0.0,2026-03-03,LCK,,skipped,,
1970-01-01 00:00:00+00:00,LJL|Yang Yang Gaming|NOVEX|2026-03-03T08:00:00+00:00,2026-03-03T08:00:00+00:00,LJL,BO1,Yang Yang Gaming,NOVEX,0.2284969693933833,0.7715030306066166,0.2700517151032549,0.5,BetaCalibratedWrapper,ok,Yang Yang Gaming,NOVEX,5.0,5.0,2026-03-03,LJL,ValueError: Roster vide : impossible d'agréger les features.,skipped,NOVEX|Yang Yang Gaming,yes
1970-01-01 00:00:00+00:00,LJL|DFM Academy|Fast8|2026-03-03T09:00:00+00:00,2026-03-03T09:00:00+00:00,LJL,BO1,DFM Academy,Fast8,0.5,0.5,0.5,0.5236131197582636,BetaCalibratedWrapper,no_roster:DFM Academy,DFM Academy,Fast8,0.0,5.0,2026-03-03,LJL,,skipped,,
1970-01-01 00:00:00+00:00,LPL|TBD|TBD|2026-03-03T09:00:00+00:00,2026-03-03T09:00:00+00:00,LPL,BO5,TBD,TBD,0.5,0.5,0.5,0.5,BetaCalibratedWrapper,no_roster:TBD+TBD,TBD,TBD,0.0,0.0,2026-03-03,LPL,,skipped,,
1970-01-01 00:00:00+00:00,LJL|FENNEL|Rising Gaming|2026-03-03T10:00:00+00:00,2026-03-03T10:00:00+00:00,LJL,BO1,FENNEL,Rising Gaming,0.5,0.5,0.5,0.5918346833280973,BetaCalibratedWrapper,no_roster:FENNEL,FENNEL,Rising Gaming,0.0,5.0,2026-03-03,LJL,,skipped,,
1970-01-01 00:00:00+00:00,LJL|VARREL YOUTH|Inferno Drive Tokyo|2026-03-03T11:00:00+00:00,2026-03-03T11:00:00+00:00,LJL,BO1,VARREL YOUTH,Inferno Drive Tokyo,0.1599842047943764,0.8400157952056235,0.5,0.6040811689816552,BetaCalibratedWrapper,ok,VARREL YOUTH,Inferno Drive Tokyo,5.0,5.0,2026-03-03,LJL,ValueError: Roster vide : impossible d'agréger les features.,skipped,Inferno Drive Tokyo|VARREL YOUTH,yes
1970-01-01 00:00:00+00:00,LJL|UWinks|Clocks|2026-03-03T12:00:00+00:00,2026-03-03T12:00:00+00:00,LJL,BO1,UWinks,Clocks,0.6221933024225277,0.3778066975774723,0.4081653166719027,0.7299482848967451,BetaCalibratedWrapper,ok,Uwinks,Clocks,5.0,5.0,2026-03-03,LJL,ValueError: Roster vide : impossible d'agréger les features.,skipped,Clocks|Uwinks,yes
1970-01-01 00:00:00+00:00,LJL|New Meta|L Guide Gaming|2026-03-03T13:00:00+00:00,2026-03-03T13:00:00+00:00,LJL,BO1,New Meta,L Guide Gaming,0.4126322953624808,0.5873677046375192,0.4763868802417363,0.3959188310183448,BetaCalibratedWrapper,ok,New Meta,L Guide Gaming,5.0,5.0,2026-03-03,LJL,ValueError: Roster vide : impossible d'agréger les features.,skipped,L Guide Gaming|New Meta,yes
1970-01-01 00:00:00+00:00,Hitpoint Masters|TBD|TBD|2026-03-03T16:00:00+00:00,2026-03-03T16:00:00+00:00,Hitpoint Masters,BO5,TBD,TBD,0.5,0.5,0.5,0.5,BetaCalibratedWrapper,no_roster:TBD+TBD,TBD,TBD,0.0,0.0,2026-03-03,HITPOINT MASTERS,,skipped,,
1970-01-01 00:00:00+00:00,Esports Balkan League|TBD|TBD|2026-03-03T17:00:00+00:00,2026-03-03T17:00:00+00:00,Esports Balkan League,BO3,TBD,TBD,0.5,0.5,0.5,0.5,BetaCalibratedWrapper,no_roster:TBD+TBD,TBD,TBD,0.0,0.0,2026-03-03,ESPORTS BALKAN LEAGUE,,skipped,,
1970-01-01 00:00:00+00:00,Prime League|TBD|TBD|2026-03-03T17:00:00+00:00,2026-03-03T17:00:00+00:00,Prime League,BO5,TBD,TBD,0.5,0.5,0.5,0.5,BetaCalibratedWrapper,no_roster:TBD+TBD,TBD,TBD,0.0,0.0,2026-03-03,PRIME LEAGUE,,skipped,,
1970-01-01 00:00:00+00:00,Esports Balkan League|TBD|TBD|2026-03-03T18:00:00+00:00,2026-03-03T18:00:00+00:00,Esports Balkan League,BO3,TBD,TBD,0.5,0.5,0.5,0.5,BetaCalibratedWrapper,no_roster:TBD+TBD,TBD,TBD,0.0,0.0,2026-03-03,ESPORTS BALKAN LEAGUE,,skipped,,
1970-01-01 00:00:00+00:00,Esports Balkan League|TBD|TBD|2026-03-03T19:00:00+00:00,2026-03-03T19:00:00+00:00,Esports Balkan League,BO3,TBD,TBD,0.5,0.5,0.5,0.5,BetaCalibratedWrapper,no_roster:TBD+TBD,TBD,TBD,0.0,0.0,2026-03-03,ESPORTS BALKAN LEAGUE,,skipped,,
1970-01-01 00:00:00+00:00,Esports Balkan League|TBD|TBD|2026-03-03T20:00:00+00:00,2026-03-03T20:00:00+00:00,Esports Balkan League,BO3,TBD,TBD,0.5,0.5,0.5,0.5,BetaCalibratedWrapper,no_roster:TBD+TBD,TBD,TBD,0.0,0.0,2026-03-03,ESPORTS BALKAN LEAGUE,,skipped,,
1970-01-01 00:00:00+00:00,LPL|TBD|TBD|2026-03-04T09:00:00+00:00,2026-03-04T09:00:00+00:00,LPL,BO5,TBD,TBD,0.5,0.5,0.5,0.5,BetaCalibratedWrapper,no_roster:TBD+TBD,TBD,TBD,0.0,0.0,2026-03-04,LPL,,skipped,,
1970-01-01 00:00:00+00:00,Esports Balkan League|TBD|TBD|2026-03-04T17:00:00+00:00,2026-03-04T17:00:00+00:00,Esports Balkan League,BO3,TBD,TBD,0.5,0.5,0.5,0.5,BetaCalibratedWrapper,no_roster:TBD+TBD,TBD,TBD,0.0,0.0,2026-03-04,ESPORTS BALKAN LEAGUE,,skipped,,
1970-01-01 00:00:00+00:00,NLC|TBD|TBD|2026-03-04T17:00:00+00:00,2026-03-04T17:00:00+00:00,NLC,BO5,TBD,TBD,0.5,0.5,0.5,0.5,BetaCalibratedWrapper,no_roster:TBD+TBD,TBD,TBD,0.0,0.0,2026-03-04,NLC,,skipped,,
1970-01-01 00:00:00+00:00,Prime League|TBD|TBD|2026-03-04T17:00:00+00:00,2026-03-04T17:00:00+00:00,Prime League,BO5,TBD,TBD,0.5,0.5,0.5,0.5,BetaCalibratedWrapper,no_roster:TBD+TBD,TBD,TBD,0.0,0.0,2026-03-04,PRIME LEAGUE,,skipped,,
1970-01-01 00:00:00+00:00,Esports Balkan League|TBD|TBD|2026-03-04T18:00:00+00:00,2026-03-04T18:00:00+00:00,Esports Balkan League,BO3,TBD,TBD,0.5,0.5,0.5,0.5,BetaCalibratedWrapper,no_roster:TBD+TBD,TBD,TBD,0.0,0.0,2026-03-04,ESPORTS BALKAN LEAGUE,,skipped,,
1970-01-01 00:00:00+00:00,Esports Balkan League|TBD|TBD|2026-03-04T19:00:00+00:00,2026-03-04T19:00:00+00:00,Esports Balkan League,BO3,TBD,TBD,0.5,0.5,0.5,0.5,BetaCalibratedWrapper,no_roster:TBD+TBD,TBD,TBD,0.0,0.0,2026-03-04,ESPORTS BALKAN LEAGUE,,skipped,,
1970-01-01 00:00:00+00:00,Esports Balkan League|TBD|TBD|2026-03-04T20:00:00+00:00,2026-03-04T20:00:00+00:00,Esports Balkan League,BO3,TBD,TBD,0.5,0.5,0.5,0.5,BetaCalibratedWrapper,no_roster:TBD+TBD,TBD,TBD,0.0,0.0,2026-03-04,ESPORTS BALKAN LEAGUE,,skipped,,
1970-01-01 00:00:00+00:00,Americas Cup|TBD|TBD|2026-03-04T21:00:00+00:00,2026-03-04T21:00:00+00:00,Americas Cup,BO3,TBD,TBD,0.5,0.5,0.5,0.5,BetaCalibratedWrapper,no_roster:TBD+TBD,TBD,TBD,0.0,0.0,2026-03-04,AMERICAS CUP,,skipped,,
1970-01-01 00:00:00+00:00,LPL|TBD|TBD|2026-03-05T09:00:00+00:00,2026-03-05T09:00:00+00:00,LPL,BO5,TBD,TBD,0.5,0.5,0.5,0.5,BetaCalibratedWrapper,no_roster:TBD+TBD,TBD,TBD,0.0,0.0,2026-03-05,LPL,,skipped,,
1970-01-01 00:00:00+00:00,Hitpoint Masters|TBD|TBD|2026-03-05T16:00:00+00:00,2026-03-05T16:00:00+00:00,Hitpoint Masters,BO5,TBD,TBD,0.5,0.5,0.5,0.5,BetaCalibratedWrapper,no_roster:TBD+TBD,TBD,TBD,0.0,0.0,2026-03-05,HITPOINT MASTERS,,skipped,,
1970-01-01 00:00:00+00:00,Rift Legends|TBD|TBD|2026-03-05T16:00:00+00:00,2026-03-05T16:00:00+00:00,Rift Legends,BO5,TBD,TBD,0.5,0.5,0.5,0.5,BetaCalibratedWrapper,no_roster:TBD+TBD,TBD,TBD,0.0,0.0,2026-03-05,RIFT LEGENDS,,skipped,,
1970-01-01 00:00:00+00:00,Esports Balkan League|TBD|TBD|2026-03-05T17:00:00+00:00,2026-03-05T17:00:00+00:00,Esports Balkan League,BO5,TBD,TBD,0.5,0.5,0.5,0.5,BetaCalibratedWrapper,no_roster:TBD+TBD,TBD,TBD,0.0,0.0,2026-03-05,ESPORTS BALKAN LEAGUE,,skipped,,
1970-01-01 00:00:00+00:00,NLC|TBD|TBD|2026-03-05T17:00:00+00:00,2026-03-05T17:00:00+00:00,NLC,BO5,TBD,TBD,0.5,0.5,0.5,0.5,BetaCalibratedWrapper,no_roster:TBD+TBD,TBD,TBD,0.0,0.0,2026-03-05,NLC,,skipped,,
1970-01-01 00:00:00+00:00,Prime League|TBD|TBD|2026-03-05T17:00:00+00:00,2026-03-05T17:00:00+00:00,Prime League,BO5,TBD,TBD,0.5,0.5,0.5,0.5,BetaCalibratedWrapper,no_roster:TBD+TBD,TBD,TBD,0.0,0.0,2026-03-05,PRIME LEAGUE,,skipped,,
1970-01-01 00:00:00+00:00,Esports Balkan League|TBD|TBD|2026-03-05T18:00:00+00:00,2026-03-05T18:00:00+00:00,Esports Balkan League,BO5,TBD,TBD,0.5,0.5,0.5,0.5,BetaCalibratedWrapper,no_roster:TBD+TBD,TBD,TBD,0.0,0.0,2026-03-05,ESPORTS BALKAN LEAGUE,,skipped,,
1970-01-01 00:00:00+00:00,Liga Portuguesa|TBD|TBD|2026-03-05T19:00:00+00:00,2026-03-05T19:00:00+00:00,Liga Portuguesa,BO5,TBD,TBD,0.5,0.5,0.5,0.5,BetaCalibratedWrapper,no_roster:TBD+TBD,TBD,TBD,0.0,0.0,2026-03-05,LIGA PORTUGUESA,,skipped,,
1970-01-01 00:00:00+00:00,Americas Cup|TBD|TBD|2026-03-05T21:00:00+00:00,2026-03-05T21:00:00+00:00,Americas Cup,BO5,TBD,TBD,0.5,0.5,0.5,0.5,BetaCalibratedWrapper,no_roster:TBD+TBD,TBD,TBD,0.0,0.0,2026-03-05,AMERICAS CUP,,skipped,,
1970-01-01 00:00:00+00:00,Rift Legends|TBD|TBD|2026-03-06T16:00:00+00:00,2026-03-06T16:00:00+00:00,Rift Legends,BO5,TBD,TBD,0.5,0.5,0.5,0.5,BetaCalibratedWrapper,no_roster:TBD+TBD,TBD,TBD,0.0,0.0,2026-03-06,RIFT LEGENDS,,skipped,,
1970-01-01 00:00:00+00:00,Esports Balkan League|TBD|TBD|2026-03-06T17:00:00+00:00,2026-03-06T17:00:00+00:00,Esports Balkan League,BO5,TBD,TBD,0.5,0.5,0.5,0.5,BetaCalibratedWrapper,no_roster:TBD+TBD,TBD,TBD,0.0,0.0,2026-03-06,ESPORTS BALKAN LEAGUE,,skipped,,
1970-01-01 00:00:00+00:00,NLC|TBD|TBD|2026-03-06T17:00:00+00:00,2026-03-06T17:00:00+00:00,NLC,BO5,TBD,TBD,0.5,0.5,0.5,0.5,BetaCalibratedWrapper,no_roster:TBD+TBD,TBD,TBD,0.0,0.0,2026-03-06,NLC,,skipped,,
1970-01-01 00:00:00+00:00,Prime League|TBD|TBD|2026-03-06T17:00:00+00:00,2026-03-06T17:00:00+00:00,Prime League,BO5,TBD,TBD,0.5,0.5,0.5,0.5,BetaCalibratedWrapper,no_roster:TBD+TBD,TBD,TBD,0.0,0.0,2026-03-06,PRIME LEAGUE,,skipped,,
1970-01-01 00:00:00+00:00,Esports Balkan League|TBD|TBD|2026-03-06T18:00:00+00:00,2026-03-06T18:00:00+00:00,Esports Balkan League,BO5,TBD,TBD,0.5,0.5,0.5,0.5,BetaCalibratedWrapper,no_roster:TBD+TBD,TBD,TBD,0.0,0.0,2026-03-06,ESPORTS BALKAN LEAGUE,,skipped,,
1970-01-01 00:00:00+00:00,Liga Portuguesa|TBD|TBD|2026-03-06T19:00:00+00:00,2026-03-06T19:00:00+00:00,Liga Portuguesa,BO5,TBD,TBD,0.5,0.5,0.5,0.5,BetaCalibratedWrapper,no_roster:TBD+TBD,TBD,TBD,0.0,0.0,2026-03-06,LIGA PORTUGUESA,,skipped,,
1970-01-01 00:00:00+00:00,Americas Cup|TBD|TBD|2026-03-06T21:00:00+00:00,2026-03-06T21:00:00+00:00,Americas Cup,BO5,TBD,TBD,0.5,0.5,0.5,0.5,BetaCalibratedWrapper,no_roster:TBD+TBD,TBD,TBD,0.0,0.0,2026-03-06,AMERICAS CUP,,skipped,,
1970-01-01 00:00:00+00:00,LPL|TBD|TBD|2026-03-07T09:00:00+00:00,2026-03-07T09:00:00+00:00,LPL,BO5,TBD,TBD,0.5,0.5,0.5,0.5,BetaCalibratedWrapper,no_roster:TBD+TBD,TBD,TBD,0.0,0.0,2026-03-07,LPL,,skipped,,
1970-01-01 00:00:00+00:00,Hitpoint Masters|TBD|TBD|2026-03-07T16:00:00+00:00,2026-03-07T16:00:00+00:00,Hitpoint Masters,BO5,TBD,TBD,0.5,0.5,0.5,0.5,BetaCalibratedWrapper,no_roster:TBD+TBD,TBD,TBD,0.0,0.0,2026-03-07,HITPOINT MASTERS,,skipped,,
1970-01-01 00:00:00+00:00,Rift Legends|TBD|TBD|2026-03-07T16:00:00+00:00,2026-03-07T16:00:00+00:00,Rift Legends,BO5,TBD,TBD,0.5,0.5,0.5,0.5,BetaCalibratedWrapper,no_roster:TBD+TBD,TBD,TBD,0.0,0.0,2026-03-07,RIFT LEGENDS,,skipped,,
1970-01-01 00:00:00+00:00,NLC|TBD|TBD|2026-03-07T17:00:00+00:00,2026-03-07T17:00:00+00:00,NLC,BO5,TBD,TBD,0.5,0.5,0.5,0.5,BetaCalibratedWrapper,no_roster:TBD+TBD,TBD,TBD,0.0,0.0,2026-03-07,NLC,,skipped,,
1970-01-01 00:00:00+00:00,Americas Cup|TBD|TBD|2026-03-07T19:00:00+00:00,2026-03-07T19:00:00+00:00,Americas Cup,BO5,TBD,TBD,0.5,0.5,0.5,0.5,BetaCalibratedWrapper,no_roster:TBD+TBD,TBD,TBD,0.0,0.0,2026-03-07,AMERICAS CUP,,skipped,,
1970-01-01 00:00:00+00:00,LPL|TBD|TBD|2026-03-08T09:00:00+00:00,2026-03-08T09:00:00+00:00,LPL,BO5,TBD,TBD,0.5,0.5,0.5,0.5,BetaCalibratedWrapper,no_roster:TBD+TBD,TBD,TBD,0.0,0.0,2026-03-08,LPL,,skipped,,
1970-01-01 00:00:00+00:00,Americas Cup|TBD|TBD|2026-03-08T19:00:00+00:00,2026-03-08T19:00:00+00:00,Americas Cup,BO5,TBD,TBD,0.5,0.5,0.5,0.5,BetaCalibratedWrapper,no_roster:TBD+TBD,TBD,TBD,0.0,0.0,2026-03-08,AMERICAS CUP,,skipped,,
1970-01-01 00:00:00+00:00,Liga Portuguesa|TBD|TBD|2026-03-13T19:00:00+00:00,2026-03-13T19:00:00+00:00,Liga Portuguesa,BO5,TBD,TBD,0.5,0.5,0.5,0.5,BetaCalibratedWrapper,no_roster:TBD+TBD,TBD,TBD,0.0,0.0,2026-03-13,LIGA PORTUGUESA,,skipped,,
1970-01-01 00:00:00+00:00,Circuito Desafiante|TBD|TBD|2026-04-27T20:00:00+00:00,2026-04-27T20:00:00+00:00,Circuito Desafiante,BO3,TBD,TBD,0.5,0.5,0.5,0.5,BetaCalibratedWrapper,no_roster:TBD+TBD,TBD,TBD,0.0,0.0,2026-04-27,CIRCUITO DESAFIANTE,,skipped,,
1970-01-01 00:00:00+00:00,Circuito Desafiante|TBD|TBD|2026-04-27T23:00:00+00:00,2026-04-27T23:00:00+00:00,Circuito Desafiante,BO3,TBD,TBD,0.5,0.5,0.5,0.5,BetaCalibratedWrapper,no_roster:TBD+TBD,TBD,TBD,0.0,0.0,2026-04-27,CIRCUITO DESAFIANTE,,skipped,,
1970-01-01 00:00:00+00:00,Circuito Desafiante|TBD|TBD|2026-04-28T20:00:00+00:00,2026-04-28T20:00:00+00:00,Circuito Desafiante,BO5,TBD,TBD,0.5,0.5,0.5,0.5,BetaCalibratedWrapper,no_roster:TBD+TBD,TBD,TBD,0.0,0.0,2026-04-28,CIRCUITO DESAFIANTE,,skipped,,
1970-01-01 00:00:00+00:00,Circuito Desafiante|TBD|TBD|2026-05-04T20:00:00+00:00,2026-05-04T20:00:00+00:00,Circuito Desafiante,BO3,TBD,TBD,0.5,0.5,0.5,0.5,BetaCalibratedWrapper,no_roster:TBD+TBD,TBD,TBD,0.0,0.0,2026-05-04,CIRCUITO DESAFIANTE,,skipped,,
1970-01-01 00:00:00+00:00,Circuito Desafiante|TBD|TBD|2026-05-04T23:00:00+00:00,2026-05-04T23:00:00+00:00,Circuito Desafiante,BO3,TBD,TBD,0.5,0.5,0.5,0.5,BetaCalibratedWrapper,no_roster:TBD+TBD,TBD,TBD,0.0,0.0,2026-05-04,CIRCUITO DESAFIANTE,,skipped,,
1970-01-01 00:00:00+00:00,Circuito Desafiante|TBD|TBD|2026-05-05T20:00:00+00:00,2026-05-05T20:00:00+00:00,Circuito Desafiante,BO3,TBD,TBD,0.5,0.5,0.5,0.5,BetaCalibratedWrapper,no_roster:TBD+TBD,TBD,TBD,0.0,0.0,2026-05-05,CIRCUITO DESAFIANTE,,skipped,,
1970-01-01 00:00:00+00:00,Circuito Desafiante|TBD|TBD|2026-05-05T23:00:00+00:00,2026-05-05T23:00:00+00:00,Circuito Desafiante,BO3,TBD,TBD,0.5,0.5,0.5,0.5,BetaCalibratedWrapper,no_roster:TBD+TBD,TBD,TBD,0.0,0.0,2026-05-05,CIRCUITO DESAFIANTE,,skipped,,
1970-01-01 00:00:00+00:00,Circuito Desafiante|TBD|TBD|2026-05-11T20:00:00+00:00,2026-05-11T20:00:00+00:00,Circuito Desafiante,BO5,TBD,TBD,0.5,0.5,0.5,0.5,BetaCalibratedWrapper,no_roster:TBD+TBD,TBD,TBD,0.0,0.0,2026-05-11,CIRCUITO DESAFIANTE,,skipped,,
1970-01-01 00:00:00+00:00,Circuito Desafiante|TBD|TBD|2026-05-12T20:00:00+00:00,2026-05-12T20:00:00+00:00,Circuito Desafiante,BO5,TBD,TBD,0.5,0.5,0.5,0.5,BetaCalibratedWrapper,no_roster:TBD+TBD,TBD,TBD,0.0,0.0,2026-05-12,CIRCUITO DESAFIANTE,,skipped,,
1970-01-01 00:00:00+00:00,Circuito Desafiante|TBD|TBD|2026-05-13T20:00:00+00:00,2026-05-13T20:00:00+00:00,Circuito Desafiante,BO5,TBD,TBD,0.5,0.5,0.5,0.5,BetaCalibratedWrapper,no_roster:TBD+TBD,TBD,TBD,0.0,0.0,2026-05-13,CIRCUITO DESAFIANTE,,skipped,,
1970-01-01 00:00:00+00:00,Circuito Desafiante|TBD|TBD|2026-05-18T20:00:00+00:00,2026-05-18T20:00:00+00:00,Circuito Desafiante,BO5,TBD,TBD,0.5,0.5,0.5,0.5,BetaCalibratedWrapper,no_roster:TBD+TBD,TBD,TBD,0.0,0.0,2026-05-18,CIRCUITO DESAFIANTE,,skipped,,
1970-01-01 00:00:00+00:00,Circuito Desafiante|TBD|TBD|2026-05-19T20:00:00+00:00,2026-05-19T20:00:00+00:00,Circuito Desafiante,BO5,TBD,TBD,0.5,0.5,0.5,0.5,BetaCalibratedWrapper,no_roster:TBD+TBD,TBD,TBD,0.0,0.0,2026-05-19,CIRCUITO DESAFIANTE,,skipped,,
1970-01-01 00:00:00+00:00,Circuito Desafiante|TBD|TBD|2026-05-26T20:00:00+00:00,2026-05-26T20:00:00+00:00,Circuito Desafiante,BO5,TBD,TBD,0.5,0.5,0.5,0.5,BetaCalibratedWrapper,no_roster:TBD+TBD,TBD,TBD,0.0,0.0,2026-05-26,CIRCUITO DESAFIANTE,,skipped,,
1970-01-01 00:00:00+00:00,Circuito Desafiante|TBD|TBD|2026-05-27T20:00:00+00:00,2026-05-27T20:00:00+00:00,Circuito Desafiante,BO5,TBD,TBD,0.5,0.5,0.5,0.5,BetaCalibratedWrapper,no_roster:TBD+TBD,TBD,TBD,0.0,0.0,2026-05-27,CIRCUITO DESAFIANTE,,skipped,,
1970-01-01 00:00:00+00:00,Circuito Desafiante|TBD|TBD|2026-06-07T16:00:00+00:00,2026-06-07T16:00:00+00:00,Circuito Desafiante,BO5,TBD,TBD,0.5,0.5,0.5,0.5,BetaCalibratedWrapper,no_roster:TBD+TBD,TBD,TBD,0.0,0.0,2026-06-07,CIRCUITO DESAFIANTE,,skipped,,
